_id,sensor_id,date,quality,heart_rate
1,4,2016-03-14 16:00:48.017,ACQUIRING,70
2,4,2016-03-14 16:00:49.012,ACQUIRING,70
3,4,2016-03-14 16:00:49.992,ACQUIRING,70
4,4,2016-03-14 16:00:50.993,ACQUIRING,70
5,4,2016-03-14 16:00:52.014,ACQUIRING,70
6,4,2016-03-14 16:00:53.014,ACQUIRING,70
7,4,2016-03-14 16:00:53.994,ACQUIRING,70
8,4,2016-03-14 16:00:54.999,ACQUIRING,70
9,4,2016-03-14 16:00:55.993,ACQUIRING,70
10,4,2016-03-14 16:00:56.962,ACQUIRING,70
11,4,2016-03-14 16:00:57.963,ACQUIRING,70
12,4,2016-03-14 16:00:58.987,ACQUIRING,70
13,4,2016-03-14 16:00:59.959,ACQUIRING,70
14,4,2016-03-14 16:01:00.968,ACQUIRING,70
15,4,2016-03-14 16:01:01.952,ACQUIRING,70
16,4,2016-03-14 16:01:02.963,ACQUIRING,70
17,4,2016-03-14 16:01:03.962,ACQUIRING,70
18,4,2016-03-14 16:01:04.962,ACQUIRING,70
19,4,2016-03-14 16:01:05.950,ACQUIRING,70
20,4,2016-03-14 16:01:06.938,ACQUIRING,70
21,4,2016-03-14 16:01:07.950,ACQUIRING,70
22,4,2016-03-14 16:01:08.920,ACQUIRING,70
23,4,2016-03-14 16:01:09.920,ACQUIRING,70
24,4,2016-03-14 16:01:10.947,ACQUIRING,70
25,4,2016-03-14 16:01:11.922,ACQUIRING,70
26,4,2016-03-14 16:01:12.912,ACQUIRING,70
27,4,2016-03-14 16:01:13.912,ACQUIRING,70
28,4,2016-03-14 16:01:14.920,ACQUIRING,70
29,4,2016-03-14 16:01:15.912,ACQUIRING,70
30,4,2016-03-14 16:01:16.895,ACQUIRING,70
31,4,2016-03-14 16:01:17.889,ACQUIRING,70
32,4,2016-03-14 16:01:18.886,ACQUIRING,72
33,4,2016-03-14 16:01:19.887,ACQUIRING,72
34,4,2016-03-14 16:01:20.893,ACQUIRING,73
35,4,2016-03-14 16:01:21.886,ACQUIRING,74
36,4,2016-03-14 16:01:22.887,ACQUIRING,73
37,4,2016-03-14 16:01:23.861,ACQUIRING,73
38,4,2016-03-14 16:01:24.863,ACQUIRING,73
39,4,2016-03-14 16:01:25.870,ACQUIRING,72
40,4,2016-03-14 16:01:26.874,ACQUIRING,73
41,4,2016-03-14 16:01:27.869,ACQUIRING,74
42,4,2016-03-14 16:01:28.843,ACQUIRING,74
43,4,2016-03-14 16:01:29.844,ACQUIRING,74
44,4,2016-03-14 16:01:30.836,ACQUIRING,74
45,4,2016-03-14 16:01:31.842,ACQUIRING,75
46,4,2016-03-14 16:01:32.843,ACQUIRING,75
47,4,2016-03-14 16:01:33.844,ACQUIRING,76
48,4,2016-03-14 16:01:34.825,ACQUIRING,75
49,4,2016-03-14 16:01:35.839,ACQUIRING,76
50,4,2016-03-14 16:01:36.821,ACQUIRING,76
51,4,2016-03-14 16:01:37.820,ACQUIRING,76
52,4,2016-03-14 16:01:38.819,ACQUIRING,76
53,4,2016-03-14 16:01:39.817,ACQUIRING,77
54,4,2016-03-14 16:01:40.792,ACQUIRING,77
55,4,2016-03-14 16:01:41.792,ACQUIRING,79
56,4,2016-03-14 16:01:42.812,ACQUIRING,79
57,4,2016-03-14 16:01:43.812,ACQUIRING,78
58,4,2016-03-14 16:01:44.792,ACQUIRING,77
59,4,2016-03-14 16:01:45.793,ACQUIRING,77
60,4,2016-03-14 16:01:46.767,ACQUIRING,77
61,4,2016-03-14 16:01:47.787,ACQUIRING,78
62,4,2016-03-14 16:01:48.768,ACQUIRING,78
63,4,2016-03-14 16:01:49.768,ACQUIRING,78
64,4,2016-03-14 16:01:50.792,ACQUIRING,78
65,4,2016-03-14 16:01:51.746,ACQUIRING,77
66,4,2016-03-14 16:01:52.743,ACQUIRING,78
67,4,2016-03-14 16:01:53.743,ACQUIRING,78
68,4,2016-03-14 16:01:54.742,ACQUIRING,78
69,4,2016-03-14 16:01:55.742,ACQUIRING,78
70,4,2016-03-14 16:01:56.744,ACQUIRING,78
71,4,2016-03-14 16:01:57.737,ACQUIRING,78
72,4,2016-03-14 16:01:58.742,ACQUIRING,78
73,4,2016-03-14 16:01:59.718,ACQUIRING,76
74,4,2016-03-14 16:02:00.712,ACQUIRING,76
75,4,2016-03-14 16:02:01.718,ACQUIRING,76
76,4,2016-03-14 16:02:02.712,ACQUIRING,76
77,4,2016-03-14 16:02:03.712,ACQUIRING,76
78,4,2016-03-14 16:02:04.718,ACQUIRING,76
79,4,2016-03-14 16:02:05.718,ACQUIRING,76
80,4,2016-03-14 16:02:06.699,ACQUIRING,76
81,4,2016-03-14 16:02:07.700,ACQUIRING,76
82,4,2016-03-14 16:02:08.687,ACQUIRING,76
83,4,2016-03-14 16:02:09.681,ACQUIRING,76
84,4,2016-03-14 16:02:10.693,ACQUIRING,76
85,4,2016-03-14 16:02:11.687,ACQUIRING,76
86,4,2016-03-14 16:02:12.670,ACQUIRING,76
87,4,2016-03-14 16:02:13.670,ACQUIRING,76
88,4,2016-03-14 16:02:14.661,ACQUIRING,76
89,4,2016-03-14 16:02:15.667,ACQUIRING,76
90,4,2016-03-14 16:02:16.670,ACQUIRING,76
91,4,2016-03-14 16:02:17.672,ACQUIRING,76
92,4,2016-03-14 16:02:18.642,ACQUIRING,76
93,4,2016-03-14 16:02:19.642,ACQUIRING,76
94,4,2016-03-14 16:02:20.643,ACQUIRING,74
95,4,2016-03-14 16:02:21.645,ACQUIRING,74
96,4,2016-03-14 16:02:22.636,ACQUIRING,74
97,4,2016-03-14 16:02:23.644,ACQUIRING,75
98,4,2016-03-14 16:02:24.620,ACQUIRING,76
99,4,2016-03-14 16:02:25.618,ACQUIRING,77
100,4,2016-03-14 16:02:26.622,ACQUIRING,78
101,4,2016-03-14 16:02:27.618,ACQUIRING,78
102,4,2016-03-14 16:02:28.617,ACQUIRING,78
103,4,2016-03-14 16:02:29.612,ACQUIRING,78
104,4,2016-03-14 16:02:30.619,ACQUIRING,78
105,4,2016-03-14 16:02:31.593,ACQUIRING,78
106,4,2016-03-14 16:02:32.595,ACQUIRING,78
107,4,2016-03-14 16:02:33.586,ACQUIRING,80
108,4,2016-03-14 16:02:34.586,ACQUIRING,80
109,4,2016-03-14 16:02:35.586,ACQUIRING,79
110,4,2016-03-14 16:02:36.586,ACQUIRING,80
111,4,2016-03-14 16:02:37.593,ACQUIRING,81
112,4,2016-03-14 16:02:38.568,ACQUIRING,81
113,4,2016-03-14 16:02:39.576,ACQUIRING,80
114,4,2016-03-14 16:02:40.561,ACQUIRING,81
115,4,2016-03-14 16:02:41.576,ACQUIRING,80
116,4,2016-03-14 16:02:42.567,ACQUIRING,80
117,4,2016-03-14 16:02:43.568,ACQUIRING,80
118,4,2016-03-14 16:02:44.537,ACQUIRING,80
119,4,2016-03-14 16:02:45.542,ACQUIRING,78
120,4,2016-03-14 16:02:46.537,ACQUIRING,78
121,4,2016-03-14 16:02:47.537,ACQUIRING,79
122,4,2016-03-14 16:02:48.542,ACQUIRING,79
123,4,2016-03-14 16:02:49.546,ACQUIRING,78
124,4,2016-03-14 16:02:50.527,ACQUIRING,78
125,4,2016-03-14 16:02:51.517,ACQUIRING,79
126,4,2016-03-14 16:02:52.517,ACQUIRING,79
127,4,2016-03-14 16:02:53.518,ACQUIRING,79
128,4,2016-03-14 16:02:54.521,ACQUIRING,78
129,4,2016-03-14 16:02:55.518,ACQUIRING,78
130,4,2016-03-14 16:02:56.492,ACQUIRING,78
131,4,2016-03-14 16:02:57.493,ACQUIRING,78
132,4,2016-03-14 16:02:58.487,ACQUIRING,78
133,4,2016-03-14 16:02:59.492,ACQUIRING,79
134,4,2016-03-14 16:03:00.494,ACQUIRING,78
135,4,2016-03-14 16:03:01.491,ACQUIRING,79
136,4,2016-03-14 16:03:02.472,ACQUIRING,80
137,4,2016-03-14 16:03:03.488,ACQUIRING,79
138,4,2016-03-14 16:03:04.467,ACQUIRING,79
139,4,2016-03-14 16:03:05.473,ACQUIRING,79
140,4,2016-03-14 16:03:06.467,ACQUIRING,80
141,4,2016-03-14 16:03:07.467,ACQUIRING,79
142,4,2016-03-14 16:03:08.465,ACQUIRING,79
143,4,2016-03-14 16:03:09.442,ACQUIRING,79
144,4,2016-03-14 16:03:10.445,ACQUIRING,80
145,4,2016-03-14 16:03:11.449,ACQUIRING,80
146,4,2016-03-14 16:03:12.446,ACQUIRING,80
147,4,2016-03-14 16:03:13.444,ACQUIRING,80
148,4,2016-03-14 16:03:14.442,ACQUIRING,80
149,4,2016-03-14 16:03:15.441,ACQUIRING,80
150,4,2016-03-14 16:03:16.417,ACQUIRING,77
151,4,2016-03-14 16:03:17.411,ACQUIRING,77
152,4,2016-03-14 16:03:18.411,ACQUIRING,77
153,4,2016-03-14 16:03:19.418,ACQUIRING,78
154,4,2016-03-14 16:03:20.412,ACQUIRING,78
155,4,2016-03-14 16:03:21.424,ACQUIRING,78
156,4,2016-03-14 16:03:22.398,ACQUIRING,78
157,4,2016-03-14 16:03:23.411,ACQUIRING,79
158,4,2016-03-14 16:03:24.392,ACQUIRING,79
159,4,2016-03-14 16:03:25.393,ACQUIRING,78
160,4,2016-03-14 16:03:26.395,ACQUIRING,78
161,4,2016-03-14 16:03:27.391,ACQUIRING,77
162,4,2016-03-14 16:03:28.386,ACQUIRING,76
163,4,2016-03-14 16:03:29.377,ACQUIRING,77
164,4,2016-03-14 16:03:30.362,ACQUIRING,77
165,4,2016-03-14 16:03:31.362,ACQUIRING,77
166,4,2016-03-14 16:03:32.369,ACQUIRING,78
167,4,2016-03-14 16:03:33.370,ACQUIRING,76
168,4,2016-03-14 16:03:34.368,ACQUIRING,76
169,4,2016-03-14 16:03:35.343,ACQUIRING,76
170,4,2016-03-14 16:03:36.344,ACQUIRING,76
171,4,2016-03-14 16:03:37.345,ACQUIRING,76
172,4,2016-03-14 16:03:38.342,ACQUIRING,76
173,4,2016-03-14 16:03:39.337,ACQUIRING,75
174,4,2016-03-14 16:03:40.336,ACQUIRING,75
175,4,2016-03-14 16:03:41.324,ACQUIRING,77
176,4,2016-03-14 16:03:42.318,ACQUIRING,78
177,4,2016-03-14 16:03:43.319,ACQUIRING,78
178,4,2016-03-14 16:03:44.318,ACQUIRING,78
179,4,2016-03-14 16:03:45.311,ACQUIRING,78
180,4,2016-03-14 16:03:46.318,ACQUIRING,133
181,4,2016-03-14 16:03:47.318,ACQUIRING,132
182,4,2016-03-14 16:03:48.293,ACQUIRING,130
183,4,2016-03-14 16:03:49.298,ACQUIRING,131
184,4,2016-03-14 16:03:50.286,ACQUIRING,130
185,4,2016-03-14 16:03:51.286,ACQUIRING,128
186,4,2016-03-14 16:03:52.286,ACQUIRING,127
187,4,2016-03-14 16:03:53.271,ACQUIRING,125
188,4,2016-03-14 16:03:54.292,ACQUIRING,124
189,4,2016-03-14 16:03:55.285,ACQUIRING,120
190,4,2016-03-14 16:03:56.271,ACQUIRING,119
191,4,2016-03-14 16:03:57.264,ACQUIRING,120
192,4,2016-03-14 16:03:58.269,ACQUIRING,120
193,4,2016-03-14 16:03:59.267,ACQUIRING,119
194,4,2016-03-14 16:04:00.267,ACQUIRING,117
195,4,2016-03-14 16:04:01.237,ACQUIRING,117
196,4,2016-03-14 16:04:02.243,ACQUIRING,115
197,4,2016-03-14 16:04:03.236,ACQUIRING,115
198,4,2016-03-14 16:04:04.237,ACQUIRING,114
199,4,2016-03-14 16:04:05.245,ACQUIRING,113
200,4,2016-03-14 16:04:06.229,ACQUIRING,111
201,4,2016-03-14 16:04:07.221,ACQUIRING,110
202,4,2016-03-14 16:04:08.218,ACQUIRING,109
203,4,2016-03-14 16:04:09.217,ACQUIRING,110
204,4,2016-03-14 16:04:10.217,ACQUIRING,108
205,4,2016-03-14 16:04:11.234,ACQUIRING,109
206,4,2016-03-14 16:04:12.212,ACQUIRING,108
207,4,2016-03-14 16:04:13.198,ACQUIRING,107
208,4,2016-03-14 16:04:14.198,ACQUIRING,107
209,4,2016-03-14 16:04:15.199,ACQUIRING,106
210,4,2016-03-14 16:04:16.192,ACQUIRING,105
211,4,2016-03-14 16:04:17.192,ACQUIRING,106
212,4,2016-03-14 16:04:18.186,ACQUIRING,105
213,4,2016-03-14 16:04:19.168,ACQUIRING,104
214,4,2016-03-14 16:04:20.171,ACQUIRING,103
215,4,2016-03-14 16:04:21.168,ACQUIRING,105
216,4,2016-03-14 16:04:22.168,ACQUIRING,104
217,4,2016-03-14 16:04:23.161,ACQUIRING,104
218,4,2016-03-14 16:04:24.168,ACQUIRING,104
219,4,2016-03-14 16:04:25.163,ACQUIRING,104
220,4,2016-03-14 16:04:26.143,ACQUIRING,102
221,4,2016-03-14 16:04:27.142,ACQUIRING,102
222,4,2016-03-14 16:04:28.157,ACQUIRING,103
223,4,2016-03-14 16:04:29.148,ACQUIRING,102
224,4,2016-03-14 16:04:30.136,ACQUIRING,101
225,4,2016-03-14 16:04:31.143,ACQUIRING,100
226,4,2016-03-14 16:04:32.141,ACQUIRING,100
227,4,2016-03-14 16:04:33.117,ACQUIRING,101
228,4,2016-03-14 16:04:34.124,ACQUIRING,100
229,4,2016-03-14 16:04:35.111,ACQUIRING,100
230,4,2016-03-14 16:04:36.101,ACQUIRING,100
231,4,2016-03-14 16:04:37.119,ACQUIRING,100
232,4,2016-03-14 16:04:38.114,ACQUIRING,100
233,4,2016-03-14 16:04:39.100,ACQUIRING,100
234,4,2016-03-14 16:04:40.092,ACQUIRING,100
235,4,2016-03-14 16:04:41.086,ACQUIRING,100
236,4,2016-03-14 16:04:42.092,ACQUIRING,100
237,4,2016-03-14 16:04:43.095,ACQUIRING,100
238,4,2016-03-14 16:04:44.092,ACQUIRING,100
239,4,2016-03-14 16:04:45.068,ACQUIRING,100
240,4,2016-03-14 16:04:46.074,ACQUIRING,100
241,4,2016-03-14 16:04:47.069,ACQUIRING,100
242,4,2016-03-14 16:04:48.069,ACQUIRING,100
243,4,2016-03-14 16:04:49.071,ACQUIRING,100
244,4,2016-03-14 16:04:50.061,ACQUIRING,100
245,4,2016-03-14 16:04:51.049,ACQUIRING,100
246,4,2016-03-14 16:04:52.043,ACQUIRING,100
247,4,2016-03-14 16:04:53.045,ACQUIRING,100
248,4,2016-03-14 16:04:54.046,ACQUIRING,100
249,4,2016-03-14 16:04:55.043,ACQUIRING,100
250,4,2016-03-14 16:04:56.034,ACQUIRING,100
251,4,2016-03-14 16:04:57.036,ACQUIRING,100
252,4,2016-03-14 16:04:58.016,ACQUIRING,100
253,4,2016-03-14 16:04:59.017,ACQUIRING,100
254,4,2016-03-14 16:05:00.018,ACQUIRING,100
255,4,2016-03-14 16:05:01.011,ACQUIRING,100
256,4,2016-03-14 16:05:02.011,ACQUIRING,100
257,4,2016-03-14 16:05:03.002,ACQUIRING,100
258,4,2016-03-14 16:05:04.001,ACQUIRING,100
259,4,2016-03-14 16:05:05.003,ACQUIRING,100
260,4,2016-03-14 16:05:06.000,ACQUIRING,100
261,4,2016-03-14 16:05:06.991,ACQUIRING,100
262,4,2016-03-14 16:05:07.986,ACQUIRING,100
263,4,2016-03-14 16:05:08.986,ACQUIRING,100
264,4,2016-03-14 16:05:09.992,ACQUIRING,100
265,4,2016-03-14 16:05:10.966,ACQUIRING,100
266,4,2016-03-14 16:05:11.975,ACQUIRING,100
267,4,2016-03-14 16:05:12.962,ACQUIRING,100
268,4,2016-03-14 16:05:13.956,ACQUIRING,100
269,4,2016-03-14 16:05:14.968,ACQUIRING,100
270,4,2016-03-14 16:05:15.970,ACQUIRING,100
271,4,2016-03-14 16:05:16.945,ACQUIRING,100
272,4,2016-03-14 16:05:17.949,ACQUIRING,100
273,4,2016-03-14 16:05:18.945,ACQUIRING,100
274,4,2016-03-14 16:05:19.942,ACQUIRING,100
275,4,2016-03-14 16:05:20.942,ACQUIRING,100
276,4,2016-03-14 16:05:21.946,ACQUIRING,100
277,4,2016-03-14 16:05:22.936,ACQUIRING,100
278,4,2016-03-14 16:05:23.922,ACQUIRING,100
279,4,2016-03-14 16:05:24.920,ACQUIRING,100
280,4,2016-03-14 16:05:25.916,ACQUIRING,100
281,4,2016-03-14 16:05:26.918,ACQUIRING,100
282,4,2016-03-14 16:05:27.918,ACQUIRING,100
283,4,2016-03-14 16:05:28.911,ACQUIRING,100
284,4,2016-03-14 16:05:29.891,ACQUIRING,100
285,4,2016-03-14 16:05:30.892,ACQUIRING,100
286,4,2016-03-14 16:05:31.895,ACQUIRING,100
287,4,2016-03-14 16:05:32.892,ACQUIRING,100
288,4,2016-03-14 16:05:33.887,ACQUIRING,95
289,4,2016-03-14 16:05:34.886,ACQUIRING,90
290,4,2016-03-14 16:05:35.869,ACQUIRING,75
291,4,2016-03-14 16:05:36.868,ACQUIRING,73
292,4,2016-03-14 16:05:37.870,ACQUIRING,73
293,4,2016-03-14 16:05:38.868,ACQUIRING,73
294,4,2016-03-14 16:05:39.868,ACQUIRING,73
295,4,2016-03-14 16:05:40.870,ACQUIRING,73
296,4,2016-03-14 16:05:41.868,ACQUIRING,72
297,4,2016-03-14 16:05:42.846,ACQUIRING,72
298,4,2016-03-14 16:05:43.845,ACQUIRING,71
299,4,2016-03-14 16:05:44.836,ACQUIRING,71
300,4,2016-03-14 16:05:45.836,ACQUIRING,72
301,4,2016-03-14 16:05:46.836,ACQUIRING,72
302,4,2016-03-14 16:05:47.843,ACQUIRING,73
303,4,2016-03-14 16:05:48.842,ACQUIRING,73
304,4,2016-03-14 16:05:49.826,ACQUIRING,73
305,4,2016-03-14 16:05:50.829,ACQUIRING,73
306,4,2016-03-14 16:05:51.811,ACQUIRING,72
307,4,2016-03-14 16:05:52.819,ACQUIRING,71
308,4,2016-03-14 16:05:53.820,ACQUIRING,72
309,4,2016-03-14 16:05:54.811,ACQUIRING,72
310,4,2016-03-14 16:05:55.792,ACQUIRING,73
311,4,2016-03-14 16:05:56.792,ACQUIRING,74
312,4,2016-03-14 16:05:57.787,ACQUIRING,75
313,4,2016-03-14 16:05:58.791,ACQUIRING,76
314,4,2016-03-14 16:05:59.797,ACQUIRING,76
315,4,2016-03-14 16:06:00.773,ACQUIRING,75
316,4,2016-03-14 16:06:01.774,ACQUIRING,74
317,4,2016-03-14 16:06:02.767,ACQUIRING,74
318,4,2016-03-14 16:06:03.768,ACQUIRING,74
319,4,2016-03-14 16:06:04.770,ACQUIRING,74
320,4,2016-03-14 16:06:05.768,ACQUIRING,75
321,4,2016-03-14 16:06:06.764,ACQUIRING,75
322,4,2016-03-14 16:06:07.742,ACQUIRING,74
323,4,2016-03-14 16:06:08.736,ACQUIRING,74
324,4,2016-03-14 16:06:09.743,ACQUIRING,74
325,4,2016-03-14 16:06:10.744,ACQUIRING,74
326,4,2016-03-14 16:06:11.741,ACQUIRING,74
327,4,2016-03-14 16:06:12.738,ACQUIRING,74
328,4,2016-03-14 16:06:13.736,ACQUIRING,74
329,4,2016-03-14 16:06:14.717,ACQUIRING,73
330,4,2016-03-14 16:06:15.719,ACQUIRING,73
331,4,2016-03-14 16:06:16.711,ACQUIRING,73
332,4,2016-03-14 16:06:17.711,ACQUIRING,74
333,4,2016-03-14 16:06:18.711,ACQUIRING,74
334,4,2016-03-14 16:06:19.711,ACQUIRING,75
335,4,2016-03-14 16:06:20.692,ACQUIRING,75
336,4,2016-03-14 16:06:21.692,ACQUIRING,76
337,4,2016-03-14 16:06:22.701,ACQUIRING,76
338,4,2016-03-14 16:06:23.686,ACQUIRING,76
339,4,2016-03-14 16:06:24.692,ACQUIRING,76
340,4,2016-03-14 16:06:25.692,ACQUIRING,77
341,4,2016-03-14 16:06:26.695,ACQUIRING,77
342,4,2016-03-14 16:06:27.663,ACQUIRING,77
343,4,2016-03-14 16:06:28.671,ACQUIRING,77
344,4,2016-03-14 16:06:29.661,ACQUIRING,78
345,4,2016-03-14 16:06:30.651,ACQUIRING,79
346,4,2016-03-14 16:06:31.669,ACQUIRING,79
347,4,2016-03-14 16:06:32.668,ACQUIRING,79
348,4,2016-03-14 16:06:33.664,ACQUIRING,79
349,4,2016-03-14 16:06:34.643,ACQUIRING,72
350,4,2016-03-14 16:06:35.641,ACQUIRING,72
351,4,2016-03-14 16:06:36.641,ACQUIRING,72
352,4,2016-03-14 16:06:37.642,ACQUIRING,72
353,4,2016-03-14 16:06:38.636,ACQUIRING,72
354,4,2016-03-14 16:06:39.636,ACQUIRING,72
355,4,2016-03-14 16:06:40.618,ACQUIRING,72
356,4,2016-03-14 16:06:41.611,ACQUIRING,72
357,4,2016-03-14 16:06:42.618,ACQUIRING,72
358,4,2016-03-14 16:06:43.619,ACQUIRING,72
359,4,2016-03-14 16:06:44.617,ACQUIRING,72
360,4,2016-03-14 16:06:45.609,ACQUIRING,72
361,4,2016-03-14 16:06:46.592,ACQUIRING,72
362,4,2016-03-14 16:06:47.593,ACQUIRING,72
363,4,2016-03-14 16:06:48.591,ACQUIRING,72
364,4,2016-03-14 16:06:49.586,ACQUIRING,72
365,4,2016-03-14 16:06:50.586,ACQUIRING,72
366,4,2016-03-14 16:06:51.586,ACQUIRING,72
367,4,2016-03-14 16:06:52.565,ACQUIRING,72
368,4,2016-03-14 16:06:53.567,ACQUIRING,72
369,4,2016-03-14 16:06:54.567,ACQUIRING,72
370,4,2016-03-14 16:06:55.561,ACQUIRING,72
371,4,2016-03-14 16:06:56.558,ACQUIRING,77
372,4,2016-03-14 16:06:57.565,ACQUIRING,77
373,4,2016-03-14 16:06:58.536,ACQUIRING,77
374,4,2016-03-14 16:06:59.543,ACQUIRING,77
375,4,2016-03-14 16:07:00.538,ACQUIRING,77
376,4,2016-03-14 16:07:01.538,ACQUIRING,82
377,4,2016-03-14 16:07:02.536,ACQUIRING,82
378,4,2016-03-14 16:07:03.525,ACQUIRING,82
379,4,2016-03-14 16:07:04.523,ACQUIRING,82
380,4,2016-03-14 16:07:05.540,ACQUIRING,82
381,4,2016-03-14 16:07:06.529,ACQUIRING,84
382,4,2016-03-14 16:07:07.517,ACQUIRING,84
383,4,2016-03-14 16:07:08.517,ACQUIRING,84
384,4,2016-03-14 16:07:09.517,ACQUIRING,84
385,4,2016-03-14 16:07:10.517,ACQUIRING,84
386,4,2016-03-14 16:07:11.511,ACQUIRING,84
387,4,2016-03-14 16:07:12.491,ACQUIRING,84
388,4,2016-03-14 16:07:13.486,ACQUIRING,83
389,4,2016-03-14 16:07:14.486,ACQUIRING,83
390,4,2016-03-14 16:07:15.491,ACQUIRING,82
391,4,2016-03-14 16:07:16.497,ACQUIRING,82
392,4,2016-03-14 16:07:17.473,ACQUIRING,81
393,4,2016-03-14 16:07:18.468,ACQUIRING,80
394,4,2016-03-14 16:07:19.466,ACQUIRING,79
395,4,2016-03-14 16:07:20.469,ACQUIRING,79
396,4,2016-03-14 16:07:21.469,ACQUIRING,77
397,4,2016-03-14 16:07:22.461,ACQUIRING,76
398,4,2016-03-14 16:07:23.450,ACQUIRING,77
399,4,2016-03-14 16:07:24.442,ACQUIRING,78
400,4,2016-03-14 16:07:25.441,ACQUIRING,78
401,4,2016-03-14 16:07:26.442,ACQUIRING,78
402,4,2016-03-14 16:07:27.443,ACQUIRING,78
403,4,2016-03-14 16:07:28.443,ACQUIRING,77
404,4,2016-03-14 16:07:29.436,ACQUIRING,78
405,4,2016-03-14 16:07:30.442,ACQUIRING,76
406,4,2016-03-14 16:07:31.418,ACQUIRING,75
407,4,2016-03-14 16:07:32.422,ACQUIRING,75
408,4,2016-03-14 16:07:33.411,ACQUIRING,76
409,4,2016-03-14 16:07:34.411,ACQUIRING,76
410,4,2016-03-14 16:07:35.412,ACQUIRING,76
411,4,2016-03-14 16:07:36.399,ACQUIRING,75
412,4,2016-03-14 16:07:37.391,ACQUIRING,76
413,4,2016-03-14 16:07:38.404,ACQUIRING,75
414,4,2016-03-14 16:07:39.386,ACQUIRING,74
415,4,2016-03-14 16:07:40.386,ACQUIRING,73
416,4,2016-03-14 16:07:41.391,ACQUIRING,72
417,4,2016-03-14 16:07:42.394,ACQUIRING,72
418,4,2016-03-14 16:07:43.395,ACQUIRING,72
419,4,2016-03-14 16:07:44.363,ACQUIRING,72
420,4,2016-03-14 16:07:45.368,ACQUIRING,72
421,4,2016-03-14 16:07:46.363,ACQUIRING,73
422,4,2016-03-14 16:07:47.368,ACQUIRING,73
423,4,2016-03-14 16:07:48.366,ACQUIRING,73
424,4,2016-03-14 16:07:49.348,ACQUIRING,73
425,4,2016-03-14 16:07:50.343,ACQUIRING,73
426,4,2016-03-14 16:07:51.344,ACQUIRING,72
427,4,2016-03-14 16:07:52.341,ACQUIRING,72
428,4,2016-03-14 16:07:53.343,ACQUIRING,72
429,4,2016-03-14 16:07:54.342,ACQUIRING,72
430,4,2016-03-14 16:07:55.343,ACQUIRING,72
431,4,2016-03-14 16:07:56.319,ACQUIRING,73
432,4,2016-03-14 16:07:57.317,ACQUIRING,73
433,4,2016-03-14 16:07:58.316,ACQUIRING,74
434,4,2016-03-14 16:07:59.318,ACQUIRING,74
435,4,2016-03-14 16:08:00.317,ACQUIRING,74
436,4,2016-03-14 16:08:01.320,ACQUIRING,75
437,4,2016-03-14 16:08:02.292,ACQUIRING,75
438,4,2016-03-14 16:08:03.291,ACQUIRING,75
439,4,2016-03-14 16:08:04.292,ACQUIRING,75
440,4,2016-03-14 16:08:05.292,ACQUIRING,76
441,4,2016-03-14 16:08:06.286,ACQUIRING,76
442,4,2016-03-14 16:08:07.287,ACQUIRING,76
443,4,2016-03-14 16:08:08.293,ACQUIRING,77
444,4,2016-03-14 16:08:09.267,ACQUIRING,78
445,4,2016-03-14 16:08:10.270,ACQUIRING,79
446,4,2016-03-14 16:08:11.270,ACQUIRING,79
447,4,2016-03-14 16:08:12.262,ACQUIRING,79
448,4,2016-03-14 16:08:13.261,ACQUIRING,80
449,4,2016-03-14 16:08:14.266,ACQUIRING,80
450,4,2016-03-14 16:08:15.277,ACQUIRING,80
451,4,2016-03-14 16:08:16.245,ACQUIRING,80
452,4,2016-03-14 16:08:17.245,ACQUIRING,81
453,4,2016-03-14 16:08:18.235,ACQUIRING,80
454,4,2016-03-14 16:08:19.237,ACQUIRING,79
455,4,2016-03-14 16:08:20.242,ACQUIRING,80
456,4,2016-03-14 16:08:21.241,ACQUIRING,81
457,4,2016-03-14 16:08:22.216,ACQUIRING,81
458,4,2016-03-14 16:08:23.217,ACQUIRING,83
459,4,2016-03-14 16:08:24.211,ACQUIRING,83
460,4,2016-03-14 16:08:25.224,ACQUIRING,83
461,4,2016-03-14 16:08:26.216,ACQUIRING,82
462,4,2016-03-14 16:08:27.235,ACQUIRING,82
463,4,2016-03-14 16:08:28.193,ACQUIRING,82
464,4,2016-03-14 16:08:29.192,ACQUIRING,83
465,4,2016-03-14 16:08:30.186,ACQUIRING,83
466,4,2016-03-14 16:08:31.192,ACQUIRING,84
467,4,2016-03-14 16:08:32.192,ACQUIRING,84
468,4,2016-03-14 16:08:33.186,ACQUIRING,84
469,4,2016-03-14 16:08:34.167,ACQUIRING,84
470,4,2016-03-14 16:08:35.171,ACQUIRING,84
471,4,2016-03-14 16:08:36.167,ACQUIRING,84
472,4,2016-03-14 16:08:37.170,ACQUIRING,84
473,4,2016-03-14 16:08:38.169,ACQUIRING,83
474,4,2016-03-14 16:08:39.145,ACQUIRING,83
475,4,2016-03-14 16:08:40.140,ACQUIRING,83
476,4,2016-03-14 16:08:41.144,ACQUIRING,85
477,4,2016-03-14 16:08:42.145,ACQUIRING,85
478,4,2016-03-14 16:08:43.143,ACQUIRING,85
479,4,2016-03-14 16:08:44.136,ACQUIRING,86
480,4,2016-03-14 16:08:45.148,ACQUIRING,86
481,4,2016-03-14 16:08:46.143,ACQUIRING,85
482,4,2016-03-14 16:08:47.116,ACQUIRING,85
483,4,2016-03-14 16:08:48.117,ACQUIRING,85
484,4,2016-03-14 16:08:49.119,ACQUIRING,85
485,4,2016-03-14 16:08:50.111,ACQUIRING,86
486,4,2016-03-14 16:08:51.110,ACQUIRING,86
487,4,2016-03-14 16:08:52.117,ACQUIRING,86
488,4,2016-03-14 16:08:53.116,ACQUIRING,86
489,4,2016-03-14 16:08:54.114,ACQUIRING,86
490,4,2016-03-14 16:08:55.091,ACQUIRING,87
491,4,2016-03-14 16:08:56.085,ACQUIRING,87
492,4,2016-03-14 16:08:57.092,ACQUIRING,88
493,4,2016-03-14 16:08:58.092,ACQUIRING,89
494,4,2016-03-14 16:08:59.091,ACQUIRING,89
495,4,2016-03-14 16:09:00.069,ACQUIRING,86
496,4,2016-03-14 16:09:01.066,ACQUIRING,87
497,4,2016-03-14 16:09:02.061,ACQUIRING,88
498,4,2016-03-14 16:09:03.075,ACQUIRING,88
499,4,2016-03-14 16:09:04.065,ACQUIRING,88
500,4,2016-03-14 16:09:05.073,ACQUIRING,88
501,4,2016-03-14 16:09:06.053,ACQUIRING,88
502,4,2016-03-14 16:09:07.049,ACQUIRING,88
503,4,2016-03-14 16:09:08.046,ACQUIRING,88
504,4,2016-03-14 16:09:09.049,ACQUIRING,87
505,4,2016-03-14 16:09:10.043,ACQUIRING,88
506,4,2016-03-14 16:09:11.041,ACQUIRING,88
507,4,2016-03-14 16:09:12.051,ACQUIRING,88
508,4,2016-03-14 16:09:13.017,ACQUIRING,89
509,4,2016-03-14 16:09:14.017,ACQUIRING,90
510,4,2016-03-14 16:09:15.019,ACQUIRING,90
511,4,2016-03-14 16:09:16.020,ACQUIRING,91
512,4,2016-03-14 16:09:17.011,ACQUIRING,91
513,4,2016-03-14 16:09:18.011,ACQUIRING,92
514,4,2016-03-14 16:09:18.994,ACQUIRING,92
515,4,2016-03-14 16:09:19.991,ACQUIRING,93
516,4,2016-03-14 16:09:20.994,ACQUIRING,92
517,4,2016-03-14 16:09:21.994,ACQUIRING,93
518,4,2016-03-14 16:09:22.986,ACQUIRING,93
519,4,2016-03-14 16:09:23.974,ACQUIRING,93
520,4,2016-03-14 16:09:24.991,ACQUIRING,94
521,4,2016-03-14 16:09:25.966,ACQUIRING,94
522,4,2016-03-14 16:09:26.960,ACQUIRING,94
523,4,2016-03-14 16:09:27.962,ACQUIRING,94
524,4,2016-03-14 16:09:28.961,ACQUIRING,94
525,4,2016-03-14 16:09:29.954,ACQUIRING,93
526,4,2016-03-14 16:09:30.967,ACQUIRING,92
527,4,2016-03-14 16:09:31.941,ACQUIRING,92
528,4,2016-03-14 16:09:32.948,ACQUIRING,92
529,4,2016-03-14 16:09:33.935,ACQUIRING,92
530,4,2016-03-14 16:09:34.935,ACQUIRING,92
531,4,2016-03-14 16:09:35.953,ACQUIRING,92
532,4,2016-03-14 16:09:36.949,ACQUIRING,92
533,4,2016-03-14 16:09:37.942,ACQUIRING,92
534,4,2016-03-14 16:09:38.913,ACQUIRING,92
535,4,2016-03-14 16:09:39.916,ACQUIRING,92
536,4,2016-03-14 16:09:40.911,ACQUIRING,92
537,4,2016-03-14 16:09:41.919,ACQUIRING,92
538,4,2016-03-14 16:09:42.919,ACQUIRING,92
539,4,2016-03-14 16:09:43.896,ACQUIRING,91
540,4,2016-03-14 16:09:44.891,ACQUIRING,91
541,4,2016-03-14 16:09:45.891,ACQUIRING,89
542,4,2016-03-14 16:09:46.894,ACQUIRING,89
543,4,2016-03-14 16:09:47.892,ACQUIRING,89
544,4,2016-03-14 16:09:48.885,ACQUIRING,89
545,4,2016-03-14 16:09:49.887,ACQUIRING,89
546,4,2016-03-14 16:09:50.866,ACQUIRING,91
547,4,2016-03-14 16:09:51.866,ACQUIRING,91
548,4,2016-03-14 16:09:52.869,ACQUIRING,91
549,4,2016-03-14 16:09:53.873,ACQUIRING,92
550,4,2016-03-14 16:09:54.868,ACQUIRING,91
551,4,2016-03-14 16:09:55.861,ACQUIRING,91
552,4,2016-03-14 16:09:56.867,ACQUIRING,91
553,4,2016-03-14 16:09:57.842,ACQUIRING,91
554,4,2016-03-14 16:09:58.841,ACQUIRING,91
555,4,2016-03-14 16:09:59.835,ACQUIRING,89
556,4,2016-03-14 16:10:00.835,ACQUIRING,89
557,4,2016-03-14 16:10:01.835,ACQUIRING,89
558,4,2016-03-14 16:10:02.822,ACQUIRING,89
559,4,2016-03-14 16:10:03.816,ACQUIRING,89
560,4,2016-03-14 16:10:04.816,ACQUIRING,89
561,4,2016-03-14 16:10:05.816,ACQUIRING,89
562,4,2016-03-14 16:10:06.810,ACQUIRING,89
563,4,2016-03-14 16:10:07.818,ACQUIRING,89
564,4,2016-03-14 16:10:08.816,ACQUIRING,89
565,4,2016-03-14 16:10:09.818,ACQUIRING,89
566,4,2016-03-14 16:10:10.785,ACQUIRING,89
567,4,2016-03-14 16:10:11.792,ACQUIRING,89
568,4,2016-03-14 16:10:12.785,ACQUIRING,89
569,4,2016-03-14 16:10:13.785,ACQUIRING,89
570,4,2016-03-14 16:10:14.791,ACQUIRING,89
571,4,2016-03-14 16:10:15.775,ACQUIRING,89
572,4,2016-03-14 16:10:16.773,ACQUIRING,89
573,4,2016-03-14 16:10:17.768,ACQUIRING,89
574,4,2016-03-14 16:10:18.776,ACQUIRING,89
575,4,2016-03-14 16:10:19.767,ACQUIRING,89
576,4,2016-03-14 16:10:20.768,ACQUIRING,89
577,4,2016-03-14 16:10:21.761,ACQUIRING,89
578,4,2016-03-14 16:10:22.744,ACQUIRING,86
579,4,2016-03-14 16:10:23.735,ACQUIRING,86
580,4,2016-03-14 16:10:24.736,ACQUIRING,87
581,4,2016-03-14 16:10:25.741,ACQUIRING,87
582,4,2016-03-14 16:10:26.745,ACQUIRING,87
583,4,2016-03-14 16:10:27.744,ACQUIRING,87
584,4,2016-03-14 16:10:28.718,ACQUIRING,87
585,4,2016-03-14 16:10:29.716,ACQUIRING,88
586,4,2016-03-14 16:10:30.719,ACQUIRING,88
587,4,2016-03-14 16:10:31.716,ACQUIRING,88
588,4,2016-03-14 16:10:32.710,ACQUIRING,88
589,4,2016-03-14 16:10:33.695,ACQUIRING,88
590,4,2016-03-14 16:10:34.691,ACQUIRING,88
591,4,2016-03-14 16:10:35.694,ACQUIRING,86
592,4,2016-03-14 16:10:36.693,ACQUIRING,86
593,4,2016-03-14 16:10:37.692,ACQUIRING,86
594,4,2016-03-14 16:10:38.692,ACQUIRING,86
595,4,2016-03-14 16:10:39.686,ACQUIRING,86
596,4,2016-03-14 16:10:40.691,ACQUIRING,86
597,4,2016-03-14 16:10:41.692,ACQUIRING,86
598,4,2016-03-14 16:10:42.666,ACQUIRING,86
599,4,2016-03-14 16:10:43.661,ACQUIRING,86
600,4,2016-03-14 16:10:44.662,ACQUIRING,86
601,4,2016-03-14 16:10:45.649,ACQUIRING,86
602,4,2016-03-14 16:10:46.660,ACQUIRING,86
603,4,2016-03-14 16:10:47.667,ACQUIRING,86
604,4,2016-03-14 16:10:48.648,ACQUIRING,86
605,4,2016-03-14 16:10:49.641,ACQUIRING,86
606,4,2016-03-14 16:10:50.636,ACQUIRING,86
607,4,2016-03-14 16:10:51.643,ACQUIRING,86
608,4,2016-03-14 16:10:52.641,ACQUIRING,86
609,4,2016-03-14 16:10:53.619,ACQUIRING,86
610,4,2016-03-14 16:10:54.635,ACQUIRING,86
611,4,2016-03-14 16:10:55.620,ACQUIRING,84
612,4,2016-03-14 16:10:56.611,ACQUIRING,84
613,4,2016-03-14 16:10:57.601,ACQUIRING,84
614,4,2016-03-14 16:10:58.620,ACQUIRING,84
615,4,2016-03-14 16:10:59.616,ACQUIRING,83
616,4,2016-03-14 16:11:00.594,ACQUIRING,83
617,4,2016-03-14 16:11:01.591,ACQUIRING,83
618,4,2016-03-14 16:11:02.591,ACQUIRING,83
619,4,2016-03-14 16:11:03.592,ACQUIRING,83
620,4,2016-03-14 16:11:04.593,ACQUIRING,83
621,4,2016-03-14 16:11:05.585,ACQUIRING,83
622,4,2016-03-14 16:11:06.571,ACQUIRING,82
623,4,2016-03-14 16:11:07.570,ACQUIRING,82
624,4,2016-03-14 16:11:08.573,ACQUIRING,83
625,4,2016-03-14 16:11:09.578,ACQUIRING,83
626,4,2016-03-14 16:11:10.569,ACQUIRING,84
627,4,2016-03-14 16:11:11.550,ACQUIRING,84
628,4,2016-03-14 16:11:12.561,ACQUIRING,120
629,4,2016-03-14 16:11:13.549,ACQUIRING,119
630,4,2016-03-14 16:11:14.542,ACQUIRING,119
631,4,2016-03-14 16:11:15.541,ACQUIRING,118
632,4,2016-03-14 16:11:16.535,ACQUIRING,117
633,4,2016-03-14 16:11:17.535,ACQUIRING,116
634,4,2016-03-14 16:11:18.535,ACQUIRING,115
635,4,2016-03-14 16:11:19.541,ACQUIRING,114
636,4,2016-03-14 16:11:20.517,ACQUIRING,112
637,4,2016-03-14 16:11:21.526,ACQUIRING,111
638,4,2016-03-14 16:11:22.510,ACQUIRING,111
639,4,2016-03-14 16:11:23.511,ACQUIRING,109
640,4,2016-03-14 16:11:24.517,ACQUIRING,110
641,4,2016-03-14 16:11:25.526,ACQUIRING,109
642,4,2016-03-14 16:11:26.492,ACQUIRING,109
643,4,2016-03-14 16:11:27.493,ACQUIRING,107
644,4,2016-03-14 16:11:28.485,ACQUIRING,106
645,4,2016-03-14 16:11:29.476,ACQUIRING,106
646,4,2016-03-14 16:11:30.493,ACQUIRING,106
647,4,2016-03-14 16:11:31.492,ACQUIRING,106
648,4,2016-03-14 16:11:32.472,ACQUIRING,106
649,4,2016-03-14 16:11:33.466,ACQUIRING,106
650,4,2016-03-14 16:11:34.467,ACQUIRING,106
651,4,2016-03-14 16:11:35.468,ACQUIRING,106
652,4,2016-03-14 16:11:36.473,ACQUIRING,106
653,4,2016-03-14 16:11:37.470,ACQUIRING,106
654,4,2016-03-14 16:11:38.460,ACQUIRING,106
655,4,2016-03-14 16:11:39.443,ACQUIRING,106
656,4,2016-03-14 16:11:40.443,ACQUIRING,106
657,4,2016-03-14 16:11:41.441,ACQUIRING,106
658,4,2016-03-14 16:11:42.441,ACQUIRING,106
659,4,2016-03-14 16:11:43.435,ACQUIRING,106
660,4,2016-03-14 16:11:44.435,ACQUIRING,106
661,4,2016-03-14 16:11:45.416,ACQUIRING,106
662,4,2016-03-14 16:11:46.419,ACQUIRING,106
663,4,2016-03-14 16:11:47.416,ACQUIRING,106
664,4,2016-03-14 16:11:48.418,ACQUIRING,106
665,4,2016-03-14 16:11:49.410,ACQUIRING,106
666,4,2016-03-14 16:11:50.412,ACQUIRING,106
667,4,2016-03-14 16:11:51.391,ACQUIRING,106
668,4,2016-03-14 16:11:52.394,ACQUIRING,106
669,4,2016-03-14 16:11:53.391,ACQUIRING,106
670,4,2016-03-14 16:11:54.385,ACQUIRING,106
671,4,2016-03-14 16:11:55.385,ACQUIRING,106
672,4,2016-03-14 16:11:56.370,ACQUIRING,106
673,4,2016-03-14 16:11:57.391,ACQUIRING,106
674,4,2016-03-14 16:11:58.369,ACQUIRING,106
675,4,2016-03-14 16:11:59.366,ACQUIRING,106
676,4,2016-03-14 16:12:00.361,ACQUIRING,106
677,4,2016-03-14 16:12:01.360,ACQUIRING,106
678,4,2016-03-14 16:12:02.377,ACQUIRING,106
679,4,2016-03-14 16:12:03.370,ACQUIRING,106
680,4,2016-03-14 16:12:04.368,ACQUIRING,106
681,4,2016-03-14 16:12:05.343,ACQUIRING,106
682,4,2016-03-14 16:12:06.342,ACQUIRING,106
683,4,2016-03-14 16:12:07.337,ACQUIRING,106
684,4,2016-03-14 16:12:08.347,ACQUIRING,106
685,4,2016-03-14 16:12:09.343,ACQUIRING,106
686,4,2016-03-14 16:12:10.342,ACQUIRING,106
687,4,2016-03-14 16:12:11.316,ACQUIRING,106
688,4,2016-03-14 16:12:12.323,ACQUIRING,106
689,4,2016-03-14 16:12:13.319,ACQUIRING,106
690,4,2016-03-14 16:12:14.316,ACQUIRING,106
691,4,2016-03-14 16:12:15.317,ACQUIRING,106
692,4,2016-03-14 16:12:16.310,ACQUIRING,106
693,4,2016-03-14 16:12:17.297,ACQUIRING,106
694,4,2016-03-14 16:12:18.295,ACQUIRING,106
695,4,2016-03-14 16:12:19.291,ACQUIRING,106
696,4,2016-03-14 16:12:20.291,ACQUIRING,106
697,4,2016-03-14 16:12:21.293,ACQUIRING,106
698,4,2016-03-14 16:12:22.285,ACQUIRING,106
699,4,2016-03-14 16:12:23.266,ACQUIRING,106
700,4,2016-03-14 16:12:24.266,ACQUIRING,106
701,4,2016-03-14 16:12:25.270,ACQUIRING,106
702,4,2016-03-14 16:12:26.266,ACQUIRING,106
703,4,2016-03-14 16:12:27.267,ACQUIRING,106
704,4,2016-03-14 16:12:28.261,ACQUIRING,106
705,4,2016-03-14 16:12:29.246,ACQUIRING,101
706,4,2016-03-14 16:12:30.241,ACQUIRING,91
707,4,2016-03-14 16:12:31.240,ACQUIRING,86
708,4,2016-03-14 16:12:32.243,ACQUIRING,80
709,4,2016-03-14 16:12:33.235,ACQUIRING,80
710,4,2016-03-14 16:12:34.234,ACQUIRING,81
711,4,2016-03-14 16:12:35.241,ACQUIRING,81
712,4,2016-03-14 16:12:36.249,ACQUIRING,80
713,4,2016-03-14 16:12:37.211,ACQUIRING,79
714,4,2016-03-14 16:12:38.216,ACQUIRING,79
715,4,2016-03-14 16:12:39.212,ACQUIRING,79
716,4,2016-03-14 16:12:40.210,ACQUIRING,80
717,4,2016-03-14 16:12:41.217,ACQUIRING,80
718,4,2016-03-14 16:12:42.216,ACQUIRING,80
719,4,2016-03-14 16:12:43.196,ACQUIRING,80
720,4,2016-03-14 16:12:44.192,ACQUIRING,80
721,4,2016-03-14 16:12:45.185,ACQUIRING,80
722,4,2016-03-14 16:12:46.191,ACQUIRING,80
723,4,2016-03-14 16:12:47.191,ACQUIRING,81
724,4,2016-03-14 16:12:48.185,ACQUIRING,82
725,4,2016-03-14 16:12:49.167,ACQUIRING,82
726,4,2016-03-14 16:12:50.169,ACQUIRING,82
727,4,2016-03-14 16:12:51.170,ACQUIRING,80
728,4,2016-03-14 16:12:52.166,ACQUIRING,80
729,4,2016-03-14 16:12:53.167,ACQUIRING,81
730,4,2016-03-14 16:12:54.167,ACQUIRING,81
731,4,2016-03-14 16:12:55.147,ACQUIRING,81
732,4,2016-03-14 16:12:56.144,ACQUIRING,81
733,4,2016-03-14 16:12:57.140,ACQUIRING,82
734,4,2016-03-14 16:12:58.140,ACQUIRING,82
735,4,2016-03-14 16:12:59.135,ACQUIRING,82
736,4,2016-03-14 16:13:00.134,ACQUIRING,80
737,4,2016-03-14 16:13:01.119,ACQUIRING,80
738,4,2016-03-14 16:13:02.110,ACQUIRING,80
739,4,2016-03-14 16:13:03.114,ACQUIRING,81
740,4,2016-03-14 16:13:04.116,ACQUIRING,80
741,4,2016-03-14 16:13:05.117,ACQUIRING,81
742,4,2016-03-14 16:13:06.101,ACQUIRING,80
743,4,2016-03-14 16:13:07.126,ACQUIRING,80
744,4,2016-03-14 16:13:08.097,ACQUIRING,80
745,4,2016-03-14 16:13:09.102,ACQUIRING,80
746,4,2016-03-14 16:13:10.116,ACQUIRING,79
747,4,2016-03-14 16:13:11.095,ACQUIRING,79
748,4,2016-03-14 16:13:12.085,ACQUIRING,78
749,4,2016-03-14 16:13:13.085,ACQUIRING,79
750,4,2016-03-14 16:13:14.090,ACQUIRING,79
751,4,2016-03-14 16:13:15.075,ACQUIRING,79
752,4,2016-03-14 16:13:16.076,ACQUIRING,79
753,4,2016-03-14 16:13:17.062,ACQUIRING,78
754,4,2016-03-14 16:13:18.068,ACQUIRING,79
755,4,2016-03-14 16:13:19.085,ACQUIRING,79
756,4,2016-03-14 16:13:20.065,ACQUIRING,79
757,4,2016-03-14 16:13:21.060,ACQUIRING,79
758,4,2016-03-14 16:13:22.042,ACQUIRING,77
759,4,2016-03-14 16:13:23.035,ACQUIRING,77
760,4,2016-03-14 16:13:24.030,ACQUIRING,77
761,4,2016-03-14 16:13:25.045,ACQUIRING,77
762,4,2016-03-14 16:13:26.026,ACQUIRING,77
763,4,2016-03-14 16:13:27.030,ACQUIRING,77
764,4,2016-03-14 16:13:28.038,ACQUIRING,77
765,4,2016-03-14 16:13:29.016,ACQUIRING,78
766,4,2016-03-14 16:13:30.019,ACQUIRING,78
767,4,2016-03-14 16:13:31.021,ACQUIRING,78
768,4,2016-03-14 16:13:32.010,ACQUIRING,80
769,4,2016-03-14 16:13:32.996,ACQUIRING,80
770,4,2016-03-14 16:13:33.994,ACQUIRING,80
771,4,2016-03-14 16:13:34.985,ACQUIRING,80
772,4,2016-03-14 16:13:35.993,ACQUIRING,81
773,4,2016-03-14 16:13:36.996,ACQUIRING,81
774,4,2016-03-14 16:13:37.994,ACQUIRING,82
775,4,2016-03-14 16:13:38.986,ACQUIRING,83
776,4,2016-03-14 16:13:39.966,ACQUIRING,83
777,4,2016-03-14 16:13:40.966,ACQUIRING,83
778,4,2016-03-14 16:13:41.969,ACQUIRING,83
779,4,2016-03-14 16:13:42.960,ACQUIRING,83
780,4,2016-03-14 16:13:43.960,ACQUIRING,80
781,4,2016-03-14 16:13:44.960,ACQUIRING,80
782,4,2016-03-14 16:13:45.953,ACQUIRING,80
783,4,2016-03-14 16:13:46.942,ACQUIRING,80
784,4,2016-03-14 16:13:47.952,ACQUIRING,80
785,4,2016-03-14 16:13:48.934,ACQUIRING,80
786,4,2016-03-14 16:13:49.934,ACQUIRING,80
787,4,2016-03-14 16:13:50.941,ACQUIRING,80
788,4,2016-03-14 16:13:51.942,ACQUIRING,80
789,4,2016-03-14 16:13:52.919,ACQUIRING,80
790,4,2016-03-14 16:13:53.910,ACQUIRING,81
791,4,2016-03-14 16:13:54.913,ACQUIRING,82
792,4,2016-03-14 16:13:55.911,ACQUIRING,82
793,4,2016-03-14 16:13:56.900,ACQUIRING,83
794,4,2016-03-14 16:13:57.916,ACQUIRING,84
795,4,2016-03-14 16:13:58.897,ACQUIRING,85
796,4,2016-03-14 16:13:59.890,ACQUIRING,86
797,4,2016-03-14 16:14:00.891,ACQUIRING,86
798,4,2016-03-14 16:14:01.892,ACQUIRING,86
799,4,2016-03-14 16:14:02.898,ACQUIRING,86
800,4,2016-03-14 16:14:03.873,ACQUIRING,85
801,4,2016-03-14 16:14:04.863,ACQUIRING,85
802,4,2016-03-14 16:14:05.866,ACQUIRING,84
803,4,2016-03-14 16:14:06.860,ACQUIRING,84
804,4,2016-03-14 16:14:07.866,ACQUIRING,85
805,4,2016-03-14 16:14:08.867,ACQUIRING,86
806,4,2016-03-14 16:14:09.873,ACQUIRING,86
807,4,2016-03-14 16:14:10.866,ACQUIRING,85
808,4,2016-03-14 16:14:11.861,ACQUIRING,85
809,4,2016-03-14 16:14:12.847,ACQUIRING,85
810,4,2016-03-14 16:14:13.841,ACQUIRING,85
811,4,2016-03-14 16:14:14.841,ACQUIRING,85
812,4,2016-03-14 16:14:15.842,ACQUIRING,85
813,4,2016-03-14 16:14:16.835,ACQUIRING,85
814,4,2016-03-14 16:14:17.815,ACQUIRING,84
815,4,2016-03-14 16:14:18.816,ACQUIRING,84
816,4,2016-03-14 16:14:19.819,ACQUIRING,84
817,4,2016-03-14 16:14:20.816,ACQUIRING,84
818,4,2016-03-14 16:14:21.810,ACQUIRING,84
819,4,2016-03-14 16:14:22.810,ACQUIRING,84
820,4,2016-03-14 16:14:23.821,ACQUIRING,82
821,4,2016-03-14 16:14:24.797,ACQUIRING,82
822,4,2016-03-14 16:14:25.791,ACQUIRING,83
823,4,2016-03-14 16:14:26.785,ACQUIRING,84
824,4,2016-03-14 16:14:27.784,ACQUIRING,85
825,4,2016-03-14 16:14:28.784,ACQUIRING,85
826,4,2016-03-14 16:14:29.791,ACQUIRING,83
827,4,2016-03-14 16:14:30.797,ACQUIRING,83
828,4,2016-03-14 16:14:31.771,ACQUIRING,82
829,4,2016-03-14 16:14:32.767,ACQUIRING,82
830,4,2016-03-14 16:14:33.760,ACQUIRING,82
831,4,2016-03-14 16:14:34.765,ACQUIRING,83
832,4,2016-03-14 16:14:35.765,ACQUIRING,83
833,4,2016-03-14 16:14:36.766,ACQUIRING,83
834,4,2016-03-14 16:14:37.740,ACQUIRING,83
835,4,2016-03-14 16:14:38.742,ACQUIRING,84
836,4,2016-03-14 16:14:39.736,ACQUIRING,84
837,4,2016-03-14 16:14:40.740,ACQUIRING,85
838,4,2016-03-14 16:14:41.742,ACQUIRING,85
839,4,2016-03-14 16:14:42.734,ACQUIRING,84
840,4,2016-03-14 16:14:43.715,ACQUIRING,84
841,4,2016-03-14 16:14:44.717,ACQUIRING,84
842,4,2016-03-14 16:14:45.720,ACQUIRING,85
843,4,2016-03-14 16:14:46.719,ACQUIRING,86
844,4,2016-03-14 16:14:47.719,ACQUIRING,86
845,4,2016-03-14 16:14:48.710,ACQUIRING,86
846,4,2016-03-14 16:14:49.693,ACQUIRING,86
847,4,2016-03-14 16:14:50.691,ACQUIRING,86
848,4,2016-03-14 16:14:51.690,ACQUIRING,86
849,4,2016-03-14 16:14:52.692,ACQUIRING,88
850,4,2016-03-14 16:14:53.685,ACQUIRING,88
851,4,2016-03-14 16:14:54.691,ACQUIRING,88
852,4,2016-03-14 16:14:55.665,ACQUIRING,88
853,4,2016-03-14 16:14:56.666,ACQUIRING,88
854,4,2016-03-14 16:14:57.664,ACQUIRING,86
855,4,2016-03-14 16:14:58.665,ACQUIRING,87
856,4,2016-03-14 16:14:59.660,ACQUIRING,87
857,4,2016-03-14 16:15:00.645,ACQUIRING,87
858,4,2016-03-14 16:15:01.660,ACQUIRING,87
859,4,2016-03-14 16:15:02.666,ACQUIRING,87
860,4,2016-03-14 16:15:03.642,ACQUIRING,87
861,4,2016-03-14 16:15:04.637,ACQUIRING,87
862,4,2016-03-14 16:15:05.634,ACQUIRING,88
863,4,2016-03-14 16:15:06.635,ACQUIRING,88
864,4,2016-03-14 16:15:07.643,ACQUIRING,88
865,4,2016-03-14 16:15:08.628,ACQUIRING,88
866,4,2016-03-14 16:15:09.625,ACQUIRING,87
867,4,2016-03-14 16:15:10.626,ACQUIRING,88
868,4,2016-03-14 16:15:11.610,ACQUIRING,88
869,4,2016-03-14 16:15:12.612,ACQUIRING,87
870,4,2016-03-14 16:15:13.629,ACQUIRING,89
871,4,2016-03-14 16:15:14.616,ACQUIRING,90
872,4,2016-03-14 16:15:15.590,ACQUIRING,89
873,4,2016-03-14 16:15:16.591,ACQUIRING,90
874,4,2016-03-14 16:15:17.587,ACQUIRING,90
875,4,2016-03-14 16:15:18.590,ACQUIRING,91
876,4,2016-03-14 16:15:19.593,ACQUIRING,90
877,4,2016-03-14 16:15:20.590,ACQUIRING,90
878,4,2016-03-14 16:15:21.565,ACQUIRING,91
879,4,2016-03-14 16:15:22.568,ACQUIRING,91
880,4,2016-03-14 16:15:23.571,ACQUIRING,90
881,4,2016-03-14 16:15:24.568,ACQUIRING,91
882,4,2016-03-14 16:15:25.565,ACQUIRING,91
883,4,2016-03-14 16:15:26.559,ACQUIRING,90
884,4,2016-03-14 16:15:27.542,ACQUIRING,92
885,4,2016-03-14 16:15:28.541,ACQUIRING,91
886,4,2016-03-14 16:15:29.541,ACQUIRING,90
887,4,2016-03-14 16:15:30.541,ACQUIRING,90
888,4,2016-03-14 16:15:31.541,ACQUIRING,89
889,4,2016-03-14 16:15:32.534,ACQUIRING,89
890,4,2016-03-14 16:15:33.535,ACQUIRING,89
891,4,2016-03-14 16:15:34.516,ACQUIRING,88
892,4,2016-03-14 16:15:35.518,ACQUIRING,88
893,4,2016-03-14 16:15:36.517,ACQUIRING,88
894,4,2016-03-14 16:15:37.509,ACQUIRING,89
895,4,2016-03-14 16:15:38.510,ACQUIRING,90
896,4,2016-03-14 16:15:39.496,ACQUIRING,91
897,4,2016-03-14 16:15:40.518,ACQUIRING,91
898,4,2016-03-14 16:15:41.490,ACQUIRING,91
899,4,2016-03-14 16:15:42.500,ACQUIRING,90
900,4,2016-03-14 16:15:43.486,ACQUIRING,91
901,4,2016-03-14 16:15:44.485,ACQUIRING,92
902,4,2016-03-14 16:15:45.490,ACQUIRING,91
903,4,2016-03-14 16:15:46.491,ACQUIRING,91
904,4,2016-03-14 16:15:47.484,ACQUIRING,91
905,4,2016-03-14 16:15:48.476,ACQUIRING,91
906,4,2016-03-14 16:15:49.459,ACQUIRING,91
907,4,2016-03-14 16:15:50.459,ACQUIRING,91
908,4,2016-03-14 16:15:51.466,ACQUIRING,90
909,4,2016-03-14 16:15:52.469,ACQUIRING,89
910,4,2016-03-14 16:15:53.451,ACQUIRING,88
911,4,2016-03-14 16:15:54.444,ACQUIRING,87
912,4,2016-03-14 16:15:55.440,ACQUIRING,86
913,4,2016-03-14 16:15:56.440,ACQUIRING,86
914,4,2016-03-14 16:15:57.430,ACQUIRING,87
915,4,2016-03-14 16:15:58.434,ACQUIRING,87
916,4,2016-03-14 16:15:59.417,ACQUIRING,85
917,4,2016-03-14 16:16:00.415,ACQUIRING,86
918,4,2016-03-14 16:16:01.409,ACQUIRING,88
919,4,2016-03-14 16:16:02.419,ACQUIRING,88
920,4,2016-03-14 16:16:03.422,ACQUIRING,88
921,4,2016-03-14 16:16:04.422,ACQUIRING,88
922,4,2016-03-14 16:16:05.410,ACQUIRING,88
923,4,2016-03-14 16:16:06.419,ACQUIRING,89
924,4,2016-03-14 16:16:07.388,ACQUIRING,90
925,4,2016-03-14 16:16:08.391,ACQUIRING,89
926,4,2016-03-14 16:16:09.384,ACQUIRING,89
927,4,2016-03-14 16:16:10.385,ACQUIRING,89
928,4,2016-03-14 16:16:11.384,ACQUIRING,89
929,4,2016-03-14 16:16:12.365,ACQUIRING,90
930,4,2016-03-14 16:16:13.368,ACQUIRING,91
931,4,2016-03-14 16:16:14.366,ACQUIRING,91
932,4,2016-03-14 16:16:15.366,ACQUIRING,91
933,4,2016-03-14 16:16:16.359,ACQUIRING,90
934,4,2016-03-14 16:16:17.367,ACQUIRING,89
935,4,2016-03-14 16:16:18.366,ACQUIRING,89
936,4,2016-03-14 16:16:19.341,ACQUIRING,89
937,4,2016-03-14 16:16:20.336,ACQUIRING,88
938,4,2016-03-14 16:16:21.334,ACQUIRING,89
939,4,2016-03-14 16:16:22.334,ACQUIRING,88
940,4,2016-03-14 16:16:23.336,ACQUIRING,89
941,4,2016-03-14 16:16:24.340,ACQUIRING,89
942,4,2016-03-14 16:16:25.321,ACQUIRING,89
943,4,2016-03-14 16:16:26.324,ACQUIRING,89
944,4,2016-03-14 16:16:27.315,ACQUIRING,89
945,4,2016-03-14 16:16:28.324,ACQUIRING,88
946,4,2016-03-14 16:16:29.317,ACQUIRING,89
947,4,2016-03-14 16:16:30.318,ACQUIRING,89
948,4,2016-03-14 16:16:31.309,ACQUIRING,89
949,4,2016-03-14 16:16:32.292,ACQUIRING,89
950,4,2016-03-14 16:16:33.294,ACQUIRING,89
951,4,2016-03-14 16:16:34.286,ACQUIRING,90
952,4,2016-03-14 16:16:35.296,ACQUIRING,91
953,4,2016-03-14 16:16:36.292,ACQUIRING,91
954,4,2016-03-14 16:16:37.272,ACQUIRING,92
955,4,2016-03-14 16:16:38.264,ACQUIRING,93
956,4,2016-03-14 16:16:39.266,ACQUIRING,93
957,4,2016-03-14 16:16:40.265,ACQUIRING,92
958,4,2016-03-14 16:16:41.265,ACQUIRING,91
959,4,2016-03-14 16:16:42.259,ACQUIRING,91
960,4,2016-03-14 16:16:43.259,ACQUIRING,91
961,4,2016-03-14 16:16:44.244,ACQUIRING,91
962,4,2016-03-14 16:16:45.240,ACQUIRING,91
963,4,2016-03-14 16:16:46.241,ACQUIRING,89
964,4,2016-03-14 16:16:47.240,ACQUIRING,89
965,4,2016-03-14 16:16:48.244,ACQUIRING,89
966,4,2016-03-14 16:16:49.234,ACQUIRING,89
967,4,2016-03-14 16:16:50.240,ACQUIRING,89
968,4,2016-03-14 16:16:51.215,ACQUIRING,89
969,4,2016-03-14 16:16:52.218,ACQUIRING,89
970,4,2016-03-14 16:16:53.209,ACQUIRING,89
971,4,2016-03-14 16:16:54.209,ACQUIRING,89
972,4,2016-03-14 16:16:55.209,ACQUIRING,89
973,4,2016-03-14 16:16:56.212,ACQUIRING,89
974,4,2016-03-14 16:16:57.223,ACQUIRING,89
975,4,2016-03-14 16:16:58.196,ACQUIRING,89
976,4,2016-03-14 16:16:59.190,ACQUIRING,84
977,4,2016-03-14 16:17:00.184,ACQUIRING,83
978,4,2016-03-14 16:17:01.191,ACQUIRING,83
979,4,2016-03-14 16:17:02.191,ACQUIRING,83
980,4,2016-03-14 16:17:03.191,ACQUIRING,83
981,4,2016-03-14 16:17:04.163,ACQUIRING,83
982,4,2016-03-14 16:17:05.159,ACQUIRING,84
983,4,2016-03-14 16:17:06.159,ACQUIRING,84
984,4,2016-03-14 16:17:07.161,ACQUIRING,84
985,4,2016-03-14 16:17:08.154,ACQUIRING,84
986,4,2016-03-14 16:17:09.152,ACQUIRING,84
987,4,2016-03-14 16:17:10.151,ACQUIRING,84
988,4,2016-03-14 16:17:11.149,ACQUIRING,83
989,4,2016-03-14 16:17:12.140,ACQUIRING,83
990,4,2016-03-14 16:17:13.152,ACQUIRING,83
991,4,2016-03-14 16:17:14.148,ACQUIRING,83
992,4,2016-03-14 16:17:15.134,ACQUIRING,83
993,4,2016-03-14 16:17:16.120,ACQUIRING,83
994,4,2016-03-14 16:17:17.118,ACQUIRING,83
995,4,2016-03-14 16:17:18.116,ACQUIRING,83
996,4,2016-03-14 16:17:19.118,ACQUIRING,83
997,4,2016-03-14 16:17:20.115,ACQUIRING,83
998,4,2016-03-14 16:17:21.110,ACQUIRING,83
999,4,2016-03-14 16:17:22.109,ACQUIRING,83
1000,4,2016-03-14 16:17:23.095,ACQUIRING,83
1001,4,2016-03-14 16:17:24.090,ACQUIRING,83
1002,4,2016-03-14 16:17:25.092,ACQUIRING,83
1003,4,2016-03-14 16:17:26.107,ACQUIRING,88
1004,4,2016-03-14 16:17:27.084,ACQUIRING,92
1005,4,2016-03-14 16:17:28.085,ACQUIRING,92
1006,4,2016-03-14 16:17:29.091,ACQUIRING,92
1007,4,2016-03-14 16:17:30.065,ACQUIRING,91
1008,4,2016-03-14 16:17:31.087,ACQUIRING,90
1009,4,2016-03-14 16:17:32.059,ACQUIRING,90
1010,4,2016-03-14 16:17:33.059,ACQUIRING,89
1011,4,2016-03-14 16:17:34.065,ACQUIRING,89
1012,4,2016-03-14 16:17:35.074,ACQUIRING,89
1013,4,2016-03-14 16:17:36.039,ACQUIRING,91
1014,4,2016-03-14 16:17:37.040,ACQUIRING,91
1015,4,2016-03-14 16:17:38.034,ACQUIRING,91
1016,4,2016-03-14 16:17:39.036,ACQUIRING,92
1017,4,2016-03-14 16:17:40.040,ACQUIRING,91
1018,4,2016-03-14 16:17:41.041,ACQUIRING,91
1019,4,2016-03-14 16:17:42.035,ACQUIRING,92
1020,4,2016-03-14 16:17:43.015,ACQUIRING,92
1021,4,2016-03-14 16:17:44.026,ACQUIRING,92
1022,4,2016-03-14 16:17:45.016,ACQUIRING,92
1023,4,2016-03-14 16:17:46.017,ACQUIRING,92
1024,4,2016-03-14 16:17:47.015,ACQUIRING,92
1025,4,2016-03-14 16:17:47.990,ACQUIRING,91
1026,4,2016-03-14 16:17:48.990,ACQUIRING,90
1027,4,2016-03-14 16:17:49.984,ACQUIRING,89
1028,4,2016-03-14 16:17:50.992,ACQUIRING,88
1029,4,2016-03-14 16:17:51.991,ACQUIRING,89
1030,4,2016-03-14 16:17:52.987,ACQUIRING,89
1031,4,2016-03-14 16:17:53.968,ACQUIRING,88
1032,4,2016-03-14 16:17:54.968,ACQUIRING,87
1033,4,2016-03-14 16:17:55.965,ACQUIRING,88
1034,4,2016-03-14 16:17:56.965,ACQUIRING,88
1035,4,2016-03-14 16:17:57.965,ACQUIRING,86
1036,4,2016-03-14 16:17:58.947,ACQUIRING,86
1037,4,2016-03-14 16:17:59.959,ACQUIRING,87
1038,4,2016-03-14 16:18:00.940,ACQUIRING,88
1039,4,2016-03-14 16:18:01.951,ACQUIRING,89
1040,4,2016-03-14 16:18:02.941,ACQUIRING,89
1041,4,2016-03-14 16:18:03.935,ACQUIRING,90
1042,4,2016-03-14 16:18:04.934,ACQUIRING,90
1043,4,2016-03-14 16:18:05.935,ACQUIRING,90
1044,4,2016-03-14 16:18:06.941,ACQUIRING,90
1045,4,2016-03-14 16:18:07.920,ACQUIRING,87
1046,4,2016-03-14 16:18:08.916,ACQUIRING,87
1047,4,2016-03-14 16:18:09.910,ACQUIRING,87
1048,4,2016-03-14 16:18:10.913,ACQUIRING,87
1049,4,2016-03-14 16:18:11.914,ACQUIRING,87
1050,4,2016-03-14 16:18:12.918,ACQUIRING,87
1051,4,2016-03-14 16:18:13.893,ACQUIRING,87
1052,4,2016-03-14 16:18:14.892,ACQUIRING,87
1053,4,2016-03-14 16:18:15.884,ACQUIRING,87
1054,4,2016-03-14 16:18:16.884,ACQUIRING,87
1055,4,2016-03-14 16:18:17.894,ACQUIRING,87
1056,4,2016-03-14 16:18:18.894,ACQUIRING,87
1057,4,2016-03-14 16:18:19.873,ACQUIRING,87
1058,4,2016-03-14 16:18:20.866,ACQUIRING,87
1059,4,2016-03-14 16:18:21.866,ACQUIRING,87
1060,4,2016-03-14 16:18:22.867,ACQUIRING,87
1061,4,2016-03-14 16:18:23.871,ACQUIRING,87
1062,4,2016-03-14 16:18:24.866,ACQUIRING,87
1063,4,2016-03-14 16:18:25.844,ACQUIRING,87
1064,4,2016-03-14 16:18:26.840,ACQUIRING,87
1065,4,2016-03-14 16:18:27.834,ACQUIRING,87
1066,4,2016-03-14 16:18:28.844,ACQUIRING,85
1067,4,2016-03-14 16:18:29.840,ACQUIRING,86
1068,4,2016-03-14 16:18:30.843,ACQUIRING,86
1069,4,2016-03-14 16:18:31.835,ACQUIRING,85
1070,4,2016-03-14 16:18:32.814,ACQUIRING,83
1071,4,2016-03-14 16:18:33.815,ACQUIRING,84
1072,4,2016-03-14 16:18:34.814,ACQUIRING,84
1073,4,2016-03-14 16:18:35.815,ACQUIRING,84
1074,4,2016-03-14 16:18:36.810,ACQUIRING,84
1075,4,2016-03-14 16:18:37.809,ACQUIRING,82
1076,4,2016-03-14 16:18:38.790,ACQUIRING,83
1077,4,2016-03-14 16:18:39.789,ACQUIRING,83
1078,4,2016-03-14 16:18:40.790,ACQUIRING,84
1079,4,2016-03-14 16:18:41.789,ACQUIRING,84
1080,4,2016-03-14 16:18:42.784,ACQUIRING,84
1081,4,2016-03-14 16:18:43.784,ACQUIRING,84
1082,4,2016-03-14 16:18:44.790,ACQUIRING,83
1083,4,2016-03-14 16:18:45.767,ACQUIRING,83
1084,4,2016-03-14 16:18:46.759,ACQUIRING,83
1085,4,2016-03-14 16:18:47.759,ACQUIRING,84
1086,4,2016-03-14 16:18:48.759,ACQUIRING,84
1087,4,2016-03-14 16:18:49.762,ACQUIRING,84
1088,4,2016-03-14 16:18:50.768,ACQUIRING,84
1089,4,2016-03-14 16:18:51.769,ACQUIRING,84
1090,4,2016-03-14 16:18:52.746,ACQUIRING,84
1091,4,2016-03-14 16:18:53.740,ACQUIRING,84
1092,4,2016-03-14 16:18:54.734,ACQUIRING,84
1093,4,2016-03-14 16:18:55.741,ACQUIRING,82
1094,4,2016-03-14 16:18:56.743,ACQUIRING,82
1095,4,2016-03-14 16:18:57.734,ACQUIRING,82
1096,4,2016-03-14 16:18:58.716,ACQUIRING,82
1097,4,2016-03-14 16:18:59.715,ACQUIRING,82
1098,4,2016-03-14 16:19:00.709,ACQUIRING,82
1099,4,2016-03-14 16:19:01.716,ACQUIRING,82
1100,4,2016-03-14 16:19:02.722,ACQUIRING,83
1101,4,2016-03-14 16:19:03.716,ACQUIRING,83
1102,4,2016-03-14 16:19:04.710,ACQUIRING,82
1103,4,2016-03-14 16:19:05.684,ACQUIRING,82
1104,4,2016-03-14 16:19:06.690,ACQUIRING,84
1105,4,2016-03-14 16:19:07.693,ACQUIRING,84
1106,4,2016-03-14 16:19:08.670,ACQUIRING,84
1107,4,2016-03-14 16:19:09.684,ACQUIRING,85
1108,4,2016-03-14 16:19:10.671,ACQUIRING,85
1109,4,2016-03-14 16:19:11.666,ACQUIRING,86
1110,4,2016-03-14 16:19:12.664,ACQUIRING,87
1111,4,2016-03-14 16:19:13.665,ACQUIRING,86
1112,4,2016-03-14 16:19:14.665,ACQUIRING,86
1113,4,2016-03-14 16:19:15.659,ACQUIRING,86
1114,4,2016-03-14 16:19:16.665,ACQUIRING,85
1115,4,2016-03-14 16:19:17.642,ACQUIRING,85
1116,4,2016-03-14 16:19:18.643,ACQUIRING,86
1117,4,2016-03-14 16:19:19.633,ACQUIRING,86
1118,4,2016-03-14 16:19:20.634,ACQUIRING,85
1119,4,2016-03-14 16:19:21.634,ACQUIRING,84
1120,4,2016-03-14 16:19:22.633,ACQUIRING,84
1121,4,2016-03-14 16:19:23.616,ACQUIRING,84
1122,4,2016-03-14 16:19:24.615,ACQUIRING,84
1123,4,2016-03-14 16:19:25.625,ACQUIRING,82
1124,4,2016-03-14 16:19:26.612,ACQUIRING,82
1125,4,2016-03-14 16:19:27.623,ACQUIRING,81
1126,4,2016-03-14 16:19:28.614,ACQUIRING,82
1127,4,2016-03-14 16:19:29.614,ACQUIRING,81
1128,4,2016-03-14 16:19:30.584,ACQUIRING,80
1129,4,2016-03-14 16:19:31.599,ACQUIRING,80
1130,4,2016-03-14 16:19:32.584,ACQUIRING,79
1131,4,2016-03-14 16:19:33.585,ACQUIRING,78
1132,4,2016-03-14 16:19:34.589,ACQUIRING,77
1133,4,2016-03-14 16:19:35.579,ACQUIRING,78
1134,4,2016-03-14 16:19:36.572,ACQUIRING,78
1135,4,2016-03-14 16:19:37.564,ACQUIRING,76
1136,4,2016-03-14 16:19:38.563,ACQUIRING,76
1137,4,2016-03-14 16:19:39.566,ACQUIRING,76
1138,4,2016-03-14 16:19:40.571,ACQUIRING,76
1139,4,2016-03-14 16:19:41.559,ACQUIRING,76
1140,4,2016-03-14 16:19:42.547,ACQUIRING,76
1141,4,2016-03-14 16:19:43.539,ACQUIRING,75
1142,4,2016-03-14 16:19:44.535,ACQUIRING,76
1143,4,2016-03-14 16:19:45.541,ACQUIRING,75
1144,4,2016-03-14 16:19:46.544,ACQUIRING,75
1145,4,2016-03-14 16:19:47.530,ACQUIRING,75
1146,4,2016-03-14 16:19:48.514,ACQUIRING,75
1147,4,2016-03-14 16:19:49.518,ACQUIRING,75
1148,4,2016-03-14 16:19:50.519,ACQUIRING,75
1149,4,2016-03-14 16:19:51.516,ACQUIRING,75
1150,4,2016-03-14 16:19:52.509,ACQUIRING,74
1151,4,2016-03-14 16:19:53.497,ACQUIRING,74
1152,4,2016-03-14 16:19:54.517,ACQUIRING,74
1153,4,2016-03-14 16:19:55.491,ACQUIRING,74
1154,4,2016-03-14 16:19:56.491,ACQUIRING,74
1155,4,2016-03-14 16:19:57.496,ACQUIRING,75
1156,4,2016-03-14 16:19:58.489,ACQUIRING,75
1157,4,2016-03-14 16:19:59.484,ACQUIRING,75
1158,4,2016-03-14 16:20:00.489,ACQUIRING,75
1159,4,2016-03-14 16:20:01.467,ACQUIRING,75
1160,4,2016-03-14 16:20:02.465,ACQUIRING,76
1161,4,2016-03-14 16:20:03.459,ACQUIRING,76
1162,4,2016-03-14 16:20:04.459,ACQUIRING,76
1163,4,2016-03-14 16:20:05.449,ACQUIRING,75
1164,4,2016-03-14 16:20:06.458,ACQUIRING,76
1165,4,2016-03-14 16:20:07.465,ACQUIRING,77
1166,4,2016-03-14 16:20:08.446,ACQUIRING,77
1167,4,2016-03-14 16:20:09.443,ACQUIRING,76
1168,4,2016-03-14 16:20:10.434,ACQUIRING,77
1169,4,2016-03-14 16:20:11.439,ACQUIRING,77
1170,4,2016-03-14 16:20:12.439,ACQUIRING,76
1171,4,2016-03-14 16:20:13.439,ACQUIRING,77
1172,4,2016-03-14 16:20:14.434,ACQUIRING,77
1173,4,2016-03-14 16:20:15.414,ACQUIRING,78
1174,4,2016-03-14 16:20:16.409,ACQUIRING,79
1175,4,2016-03-14 16:20:17.409,ACQUIRING,79
1176,4,2016-03-14 16:20:18.416,ACQUIRING,79
1177,4,2016-03-14 16:20:19.418,ACQUIRING,78
1178,4,2016-03-14 16:20:20.392,ACQUIRING,78
1179,4,2016-03-14 16:20:21.389,ACQUIRING,79
1180,4,2016-03-14 16:20:22.390,ACQUIRING,80
1181,4,2016-03-14 16:20:23.392,ACQUIRING,80
1182,4,2016-03-14 16:20:24.392,ACQUIRING,80
1183,4,2016-03-14 16:20:25.384,ACQUIRING,79
1184,4,2016-03-14 16:20:26.383,ACQUIRING,79
1185,4,2016-03-14 16:20:27.364,ACQUIRING,80
1186,4,2016-03-14 16:20:28.365,ACQUIRING,80
1187,4,2016-03-14 16:20:29.364,ACQUIRING,80
1188,4,2016-03-14 16:20:30.365,ACQUIRING,80
1189,4,2016-03-14 16:20:31.359,ACQUIRING,81
1190,4,2016-03-14 16:20:32.359,ACQUIRING,128
1191,4,2016-03-14 16:20:33.369,ACQUIRING,128
1192,4,2016-03-14 16:20:34.341,ACQUIRING,127
1193,4,2016-03-14 16:20:35.340,ACQUIRING,126
1194,4,2016-03-14 16:20:36.333,ACQUIRING,125
1195,4,2016-03-14 16:20:37.334,ACQUIRING,126
1196,4,2016-03-14 16:20:38.334,ACQUIRING,126
1197,4,2016-03-14 16:20:39.343,ACQUIRING,126
1198,4,2016-03-14 16:20:40.316,ACQUIRING,125
1199,4,2016-03-14 16:20:41.327,ACQUIRING,125
1200,4,2016-03-14 16:20:42.308,ACQUIRING,123
1201,4,2016-03-14 16:20:43.309,ACQUIRING,121
1202,4,2016-03-14 16:20:44.314,ACQUIRING,121
1203,4,2016-03-14 16:20:45.316,ACQUIRING,120
1204,4,2016-03-14 16:20:46.315,ACQUIRING,121
1205,4,2016-03-14 16:20:47.291,ACQUIRING,118
1206,4,2016-03-14 16:20:48.289,ACQUIRING,117
1207,4,2016-03-14 16:20:49.286,ACQUIRING,117
1208,4,2016-03-14 16:20:50.290,ACQUIRING,116
1209,4,2016-03-14 16:20:51.289,ACQUIRING,116
1210,4,2016-03-14 16:20:52.271,ACQUIRING,117
1211,4,2016-03-14 16:20:53.265,ACQUIRING,116
1212,4,2016-03-14 16:20:54.266,ACQUIRING,115
1213,4,2016-03-14 16:20:55.264,ACQUIRING,115
1214,4,2016-03-14 16:20:56.266,ACQUIRING,116
1215,4,2016-03-14 16:20:57.264,ACQUIRING,117
1216,4,2016-03-14 16:20:58.258,ACQUIRING,117
1217,4,2016-03-14 16:20:59.239,ACQUIRING,112
1218,4,2016-03-14 16:21:00.242,ACQUIRING,112
1219,4,2016-03-14 16:21:01.243,ACQUIRING,113
1220,4,2016-03-14 16:21:02.239,ACQUIRING,112
1221,4,2016-03-14 16:21:03.233,ACQUIRING,112
1222,4,2016-03-14 16:21:04.234,ACQUIRING,110
1223,4,2016-03-14 16:21:05.215,ACQUIRING,110
1224,4,2016-03-14 16:21:06.219,ACQUIRING,111
1225,4,2016-03-14 16:21:07.218,ACQUIRING,112
1226,4,2016-03-14 16:21:08.215,ACQUIRING,112
1227,4,2016-03-14 16:21:09.210,ACQUIRING,112
1228,4,2016-03-14 16:21:10.209,ACQUIRING,111
1229,4,2016-03-14 16:21:11.195,ACQUIRING,109
1230,4,2016-03-14 16:21:12.190,ACQUIRING,109
1231,4,2016-03-14 16:21:13.197,ACQUIRING,107
1232,4,2016-03-14 16:21:14.183,ACQUIRING,108
1233,4,2016-03-14 16:21:15.185,ACQUIRING,110
1234,4,2016-03-14 16:21:16.184,ACQUIRING,110
1235,4,2016-03-14 16:21:17.189,ACQUIRING,108
1236,4,2016-03-14 16:21:18.201,ACQUIRING,106
1237,4,2016-03-14 16:21:19.165,ACQUIRING,104
1238,4,2016-03-14 16:21:20.166,ACQUIRING,104
1239,4,2016-03-14 16:21:21.158,ACQUIRING,103
1240,4,2016-03-14 16:21:22.166,ACQUIRING,102
1241,4,2016-03-14 16:21:23.164,ACQUIRING,101
1242,4,2016-03-14 16:21:24.164,ACQUIRING,102
1243,4,2016-03-14 16:21:25.139,ACQUIRING,102
1244,4,2016-03-14 16:21:26.140,ACQUIRING,100
1245,4,2016-03-14 16:21:27.133,ACQUIRING,99
1246,4,2016-03-14 16:21:28.141,ACQUIRING,100
1247,4,2016-03-14 16:21:29.141,ACQUIRING,100
1248,4,2016-03-14 16:21:30.141,ACQUIRING,100
1249,4,2016-03-14 16:21:31.119,ACQUIRING,99
1250,4,2016-03-14 16:21:32.115,ACQUIRING,100
1251,4,2016-03-14 16:21:33.114,ACQUIRING,100
1252,4,2016-03-14 16:21:34.114,ACQUIRING,112
1253,4,2016-03-14 16:21:35.115,ACQUIRING,113
1254,4,2016-03-14 16:21:36.117,ACQUIRING,113
1255,4,2016-03-14 16:21:37.089,ACQUIRING,113
1256,4,2016-03-14 16:21:38.089,ACQUIRING,112
1257,4,2016-03-14 16:21:39.091,ACQUIRING,112
1258,4,2016-03-14 16:21:40.097,ACQUIRING,112
1259,4,2016-03-14 16:21:41.090,ACQUIRING,111
1260,4,2016-03-14 16:21:42.106,ACQUIRING,112
1261,4,2016-03-14 16:21:43.066,ACQUIRING,111
1262,4,2016-03-14 16:21:44.070,ACQUIRING,111
1263,4,2016-03-14 16:21:45.064,ACQUIRING,110
1264,4,2016-03-14 16:21:46.064,ACQUIRING,110
1265,4,2016-03-14 16:21:47.058,ACQUIRING,110
1266,4,2016-03-14 16:21:48.059,ACQUIRING,108
1267,4,2016-03-14 16:21:49.043,ACQUIRING,107
1268,4,2016-03-14 16:21:50.044,ACQUIRING,108
1269,4,2016-03-14 16:21:51.041,ACQUIRING,107
1270,4,2016-03-14 16:21:52.050,ACQUIRING,106
1271,4,2016-03-14 16:21:53.034,ACQUIRING,107
1272,4,2016-03-14 16:21:54.030,ACQUIRING,106
1273,4,2016-03-14 16:21:55.033,ACQUIRING,105
1274,4,2016-03-14 16:21:56.036,ACQUIRING,104
1275,4,2016-03-14 16:21:57.005,ACQUIRING,103
1276,4,2016-03-14 16:21:58.008,ACQUIRING,103
1277,4,2016-03-14 16:21:59.005,ACQUIRING,104
1278,4,2016-03-14 16:22:00.032,ACQUIRING,103
1279,4,2016-03-14 16:22:01.015,ACQUIRING,103
1280,4,2016-03-14 16:22:02.014,ACQUIRING,102
1281,4,2016-03-14 16:22:03.004,ACQUIRING,103
1282,4,2016-03-14 16:22:03.989,ACQUIRING,103
1283,4,2016-03-14 16:22:04.984,ACQUIRING,103
1284,4,2016-03-14 16:22:05.992,ACQUIRING,103
1285,4,2016-03-14 16:22:06.989,ACQUIRING,102
1286,4,2016-03-14 16:22:07.983,ACQUIRING,102
1287,4,2016-03-14 16:22:08.965,ACQUIRING,102
1288,4,2016-03-14 16:22:09.964,ACQUIRING,102
1289,4,2016-03-14 16:22:10.960,ACQUIRING,102
1290,4,2016-03-14 16:22:11.964,ACQUIRING,102
1291,4,2016-03-14 16:22:12.969,ACQUIRING,103
1292,4,2016-03-14 16:22:13.968,ACQUIRING,103
1293,4,2016-03-14 16:22:14.943,ACQUIRING,101
1294,4,2016-03-14 16:22:15.939,ACQUIRING,101
1295,4,2016-03-14 16:22:16.946,ACQUIRING,101
1296,4,2016-03-14 16:22:17.956,ACQUIRING,101
1297,4,2016-03-14 16:22:18.933,ACQUIRING,100
1298,4,2016-03-14 16:22:19.933,ACQUIRING,101
1299,4,2016-03-14 16:22:20.935,ACQUIRING,101
1300,4,2016-03-14 16:22:21.934,ACQUIRING,103
1301,4,2016-03-14 16:22:22.915,ACQUIRING,104
1302,4,2016-03-14 16:22:23.914,ACQUIRING,104
1303,4,2016-03-14 16:22:24.914,ACQUIRING,103
1304,4,2016-03-14 16:22:25.909,ACQUIRING,102
1305,4,2016-03-14 16:22:26.911,ACQUIRING,104
1306,4,2016-03-14 16:22:27.915,ACQUIRING,104
1307,4,2016-03-14 16:22:28.889,ACQUIRING,106
1308,4,2016-03-14 16:22:29.883,ACQUIRING,106
1309,4,2016-03-14 16:22:30.883,ACQUIRING,107
1310,4,2016-03-14 16:22:31.890,ACQUIRING,107
1311,4,2016-03-14 16:22:32.883,ACQUIRING,109
1312,4,2016-03-14 16:22:33.889,ACQUIRING,109
1313,4,2016-03-14 16:22:34.863,ACQUIRING,107
1314,4,2016-03-14 16:22:35.876,ACQUIRING,105
1315,4,2016-03-14 16:22:36.861,ACQUIRING,106
1316,4,2016-03-14 16:22:37.868,ACQUIRING,107
1317,4,2016-03-14 16:22:38.866,ACQUIRING,108
1318,4,2016-03-14 16:22:39.865,ACQUIRING,107
1319,4,2016-03-14 16:22:40.858,ACQUIRING,107
1320,4,2016-03-14 16:22:41.839,ACQUIRING,107
1321,4,2016-03-14 16:22:42.839,ACQUIRING,106
1322,4,2016-03-14 16:22:43.835,ACQUIRING,105
1323,4,2016-03-14 16:22:44.844,ACQUIRING,106
1324,4,2016-03-14 16:22:45.839,ACQUIRING,107
1325,4,2016-03-14 16:22:46.820,ACQUIRING,107
1326,4,2016-03-14 16:22:47.819,ACQUIRING,109
1327,4,2016-03-14 16:22:48.814,ACQUIRING,109
1328,4,2016-03-14 16:22:49.814,ACQUIRING,109
1329,4,2016-03-14 16:22:50.814,ACQUIRING,109
1330,4,2016-03-14 16:22:51.808,ACQUIRING,108
1331,4,2016-03-14 16:22:52.808,ACQUIRING,109
1332,4,2016-03-14 16:22:53.793,ACQUIRING,109
1333,4,2016-03-14 16:22:54.783,ACQUIRING,109
1334,4,2016-03-14 16:22:55.789,ACQUIRING,107
1335,4,2016-03-14 16:22:56.789,ACQUIRING,107
1336,4,2016-03-14 16:22:57.789,ACQUIRING,107
1337,4,2016-03-14 16:22:58.783,ACQUIRING,107
1338,4,2016-03-14 16:22:59.797,ACQUIRING,106
1339,4,2016-03-14 16:23:00.764,ACQUIRING,107
1340,4,2016-03-14 16:23:01.766,ACQUIRING,107
1341,4,2016-03-14 16:23:02.752,ACQUIRING,107
1342,4,2016-03-14 16:23:03.758,ACQUIRING,107
1343,4,2016-03-14 16:23:04.743,ACQUIRING,106
1344,4,2016-03-14 16:23:05.758,ACQUIRING,103
1345,4,2016-03-14 16:23:06.741,ACQUIRING,103
1346,4,2016-03-14 16:23:07.751,ACQUIRING,104
1347,4,2016-03-14 16:23:08.733,ACQUIRING,104
1348,4,2016-03-14 16:23:09.739,ACQUIRING,102
1349,4,2016-03-14 16:23:10.746,ACQUIRING,102
1350,4,2016-03-14 16:23:11.746,ACQUIRING,102
1351,4,2016-03-14 16:23:12.739,ACQUIRING,101
1352,4,2016-03-14 16:23:13.708,ACQUIRING,101
1353,4,2016-03-14 16:23:14.716,ACQUIRING,100
1354,4,2016-03-14 16:23:15.709,ACQUIRING,101
1355,4,2016-03-14 16:23:16.708,ACQUIRING,100
1356,4,2016-03-14 16:23:17.714,ACQUIRING,99
1357,4,2016-03-14 16:23:18.696,ACQUIRING,99
1358,4,2016-03-14 16:23:19.696,ACQUIRING,99
1359,4,2016-03-14 16:23:20.683,ACQUIRING,99
1360,4,2016-03-14 16:23:21.689,ACQUIRING,99
1361,4,2016-03-14 16:23:22.688,ACQUIRING,98
1362,4,2016-03-14 16:23:23.689,ACQUIRING,97
1363,4,2016-03-14 16:23:24.684,ACQUIRING,96
1364,4,2016-03-14 16:23:25.664,ACQUIRING,97
1365,4,2016-03-14 16:23:26.664,ACQUIRING,98
1366,4,2016-03-14 16:23:27.664,ACQUIRING,98
1367,4,2016-03-14 16:23:28.666,ACQUIRING,98
1368,4,2016-03-14 16:23:29.665,ACQUIRING,97
1369,4,2016-03-14 16:23:30.659,ACQUIRING,98
1370,4,2016-03-14 16:23:31.641,ACQUIRING,99
1371,4,2016-03-14 16:23:32.639,ACQUIRING,99
1372,4,2016-03-14 16:23:33.639,ACQUIRING,99
1373,4,2016-03-14 16:23:34.638,ACQUIRING,99
1374,4,2016-03-14 16:23:35.634,ACQUIRING,98
1375,4,2016-03-14 16:23:36.635,ACQUIRING,99
1376,4,2016-03-14 16:23:37.617,ACQUIRING,97
1377,4,2016-03-14 16:23:38.614,ACQUIRING,97
1378,4,2016-03-14 16:23:39.617,ACQUIRING,96
1379,4,2016-03-14 16:23:40.614,ACQUIRING,95
1380,4,2016-03-14 16:23:41.615,ACQUIRING,95
1381,4,2016-03-14 16:23:42.608,ACQUIRING,95
1382,4,2016-03-14 16:23:43.621,ACQUIRING,93
1383,4,2016-03-14 16:23:44.589,ACQUIRING,92
1384,4,2016-03-14 16:23:45.591,ACQUIRING,92
1385,4,2016-03-14 16:23:46.583,ACQUIRING,92
1386,4,2016-03-14 16:23:47.583,ACQUIRING,92
1387,4,2016-03-14 16:23:48.583,ACQUIRING,92
1388,4,2016-03-14 16:23:49.590,ACQUIRING,91
1389,4,2016-03-14 16:23:50.592,ACQUIRING,91
1390,4,2016-03-14 16:23:51.589,ACQUIRING,91
1391,4,2016-03-14 16:23:52.565,ACQUIRING,91
1392,4,2016-03-14 16:23:53.558,ACQUIRING,91
1393,4,2016-03-14 16:23:54.563,ACQUIRING,91
1394,4,2016-03-14 16:23:55.569,ACQUIRING,91
1395,4,2016-03-14 16:23:56.565,ACQUIRING,91
1396,4,2016-03-14 16:23:57.539,ACQUIRING,91
1397,4,2016-03-14 16:23:58.539,ACQUIRING,91
1398,4,2016-03-14 16:23:59.533,ACQUIRING,91
1399,4,2016-03-14 16:24:00.542,ACQUIRING,91
1400,4,2016-03-14 16:24:01.529,ACQUIRING,91
1401,4,2016-03-14 16:24:02.534,ACQUIRING,91
1402,4,2016-03-14 16:24:03.514,ACQUIRING,91
1403,4,2016-03-14 16:24:04.513,ACQUIRING,91
1404,4,2016-03-14 16:24:05.514,ACQUIRING,91
1405,4,2016-03-14 16:24:06.515,ACQUIRING,86
1406,4,2016-03-14 16:24:07.514,ACQUIRING,86
1407,4,2016-03-14 16:24:08.508,ACQUIRING,86
1408,4,2016-03-14 16:24:09.489,ACQUIRING,86
1409,4,2016-03-14 16:24:10.496,ACQUIRING,81
1410,4,2016-03-14 16:24:11.495,ACQUIRING,72
1411,4,2016-03-14 16:24:12.492,ACQUIRING,73
1412,4,2016-03-14 16:24:13.483,ACQUIRING,73
1413,4,2016-03-14 16:24:14.483,ACQUIRING,73
1414,4,2016-03-14 16:24:15.484,ACQUIRING,74
1415,4,2016-03-14 16:24:16.489,ACQUIRING,75
1416,4,2016-03-14 16:24:17.464,ACQUIRING,75
1417,4,2016-03-14 16:24:18.464,ACQUIRING,75
1418,4,2016-03-14 16:24:19.458,ACQUIRING,75
1419,4,2016-03-14 16:24:20.465,ACQUIRING,75
1420,4,2016-03-14 16:24:21.458,ACQUIRING,75
1421,4,2016-03-14 16:24:22.465,ACQUIRING,75
1422,4,2016-03-14 16:24:23.438,ACQUIRING,75
1423,4,2016-03-14 16:24:24.438,ACQUIRING,75
1424,4,2016-03-14 16:24:25.433,ACQUIRING,75
1425,4,2016-03-14 16:24:26.433,ACQUIRING,75
1426,4,2016-03-14 16:24:27.438,ACQUIRING,75
1427,4,2016-03-14 16:24:28.447,ACQUIRING,70
1428,4,2016-03-14 16:24:29.414,ACQUIRING,70
1429,4,2016-03-14 16:24:30.425,ACQUIRING,70
1430,4,2016-03-14 16:24:31.408,ACQUIRING,70
1431,4,2016-03-14 16:24:32.415,ACQUIRING,70
1432,4,2016-03-14 16:24:33.414,ACQUIRING,70
1433,4,2016-03-14 16:24:34.415,ACQUIRING,67
1434,4,2016-03-14 16:24:35.395,ACQUIRING,67
1435,4,2016-03-14 16:24:36.391,ACQUIRING,67
1436,4,2016-03-14 16:24:37.389,ACQUIRING,67
1437,4,2016-03-14 16:24:38.392,ACQUIRING,67
1438,4,2016-03-14 16:24:39.391,ACQUIRING,67
1439,4,2016-03-14 16:24:40.388,ACQUIRING,66
1440,4,2016-03-14 16:24:41.384,ACQUIRING,65
1441,4,2016-03-14 16:24:42.364,ACQUIRING,65
1442,4,2016-03-14 16:24:43.365,ACQUIRING,67
1443,4,2016-03-14 16:24:44.364,ACQUIRING,67
1444,4,2016-03-14 16:24:45.363,ACQUIRING,68
1445,4,2016-03-14 16:24:46.358,ACQUIRING,68
1446,4,2016-03-14 16:24:47.358,ACQUIRING,68
1447,4,2016-03-14 16:24:48.339,ACQUIRING,68
1448,4,2016-03-14 16:24:49.338,ACQUIRING,68
1449,4,2016-03-14 16:24:50.338,ACQUIRING,68
1450,4,2016-03-14 16:24:51.339,ACQUIRING,68
1451,4,2016-03-14 16:24:52.332,ACQUIRING,68
1452,4,2016-03-14 16:24:53.333,ACQUIRING,68
1453,4,2016-03-14 16:24:54.338,ACQUIRING,68
1454,4,2016-03-14 16:24:55.314,ACQUIRING,68
1455,4,2016-03-14 16:24:56.308,ACQUIRING,68
1456,4,2016-03-14 16:24:57.308,ACQUIRING,68
1457,4,2016-03-14 16:24:58.308,ACQUIRING,68
1458,4,2016-03-14 16:24:59.308,ACQUIRING,68
1459,4,2016-03-14 16:25:00.317,ACQUIRING,68
1460,4,2016-03-14 16:25:01.292,ACQUIRING,68
1461,4,2016-03-14 16:25:02.289,ACQUIRING,68
1462,4,2016-03-14 16:25:03.283,ACQUIRING,68
1463,4,2016-03-14 16:25:04.283,ACQUIRING,68
1464,4,2016-03-14 16:25:05.288,ACQUIRING,68
1465,4,2016-03-14 16:25:06.275,ACQUIRING,68
1466,4,2016-03-14 16:25:07.263,ACQUIRING,68
1467,4,2016-03-14 16:25:08.270,ACQUIRING,68
1468,4,2016-03-14 16:25:09.270,ACQUIRING,68
1469,4,2016-03-14 16:25:10.264,ACQUIRING,68
1470,4,2016-03-14 16:25:11.270,ACQUIRING,68
1471,4,2016-03-14 16:25:12.265,ACQUIRING,68
1472,4,2016-03-14 16:25:13.258,ACQUIRING,68
1473,4,2016-03-14 16:25:14.239,ACQUIRING,68
1474,4,2016-03-14 16:25:15.249,ACQUIRING,68
1475,4,2016-03-14 16:25:16.242,ACQUIRING,73
1476,4,2016-03-14 16:25:17.239,ACQUIRING,76
1477,4,2016-03-14 16:25:18.233,ACQUIRING,77
1478,4,2016-03-14 16:25:19.234,ACQUIRING,77
1479,4,2016-03-14 16:25:20.233,ACQUIRING,78
1480,4,2016-03-14 16:25:21.216,ACQUIRING,78
1481,4,2016-03-14 16:25:22.216,ACQUIRING,77
1482,4,2016-03-14 16:25:23.215,ACQUIRING,77
1483,4,2016-03-14 16:25:24.217,ACQUIRING,78
1484,4,2016-03-14 16:25:25.208,ACQUIRING,78
1485,4,2016-03-14 16:25:26.215,ACQUIRING,77
1486,4,2016-03-14 16:25:27.189,ACQUIRING,79
1487,4,2016-03-14 16:25:28.190,ACQUIRING,79
1488,4,2016-03-14 16:25:29.183,ACQUIRING,79
1489,4,2016-03-14 16:25:30.190,ACQUIRING,80
1490,4,2016-03-14 16:25:31.183,ACQUIRING,80
1491,4,2016-03-14 16:25:32.183,ACQUIRING,80
1492,4,2016-03-14 16:25:33.165,ACQUIRING,81
1493,4,2016-03-14 16:25:34.163,ACQUIRING,81
1494,4,2016-03-14 16:25:35.163,ACQUIRING,81
1495,4,2016-03-14 16:25:36.158,ACQUIRING,80
1496,4,2016-03-14 16:25:37.171,ACQUIRING,80
1497,4,2016-03-14 16:25:38.165,ACQUIRING,80
1498,4,2016-03-14 16:25:39.164,ACQUIRING,79
1499,4,2016-03-14 16:25:40.135,ACQUIRING,79
1500,4,2016-03-14 16:25:41.139,ACQUIRING,80
1501,4,2016-03-14 16:25:42.133,ACQUIRING,80
1502,4,2016-03-14 16:25:43.134,ACQUIRING,79
1503,4,2016-03-14 16:25:44.143,ACQUIRING,72
1504,4,2016-03-14 16:25:45.120,ACQUIRING,72
1505,4,2016-03-14 16:25:46.127,ACQUIRING,72
1506,4,2016-03-14 16:25:47.113,ACQUIRING,71
1507,4,2016-03-14 16:25:48.114,ACQUIRING,71
1508,4,2016-03-14 16:25:49.113,ACQUIRING,72
1509,4,2016-03-14 16:25:50.113,ACQUIRING,72
1510,4,2016-03-14 16:25:51.108,ACQUIRING,72
1511,4,2016-03-14 16:25:52.088,ACQUIRING,72
1512,4,2016-03-14 16:25:53.088,ACQUIRING,72
1513,4,2016-03-14 16:25:54.082,ACQUIRING,73
1514,4,2016-03-14 16:25:55.089,ACQUIRING,73
1515,4,2016-03-14 16:25:56.093,ACQUIRING,74
1516,4,2016-03-14 16:25:57.090,ACQUIRING,74
1517,4,2016-03-14 16:25:58.063,ACQUIRING,74
1518,4,2016-03-14 16:25:59.066,ACQUIRING,74
1519,4,2016-03-14 16:26:00.066,ACQUIRING,74
1520,4,2016-03-14 16:26:01.063,ACQUIRING,74
1521,4,2016-03-14 16:26:02.057,ACQUIRING,73
1522,4,2016-03-14 16:26:03.057,ACQUIRING,74
1523,4,2016-03-14 16:26:04.106,ACQUIRING,74
1524,4,2016-03-14 16:26:05.033,ACQUIRING,73
1525,4,2016-03-14 16:26:06.039,ACQUIRING,73
1526,4,2016-03-14 16:26:07.039,ACQUIRING,73
1527,4,2016-03-14 16:26:08.032,ACQUIRING,73
1528,4,2016-03-14 16:26:09.032,ACQUIRING,73
1529,4,2016-03-14 16:26:10.045,ACQUIRING,74
1530,4,2016-03-14 16:26:11.038,ACQUIRING,74
1531,4,2016-03-14 16:26:12.015,ACQUIRING,74
1532,4,2016-03-14 16:26:13.007,ACQUIRING,75
1533,4,2016-03-14 16:26:14.008,ACQUIRING,75
1534,4,2016-03-14 16:26:15.002,ACQUIRING,75
1535,4,2016-03-14 16:26:16.025,ACQUIRING,76
1536,4,2016-03-14 16:26:17.014,ACQUIRING,77
1537,4,2016-03-14 16:26:17.999,ACQUIRING,77
1538,4,2016-03-14 16:26:18.996,ACQUIRING,76
1539,4,2016-03-14 16:26:19.984,ACQUIRING,77
1540,4,2016-03-14 16:26:20.988,ACQUIRING,77
1541,4,2016-03-14 16:26:21.989,ACQUIRING,77
1542,4,2016-03-14 16:26:22.989,ACQUIRING,77
1543,4,2016-03-14 16:26:23.989,ACQUIRING,77
1544,4,2016-03-14 16:26:24.966,ACQUIRING,77
1545,4,2016-03-14 16:26:25.958,ACQUIRING,76
1546,4,2016-03-14 16:26:26.963,ACQUIRING,76
1547,4,2016-03-14 16:26:27.963,ACQUIRING,76
1548,4,2016-03-14 16:26:28.965,ACQUIRING,76
1549,4,2016-03-14 16:26:29.945,ACQUIRING,76
1550,4,2016-03-14 16:26:30.938,ACQUIRING,76
1551,4,2016-03-14 16:26:31.938,ACQUIRING,74
1552,4,2016-03-14 16:26:32.940,ACQUIRING,74
1553,4,2016-03-14 16:26:33.952,ACQUIRING,74
1554,4,2016-03-14 16:26:34.934,ACQUIRING,74
1555,4,2016-03-14 16:26:35.932,ACQUIRING,74
1556,4,2016-03-14 16:26:36.908,ACQUIRING,74
1557,4,2016-03-14 16:26:37.913,ACQUIRING,74
1558,4,2016-03-14 16:26:38.916,ACQUIRING,74
1559,4,2016-03-14 16:26:39.914,ACQUIRING,74
1560,4,2016-03-14 16:26:40.915,ACQUIRING,74
1561,4,2016-03-14 16:26:41.915,ACQUIRING,74
1562,4,2016-03-14 16:26:42.919,ACQUIRING,75
1563,4,2016-03-14 16:26:43.892,ACQUIRING,75
1564,4,2016-03-14 16:26:44.889,ACQUIRING,75
1565,4,2016-03-14 16:26:45.882,ACQUIRING,75
1566,4,2016-03-14 16:26:46.889,ACQUIRING,76
1567,4,2016-03-14 16:26:47.882,ACQUIRING,76
1568,4,2016-03-14 16:26:48.865,ACQUIRING,76
1569,4,2016-03-14 16:26:49.863,ACQUIRING,76
1570,4,2016-03-14 16:26:50.870,ACQUIRING,77
1571,4,2016-03-14 16:26:51.865,ACQUIRING,77
1572,4,2016-03-14 16:26:52.858,ACQUIRING,77
1573,4,2016-03-14 16:26:53.863,ACQUIRING,77
1574,4,2016-03-14 16:26:54.863,ACQUIRING,77
1575,4,2016-03-14 16:26:55.838,ACQUIRING,79
1576,4,2016-03-14 16:26:56.838,ACQUIRING,79
1577,4,2016-03-14 16:26:57.839,ACQUIRING,78
1578,4,2016-03-14 16:26:58.832,ACQUIRING,78
1579,4,2016-03-14 16:26:59.840,ACQUIRING,79
1580,4,2016-03-14 16:27:00.830,ACQUIRING,79
1581,4,2016-03-14 16:27:01.814,ACQUIRING,79
1582,4,2016-03-14 16:27:02.808,ACQUIRING,79
1583,4,2016-03-14 16:27:03.808,ACQUIRING,79
1584,4,2016-03-14 16:27:04.815,ACQUIRING,80
1585,4,2016-03-14 16:27:05.814,ACQUIRING,80
1586,4,2016-03-14 16:27:06.798,ACQUIRING,80
1587,4,2016-03-14 16:27:07.796,ACQUIRING,80
1588,4,2016-03-14 16:27:08.811,ACQUIRING,80
1589,4,2016-03-14 16:27:09.791,ACQUIRING,80
1590,4,2016-03-14 16:27:10.795,ACQUIRING,80
1591,4,2016-03-14 16:27:11.798,ACQUIRING,81
1592,4,2016-03-14 16:27:12.795,ACQUIRING,81
1593,4,2016-03-14 16:27:13.782,ACQUIRING,81
1594,4,2016-03-14 16:27:14.763,ACQUIRING,80
1595,4,2016-03-14 16:27:15.763,ACQUIRING,80
1596,4,2016-03-14 16:27:16.764,ACQUIRING,80
1597,4,2016-03-14 16:27:17.763,ACQUIRING,81
1598,4,2016-03-14 16:27:18.751,ACQUIRING,81
1599,4,2016-03-14 16:27:19.764,ACQUIRING,82
1600,4,2016-03-14 16:27:20.763,ACQUIRING,82
1601,4,2016-03-14 16:27:21.739,ACQUIRING,82
1602,4,2016-03-14 16:27:22.738,ACQUIRING,81
1603,4,2016-03-14 16:27:23.732,ACQUIRING,81
1604,4,2016-03-14 16:27:24.720,ACQUIRING,80
1605,4,2016-03-14 16:27:25.740,ACQUIRING,80
1606,4,2016-03-14 16:27:26.738,ACQUIRING,80
1607,4,2016-03-14 16:27:27.721,ACQUIRING,80
1608,4,2016-03-14 16:27:28.713,ACQUIRING,80
1609,4,2016-03-14 16:27:29.707,ACQUIRING,80
1610,4,2016-03-14 16:27:30.707,ACQUIRING,81
1611,4,2016-03-14 16:27:31.715,ACQUIRING,82
1612,4,2016-03-14 16:27:32.713,ACQUIRING,82
1613,4,2016-03-14 16:27:33.713,ACQUIRING,83
1614,4,2016-03-14 16:27:34.688,ACQUIRING,83
1615,4,2016-03-14 16:27:35.699,ACQUIRING,81
1616,4,2016-03-14 16:27:36.674,ACQUIRING,81
1617,4,2016-03-14 16:27:37.689,ACQUIRING,81
1618,4,2016-03-14 16:27:38.699,ACQUIRING,81
1619,4,2016-03-14 16:27:39.692,ACQUIRING,82
1620,4,2016-03-14 16:27:40.669,ACQUIRING,83
1621,4,2016-03-14 16:27:41.664,ACQUIRING,84
1622,4,2016-03-14 16:27:42.664,ACQUIRING,85
1623,4,2016-03-14 16:27:43.664,ACQUIRING,85
1624,4,2016-03-14 16:27:44.666,ACQUIRING,85
1625,4,2016-03-14 16:27:45.659,ACQUIRING,85
1626,4,2016-03-14 16:27:46.638,ACQUIRING,85
1627,4,2016-03-14 16:27:47.638,ACQUIRING,83
1628,4,2016-03-14 16:27:48.640,ACQUIRING,83
1629,4,2016-03-14 16:27:49.639,ACQUIRING,83
1630,4,2016-03-14 16:27:50.643,ACQUIRING,83
1631,4,2016-03-14 16:27:51.634,ACQUIRING,83
1632,4,2016-03-14 16:27:52.613,ACQUIRING,82
1633,4,2016-03-14 16:27:53.616,ACQUIRING,82
1634,4,2016-03-14 16:27:54.616,ACQUIRING,82
1635,4,2016-03-14 16:27:55.607,ACQUIRING,82
1636,4,2016-03-14 16:27:56.614,ACQUIRING,82
1637,4,2016-03-14 16:27:57.607,ACQUIRING,81
1638,4,2016-03-14 16:27:58.610,ACQUIRING,81
1639,4,2016-03-14 16:27:59.592,ACQUIRING,81
1640,4,2016-03-14 16:28:00.587,ACQUIRING,82
1641,4,2016-03-14 16:28:01.588,ACQUIRING,81
1642,4,2016-03-14 16:28:02.582,ACQUIRING,82
1643,4,2016-03-14 16:28:03.583,ACQUIRING,81
1644,4,2016-03-14 16:28:04.591,ACQUIRING,80
1645,4,2016-03-14 16:28:05.588,ACQUIRING,79
1646,4,2016-03-14 16:28:06.559,ACQUIRING,79
1647,4,2016-03-14 16:28:07.564,ACQUIRING,80
1648,4,2016-03-14 16:28:08.557,ACQUIRING,80
1649,4,2016-03-14 16:28:09.561,ACQUIRING,80
1650,4,2016-03-14 16:28:10.567,ACQUIRING,80
1651,4,2016-03-14 16:28:11.564,ACQUIRING,79
1652,4,2016-03-14 16:28:12.548,ACQUIRING,80
1653,4,2016-03-14 16:28:13.538,ACQUIRING,80
1654,4,2016-03-14 16:28:14.542,ACQUIRING,79
1655,4,2016-03-14 16:28:15.525,ACQUIRING,79
1656,4,2016-03-14 16:28:16.540,ACQUIRING,80
1657,4,2016-03-14 16:28:17.541,ACQUIRING,79
1658,4,2016-03-14 16:28:18.513,ACQUIRING,79
1659,4,2016-03-14 16:28:19.514,ACQUIRING,81
1660,4,2016-03-14 16:28:20.507,ACQUIRING,81
1661,4,2016-03-14 16:28:21.513,ACQUIRING,81
1662,4,2016-03-14 16:28:22.513,ACQUIRING,81
1663,4,2016-03-14 16:28:23.516,ACQUIRING,82
1664,4,2016-03-14 16:28:24.492,ACQUIRING,82
1665,4,2016-03-14 16:28:25.488,ACQUIRING,82
1666,4,2016-03-14 16:28:26.490,ACQUIRING,83
1667,4,2016-03-14 16:28:27.491,ACQUIRING,82
1668,4,2016-03-14 16:28:28.483,ACQUIRING,82
1669,4,2016-03-14 16:28:29.482,ACQUIRING,82
1670,4,2016-03-14 16:28:30.467,ACQUIRING,83
1671,4,2016-03-14 16:28:31.467,ACQUIRING,83
1672,4,2016-03-14 16:28:32.465,ACQUIRING,82
1673,4,2016-03-14 16:28:33.463,ACQUIRING,82
1674,4,2016-03-14 16:28:34.463,ACQUIRING,83
1675,4,2016-03-14 16:28:35.457,ACQUIRING,82
1676,4,2016-03-14 16:28:36.463,ACQUIRING,82
1677,4,2016-03-14 16:28:37.463,ACQUIRING,82
1678,4,2016-03-14 16:28:38.438,ACQUIRING,81
1679,4,2016-03-14 16:28:39.432,ACQUIRING,81
1680,4,2016-03-14 16:28:40.432,ACQUIRING,79
1681,4,2016-03-14 16:28:41.439,ACQUIRING,79
1682,4,2016-03-14 16:28:42.435,ACQUIRING,78
1683,4,2016-03-14 16:28:43.449,ACQUIRING,78
1684,4,2016-03-14 16:28:44.419,ACQUIRING,78
1685,4,2016-03-14 16:28:45.419,ACQUIRING,79
1686,4,2016-03-14 16:28:46.407,ACQUIRING,78
1687,4,2016-03-14 16:28:47.416,ACQUIRING,78
1688,4,2016-03-14 16:28:48.414,ACQUIRING,79
1689,4,2016-03-14 16:28:49.413,ACQUIRING,80
1690,4,2016-03-14 16:28:50.384,ACQUIRING,80
1691,4,2016-03-14 16:28:51.391,ACQUIRING,78
1692,4,2016-03-14 16:28:52.383,ACQUIRING,79
1693,4,2016-03-14 16:28:53.382,ACQUIRING,78
1694,4,2016-03-14 16:28:54.391,ACQUIRING,78
1695,4,2016-03-14 16:28:55.373,ACQUIRING,79
1696,4,2016-03-14 16:28:56.370,ACQUIRING,79
1697,4,2016-03-14 16:28:57.363,ACQUIRING,79
1698,4,2016-03-14 16:28:58.363,ACQUIRING,80
1699,4,2016-03-14 16:28:59.364,ACQUIRING,79
1700,4,2016-03-14 16:29:00.361,ACQUIRING,78
1701,4,2016-03-14 16:29:01.357,ACQUIRING,79
1702,4,2016-03-14 16:29:02.337,ACQUIRING,78
1703,4,2016-03-14 16:29:03.333,ACQUIRING,77
1704,4,2016-03-14 16:29:04.331,ACQUIRING,76
1705,4,2016-03-14 16:29:05.336,ACQUIRING,76
1706,4,2016-03-14 16:29:06.337,ACQUIRING,76
1707,4,2016-03-14 16:29:07.332,ACQUIRING,77
1708,4,2016-03-14 16:29:08.332,ACQUIRING,77
1709,4,2016-03-14 16:29:09.320,ACQUIRING,77
1710,4,2016-03-14 16:29:10.313,ACQUIRING,78
1711,4,2016-03-14 16:29:11.318,ACQUIRING,79
1712,4,2016-03-14 16:29:12.313,ACQUIRING,79
1713,4,2016-03-14 16:29:13.304,ACQUIRING,79
1714,4,2016-03-14 16:29:14.307,ACQUIRING,79
1715,4,2016-03-14 16:29:15.288,ACQUIRING,79
1716,4,2016-03-14 16:29:16.289,ACQUIRING,81
1717,4,2016-03-14 16:29:17.288,ACQUIRING,81
1718,4,2016-03-14 16:29:18.282,ACQUIRING,81
1719,4,2016-03-14 16:29:19.282,ACQUIRING,81
1720,4,2016-03-14 16:29:20.291,ACQUIRING,81
1721,4,2016-03-14 16:29:21.289,ACQUIRING,82
1722,4,2016-03-14 16:29:22.266,ACQUIRING,82
1723,4,2016-03-14 16:29:23.257,ACQUIRING,82
1724,4,2016-03-14 16:29:24.257,ACQUIRING,84
1725,4,2016-03-14 16:29:25.257,ACQUIRING,84
1726,4,2016-03-14 16:29:26.263,ACQUIRING,84
1727,4,2016-03-14 16:29:27.262,ACQUIRING,83
1728,4,2016-03-14 16:29:28.251,ACQUIRING,82
1729,4,2016-03-14 16:29:29.246,ACQUIRING,83
1730,4,2016-03-14 16:29:30.238,ACQUIRING,83
1731,4,2016-03-14 16:29:31.239,ACQUIRING,83
1732,4,2016-03-14 16:29:32.239,ACQUIRING,83
1733,4,2016-03-14 16:29:33.241,ACQUIRING,83
1734,4,2016-03-14 16:29:34.232,ACQUIRING,83
1735,4,2016-03-14 16:29:35.214,ACQUIRING,84
1736,4,2016-03-14 16:29:36.207,ACQUIRING,84
1737,4,2016-03-14 16:29:37.214,ACQUIRING,84
1738,4,2016-03-14 16:29:38.213,ACQUIRING,84
1739,4,2016-03-14 16:29:39.217,ACQUIRING,84
1740,4,2016-03-14 16:29:40.217,ACQUIRING,84
1741,4,2016-03-14 16:29:41.188,ACQUIRING,85
1742,4,2016-03-14 16:29:42.190,ACQUIRING,85
1743,4,2016-03-14 16:29:43.189,ACQUIRING,86
1744,4,2016-03-14 16:29:44.189,ACQUIRING,86
1745,4,2016-03-14 16:29:45.182,ACQUIRING,86
1746,4,2016-03-14 16:29:46.168,ACQUIRING,86
1747,4,2016-03-14 16:29:47.164,ACQUIRING,86
1748,4,2016-03-14 16:29:48.166,ACQUIRING,86
1749,4,2016-03-14 16:29:49.163,ACQUIRING,84
1750,4,2016-03-14 16:29:50.163,ACQUIRING,84
1751,4,2016-03-14 16:29:51.156,ACQUIRING,84
1752,4,2016-03-14 16:29:52.141,ACQUIRING,84
1753,4,2016-03-14 16:29:53.163,ACQUIRING,84
1754,4,2016-03-14 16:29:54.137,ACQUIRING,84
1755,4,2016-03-14 16:29:55.138,ACQUIRING,84
1756,4,2016-03-14 16:29:56.132,ACQUIRING,84
1757,4,2016-03-14 16:29:57.138,ACQUIRING,84
1758,4,2016-03-14 16:29:58.132,ACQUIRING,84
1759,4,2016-03-14 16:29:59.140,ACQUIRING,81
1760,4,2016-03-14 16:30:00.137,ACQUIRING,81
1761,4,2016-03-14 16:30:01.116,ACQUIRING,80
1762,4,2016-03-14 16:30:02.113,ACQUIRING,80
1763,4,2016-03-14 16:30:03.109,ACQUIRING,80
1764,4,2016-03-14 16:30:04.112,ACQUIRING,79
1765,4,2016-03-14 16:30:05.112,ACQUIRING,78
1766,4,2016-03-14 16:30:06.112,ACQUIRING,78
1767,4,2016-03-14 16:30:07.091,ACQUIRING,77
1768,4,2016-03-14 16:30:08.090,ACQUIRING,77
1769,4,2016-03-14 16:30:09.081,ACQUIRING,78
1770,4,2016-03-14 16:30:10.089,ACQUIRING,76
1771,4,2016-03-14 16:30:11.090,ACQUIRING,77
1772,4,2016-03-14 16:30:12.091,ACQUIRING,77
1773,4,2016-03-14 16:30:13.082,ACQUIRING,77
1774,4,2016-03-14 16:30:14.063,ACQUIRING,77
1775,4,2016-03-14 16:30:15.065,ACQUIRING,78
1776,4,2016-03-14 16:30:16.067,ACQUIRING,79
1777,4,2016-03-14 16:30:17.064,ACQUIRING,79
1778,4,2016-03-14 16:30:18.064,ACQUIRING,79
1779,4,2016-03-14 16:30:19.037,ACQUIRING,78
1780,4,2016-03-14 16:30:20.041,ACQUIRING,79
1781,4,2016-03-14 16:30:21.038,ACQUIRING,79
1782,4,2016-03-14 16:30:22.042,ACQUIRING,80
1783,4,2016-03-14 16:30:23.032,ACQUIRING,81
1784,4,2016-03-14 16:30:24.032,ACQUIRING,81
1785,4,2016-03-14 16:30:25.039,ACQUIRING,81
1786,4,2016-03-14 16:30:26.012,ACQUIRING,81
1787,4,2016-03-14 16:30:27.024,ACQUIRING,81
