_id,sensor_id,date,calories
1,6,2016-03-13 11:09:43.145,35018
2,6,2016-03-13 11:09:44.164,35018
3,6,2016-03-13 11:09:45.217,35018
4,6,2016-03-13 11:09:46.241,35018
5,6,2016-03-13 11:09:47.265,35018
6,6,2016-03-13 11:09:48.265,35018
7,6,2016-03-13 11:09:49.314,35018
8,6,2016-03-13 11:09:50.343,35018
9,6,2016-03-13 11:09:51.374,35018
10,6,2016-03-13 11:09:52.389,35018
11,6,2016-03-13 11:09:53.415,35018
12,6,2016-03-13 11:09:54.438,35018
13,6,2016-03-13 11:09:55.489,35018
14,6,2016-03-13 11:09:56.489,35018
15,6,2016-03-13 11:09:57.520,35018
16,6,2016-03-13 11:09:58.544,35018
17,6,2016-03-13 11:09:59.572,35018
18,6,2016-03-13 11:10:00.619,35018
19,6,2016-03-13 11:10:01.645,35018
20,6,2016-03-13 11:10:02.670,35018
21,6,2016-03-13 11:10:03.696,35018
22,6,2016-03-13 11:10:04.719,35018
23,6,2016-03-13 11:10:05.743,35018
24,6,2016-03-13 11:10:06.767,35018
25,6,2016-03-13 11:10:07.790,35018
26,6,2016-03-13 11:10:08.841,35018
27,6,2016-03-13 11:10:09.865,35018
28,6,2016-03-13 11:10:10.870,35018
29,6,2016-03-13 11:10:11.891,35018
30,6,2016-03-13 11:10:12.988,35018
31,6,2016-03-13 11:10:13.966,35018
32,6,2016-03-13 11:10:14.994,35018
33,6,2016-03-13 11:10:16.021,35018
34,6,2016-03-13 11:10:17.039,35018
35,6,2016-03-13 11:10:18.067,35019
36,6,2016-03-13 11:10:19.092,35019
37,6,2016-03-13 11:10:20.140,35019
38,6,2016-03-13 11:10:21.142,35019
39,6,2016-03-13 11:10:22.167,35019
40,6,2016-03-13 11:10:23.216,35019
41,6,2016-03-13 11:10:24.263,35019
42,6,2016-03-13 11:10:25.265,35019
43,6,2016-03-13 11:10:26.292,35019
44,6,2016-03-13 11:10:27.317,35019
45,6,2016-03-13 11:10:28.341,35019
46,6,2016-03-13 11:10:29.365,35019
47,6,2016-03-13 11:10:30.391,35019
48,6,2016-03-13 11:10:31.425,35019
49,6,2016-03-13 11:10:32.466,35019
50,6,2016-03-13 11:10:33.464,35019
51,6,2016-03-13 11:10:34.494,35019
52,6,2016-03-13 11:10:35.519,35019
53,6,2016-03-13 11:10:36.565,35019
54,6,2016-03-13 11:10:37.632,35019
55,6,2016-03-13 11:10:38.619,35019
56,6,2016-03-13 11:10:39.616,35019
57,6,2016-03-13 11:10:40.665,35019
58,6,2016-03-13 11:10:41.690,35019
59,6,2016-03-13 11:10:42.730,35019
60,6,2016-03-13 11:10:43.739,35019
61,6,2016-03-13 11:10:44.767,35019
62,6,2016-03-13 11:10:45.791,35019
63,6,2016-03-13 11:10:46.815,35019
64,6,2016-03-13 11:10:47.839,35019
65,6,2016-03-13 11:10:48.845,35019
66,6,2016-03-13 11:10:49.889,35019
67,6,2016-03-13 11:10:50.921,35019
68,6,2016-03-13 11:10:51.941,35019
69,6,2016-03-13 11:10:52.966,35019
70,6,2016-03-13 11:10:54.012,35019
71,6,2016-03-13 11:10:55.014,35019
72,6,2016-03-13 11:10:56.039,35019
73,6,2016-03-13 11:10:57.067,35019
74,6,2016-03-13 11:10:58.092,35019
75,6,2016-03-13 11:10:59.151,35019
76,6,2016-03-13 11:11:00.116,35019
77,6,2016-03-13 11:11:01.164,35020
78,6,2016-03-13 11:11:02.168,35020
79,6,2016-03-13 11:11:03.205,35020
80,6,2016-03-13 11:11:04.244,35020
81,6,2016-03-13 11:11:05.270,35020
82,6,2016-03-13 11:11:06.265,35020
83,6,2016-03-13 11:11:07.298,35020
84,6,2016-03-13 11:11:08.342,35020
85,6,2016-03-13 11:11:09.364,35020
86,6,2016-03-13 11:11:10.364,35020
87,6,2016-03-13 11:11:11.402,35020
88,6,2016-03-13 11:11:12.433,35020
89,6,2016-03-13 11:11:13.485,35020
90,6,2016-03-13 11:11:14.519,35020
91,6,2016-03-13 11:11:15.493,35020
92,6,2016-03-13 11:11:16.522,35020
93,6,2016-03-13 11:11:17.544,35020
94,6,2016-03-13 11:11:18.566,35020
95,6,2016-03-13 11:11:19.572,35020
96,6,2016-03-13 11:11:20.634,35020
97,6,2016-03-13 11:11:21.694,35020
98,6,2016-03-13 11:11:22.665,35020
99,6,2016-03-13 11:11:23.691,35020
100,6,2016-03-13 11:11:24.716,35020
101,6,2016-03-13 11:11:25.714,35020
102,6,2016-03-13 11:11:26.767,35020
103,6,2016-03-13 11:11:27.791,35020
104,6,2016-03-13 11:11:28.802,35020
105,6,2016-03-13 11:11:29.822,35020
106,6,2016-03-13 11:11:30.867,35020
107,6,2016-03-13 11:11:31.889,35020
108,6,2016-03-13 11:11:32.889,35020
109,6,2016-03-13 11:11:33.938,35020
110,6,2016-03-13 11:11:34.965,35020
111,6,2016-03-13 11:11:35.989,35020
112,6,2016-03-13 11:11:36.989,35020
113,6,2016-03-13 11:11:38.014,35020
114,6,2016-03-13 11:11:39.039,35020
115,6,2016-03-13 11:11:40.069,35020
116,6,2016-03-13 11:11:41.096,35020
117,6,2016-03-13 11:11:42.135,35020
118,6,2016-03-13 11:11:43.159,35020
119,6,2016-03-13 11:11:44.165,35020
120,6,2016-03-13 11:11:45.189,35021
121,6,2016-03-13 11:11:46.217,35021
122,6,2016-03-13 11:11:47.242,35021
123,6,2016-03-13 11:11:48.267,35021
124,6,2016-03-13 11:11:49.289,35021
125,6,2016-03-13 11:11:50.319,35021
126,6,2016-03-13 11:11:51.339,35021
127,6,2016-03-13 11:11:52.364,35021
128,6,2016-03-13 11:11:53.397,35021
129,6,2016-03-13 11:11:54.425,35021
130,6,2016-03-13 11:11:55.418,35021
131,6,2016-03-13 11:11:56.444,35021
132,6,2016-03-13 11:11:57.489,35021
133,6,2016-03-13 11:11:58.490,35021
134,6,2016-03-13 11:11:59.516,35021
135,6,2016-03-13 11:12:00.567,35021
136,6,2016-03-13 11:12:01.600,35021
137,6,2016-03-13 11:12:02.596,35021
138,6,2016-03-13 11:12:03.614,35021
139,6,2016-03-13 11:12:04.664,35021
140,6,2016-03-13 11:12:05.664,35021
141,6,2016-03-13 11:12:06.695,35021
142,6,2016-03-13 11:12:07.738,35021
143,6,2016-03-13 11:12:08.745,35021
144,6,2016-03-13 11:12:09.767,35021
145,6,2016-03-13 11:12:10.791,35021
146,6,2016-03-13 11:12:11.817,35021
147,6,2016-03-13 11:12:12.842,35021
148,6,2016-03-13 11:12:13.866,35021
149,6,2016-03-13 11:12:14.889,35021
150,6,2016-03-13 11:12:15.916,35021
151,6,2016-03-13 11:12:16.944,35021
152,6,2016-03-13 11:12:17.958,35021
153,6,2016-03-13 11:12:18.991,35021
154,6,2016-03-13 11:12:20.017,35021
155,6,2016-03-13 11:12:21.031,35021
156,6,2016-03-13 11:12:22.069,35021
157,6,2016-03-13 11:12:23.093,35021
158,6,2016-03-13 11:12:24.119,35021
159,6,2016-03-13 11:12:25.114,35021
160,6,2016-03-13 11:12:26.164,35021
161,6,2016-03-13 11:12:27.189,35021
162,6,2016-03-13 11:12:28.217,35022
163,6,2016-03-13 11:12:29.241,35022
164,6,2016-03-13 11:12:30.247,35022
165,6,2016-03-13 11:12:31.266,35022
166,6,2016-03-13 11:12:32.288,35022
167,6,2016-03-13 11:12:33.366,35022
168,6,2016-03-13 11:12:34.352,35022
169,6,2016-03-13 11:12:35.367,35022
170,6,2016-03-13 11:12:36.405,35022
171,6,2016-03-13 11:12:37.413,35022
172,6,2016-03-13 11:12:38.439,35022
173,6,2016-03-13 11:12:39.465,35022
174,6,2016-03-13 11:12:40.488,35022
175,6,2016-03-13 11:12:41.539,35022
176,6,2016-03-13 11:12:42.539,35022
177,6,2016-03-13 11:12:43.564,35022
178,6,2016-03-13 11:12:44.591,35022
179,6,2016-03-13 11:12:45.613,35022
180,6,2016-03-13 11:12:46.639,35022
181,6,2016-03-13 11:12:47.668,35022
182,6,2016-03-13 11:12:48.689,35022
183,6,2016-03-13 11:12:49.717,35022
184,6,2016-03-13 11:12:50.715,35022
185,6,2016-03-13 11:12:51.764,35022
186,6,2016-03-13 11:12:52.791,35022
187,6,2016-03-13 11:12:53.814,35022
188,6,2016-03-13 11:12:54.814,35022
189,6,2016-03-13 11:12:55.869,35022
190,6,2016-03-13 11:12:56.892,35022
191,6,2016-03-13 11:12:57.889,35022
192,6,2016-03-13 11:12:58.974,35022
193,6,2016-03-13 11:12:59.966,35022
194,6,2016-03-13 11:13:00.967,35022
195,6,2016-03-13 11:13:01.990,35022
196,6,2016-03-13 11:13:03.016,35022
197,6,2016-03-13 11:13:04.039,35022
198,6,2016-03-13 11:13:05.072,35022
199,6,2016-03-13 11:13:06.090,35022
200,6,2016-03-13 11:13:07.114,35022
201,6,2016-03-13 11:13:08.140,35022
202,6,2016-03-13 11:13:09.167,35022
203,6,2016-03-13 11:13:10.193,35022
204,6,2016-03-13 11:13:11.252,35023
205,6,2016-03-13 11:13:12.241,35023
206,6,2016-03-13 11:13:13.271,35023
207,6,2016-03-13 11:13:14.291,35023
208,6,2016-03-13 11:13:15.313,35023
209,6,2016-03-13 11:13:16.316,35023
210,6,2016-03-13 11:13:17.364,35023
211,6,2016-03-13 11:13:18.390,35023
212,6,2016-03-13 11:13:19.400,35023
213,6,2016-03-13 11:13:20.416,35023
214,6,2016-03-13 11:13:21.445,35023
215,6,2016-03-13 11:13:22.469,35023
216,6,2016-03-13 11:13:23.490,35023
217,6,2016-03-13 11:13:24.519,35023
218,6,2016-03-13 11:13:25.544,35023
219,6,2016-03-13 11:13:26.567,35023
220,6,2016-03-13 11:13:27.591,35023
221,6,2016-03-13 11:13:28.613,35023
222,6,2016-03-13 11:13:29.640,35023
223,6,2016-03-13 11:13:30.666,35023
224,6,2016-03-13 11:13:31.692,35023
225,6,2016-03-13 11:13:32.741,35023
226,6,2016-03-13 11:13:33.739,35023
227,6,2016-03-13 11:13:34.750,35023
228,6,2016-03-13 11:13:35.789,35023
229,6,2016-03-13 11:13:36.799,35023
230,6,2016-03-13 11:13:37.836,35023
231,6,2016-03-13 11:13:38.864,35023
232,6,2016-03-13 11:13:39.890,35023
233,6,2016-03-13 11:13:40.917,35023
234,6,2016-03-13 11:13:41.919,35023
235,6,2016-03-13 11:13:42.964,35023
236,6,2016-03-13 11:13:43.988,35023
237,6,2016-03-13 11:13:45.017,35023
238,6,2016-03-13 11:13:46.044,35023
239,6,2016-03-13 11:13:47.066,35023
240,6,2016-03-13 11:13:48.091,35023
241,6,2016-03-13 11:13:49.114,35023
242,6,2016-03-13 11:13:50.133,35023
243,6,2016-03-13 11:13:51.170,35023
244,6,2016-03-13 11:13:52.163,35023
245,6,2016-03-13 11:13:53.193,35023
246,6,2016-03-13 11:13:54.216,35024
247,6,2016-03-13 11:13:55.239,35024
248,6,2016-03-13 11:13:56.266,35024
249,6,2016-03-13 11:13:57.288,35024
250,6,2016-03-13 11:13:58.316,35024
251,6,2016-03-13 11:13:59.339,35024
252,6,2016-03-13 11:14:00.364,35024
253,6,2016-03-13 11:14:01.397,35024
254,6,2016-03-13 11:14:02.414,35024
255,6,2016-03-13 11:14:03.441,35024
256,6,2016-03-13 11:14:04.488,35024
257,6,2016-03-13 11:14:05.488,35024
258,6,2016-03-13 11:14:06.516,35024
259,6,2016-03-13 11:14:07.541,35024
260,6,2016-03-13 11:14:08.565,35024
261,6,2016-03-13 11:14:09.596,35024
262,6,2016-03-13 11:14:10.617,35024
263,6,2016-03-13 11:14:11.614,35024
264,6,2016-03-13 11:14:12.669,35024
265,6,2016-03-13 11:14:13.696,35024
266,6,2016-03-13 11:14:14.690,35024
267,6,2016-03-13 11:14:15.737,35024
268,6,2016-03-13 11:14:16.747,35024
269,6,2016-03-13 11:14:17.769,35024
270,6,2016-03-13 11:14:18.794,35024
271,6,2016-03-13 11:14:19.820,35024
272,6,2016-03-13 11:14:20.840,35024
273,6,2016-03-13 11:14:21.867,35024
274,6,2016-03-13 11:14:22.890,35024
275,6,2016-03-13 11:14:23.916,35024
276,6,2016-03-13 11:14:24.943,35024
277,6,2016-03-13 11:14:25.983,35024
278,6,2016-03-13 11:14:26.990,35024
279,6,2016-03-13 11:14:28.015,35024
280,6,2016-03-13 11:14:29.030,35024
281,6,2016-03-13 11:14:30.065,35024
282,6,2016-03-13 11:14:31.090,35024
283,6,2016-03-13 11:14:32.118,35024
284,6,2016-03-13 11:14:33.144,35024
285,6,2016-03-13 11:14:34.164,35024
286,6,2016-03-13 11:14:35.191,35024
287,6,2016-03-13 11:14:36.216,35024
288,6,2016-03-13 11:14:37.239,35025
289,6,2016-03-13 11:14:38.251,35025
290,6,2016-03-13 11:14:39.289,35025
291,6,2016-03-13 11:14:40.321,35025
292,6,2016-03-13 11:14:41.339,35025
293,6,2016-03-13 11:14:42.352,35025
294,6,2016-03-13 11:14:43.390,35025
295,6,2016-03-13 11:14:44.419,35025
296,6,2016-03-13 11:14:45.416,35025
297,6,2016-03-13 11:14:46.442,35025
298,6,2016-03-13 11:14:47.465,35025
299,6,2016-03-13 11:14:48.495,35025
300,6,2016-03-13 11:14:49.514,35025
301,6,2016-03-13 11:14:50.539,35025
302,6,2016-03-13 11:14:51.564,35025
303,6,2016-03-13 11:14:52.589,35025
304,6,2016-03-13 11:14:53.615,35025
305,6,2016-03-13 11:14:54.638,35025
306,6,2016-03-13 11:14:55.663,35025
307,6,2016-03-13 11:14:56.697,35025
308,6,2016-03-13 11:14:57.718,35025
309,6,2016-03-13 11:14:58.742,35025
310,6,2016-03-13 11:14:59.765,35025
311,6,2016-03-13 11:15:00.793,35025
312,6,2016-03-13 11:15:01.817,35025
313,6,2016-03-13 11:15:02.840,35025
314,6,2016-03-13 11:15:03.864,35025
315,6,2016-03-13 11:15:04.889,35025
316,6,2016-03-13 11:15:05.915,35025
317,6,2016-03-13 11:15:06.918,35025
318,6,2016-03-13 11:15:07.957,35025
319,6,2016-03-13 11:15:08.975,35025
320,6,2016-03-13 11:15:09.988,35025
321,6,2016-03-13 11:15:11.020,35025
322,6,2016-03-13 11:15:12.064,35025
323,6,2016-03-13 11:15:13.065,35025
324,6,2016-03-13 11:15:14.090,35025
325,6,2016-03-13 11:15:15.116,35025
326,6,2016-03-13 11:15:16.139,35025
327,6,2016-03-13 11:15:17.163,35025
328,6,2016-03-13 11:15:18.191,35025
329,6,2016-03-13 11:15:19.217,35025
330,6,2016-03-13 11:15:20.266,35026
331,6,2016-03-13 11:15:21.264,35026
332,6,2016-03-13 11:15:22.282,35026
333,6,2016-03-13 11:15:23.317,35026
334,6,2016-03-13 11:15:24.340,35026
335,6,2016-03-13 11:15:25.343,35026
336,6,2016-03-13 11:15:26.409,35026
337,6,2016-03-13 11:15:27.454,35026
338,6,2016-03-13 11:15:28.438,35026
339,6,2016-03-13 11:15:29.463,35026
340,6,2016-03-13 11:15:30.510,35026
341,6,2016-03-13 11:15:31.569,35026
342,6,2016-03-13 11:15:32.538,35026
343,6,2016-03-13 11:15:33.569,35026
344,6,2016-03-13 11:15:34.576,35026
345,6,2016-03-13 11:15:35.614,35026
346,6,2016-03-13 11:15:36.650,35026
347,6,2016-03-13 11:15:37.664,35026
348,6,2016-03-13 11:15:38.698,35026
349,6,2016-03-13 11:15:39.716,35026
350,6,2016-03-13 11:15:40.717,35026
351,6,2016-03-13 11:15:41.734,35026
352,6,2016-03-13 11:15:42.764,35026
353,6,2016-03-13 11:15:43.788,35026
354,6,2016-03-13 11:15:44.815,35026
355,6,2016-03-13 11:15:45.864,35026
356,6,2016-03-13 11:15:46.863,35026
357,6,2016-03-13 11:15:47.894,35026
358,6,2016-03-13 11:15:48.919,35026
359,6,2016-03-13 11:15:49.946,35026
360,6,2016-03-13 11:15:50.964,35026
361,6,2016-03-13 11:15:51.998,35026
362,6,2016-03-13 11:15:53.016,35026
363,6,2016-03-13 11:15:54.039,35026
364,6,2016-03-13 11:15:55.064,35026
365,6,2016-03-13 11:15:56.096,35026
366,6,2016-03-13 11:15:57.120,35026
367,6,2016-03-13 11:15:58.142,35026
368,6,2016-03-13 11:15:59.145,35026
369,6,2016-03-13 11:16:00.191,35026
370,6,2016-03-13 11:16:01.218,35026
371,6,2016-03-13 11:16:02.216,35026
372,6,2016-03-13 11:16:03.269,35027
373,6,2016-03-13 11:16:04.290,35027
374,6,2016-03-13 11:16:05.290,35027
375,6,2016-03-13 11:16:06.317,35027
376,6,2016-03-13 11:16:07.363,35027
377,6,2016-03-13 11:16:08.365,35027
378,6,2016-03-13 11:16:09.388,35027
379,6,2016-03-13 11:16:10.428,35027
380,6,2016-03-13 11:16:11.464,35027
381,6,2016-03-13 11:16:12.464,35027
382,6,2016-03-13 11:16:13.507,35027
383,6,2016-03-13 11:16:14.505,35027
384,6,2016-03-13 11:16:15.548,35027
385,6,2016-03-13 11:16:16.564,35027
386,6,2016-03-13 11:16:17.589,35027
387,6,2016-03-13 11:16:18.614,35027
388,6,2016-03-13 11:16:19.638,35027
389,6,2016-03-13 11:16:20.639,35027
390,6,2016-03-13 11:16:21.692,35027
391,6,2016-03-13 11:16:22.743,35027
392,6,2016-03-13 11:16:23.739,35027
393,6,2016-03-13 11:16:24.767,35027
394,6,2016-03-13 11:16:25.791,35027
395,6,2016-03-13 11:16:26.855,35027
396,6,2016-03-13 11:16:27.814,35027
397,6,2016-03-13 11:16:28.868,35027
398,6,2016-03-13 11:16:29.866,35027
399,6,2016-03-13 11:16:30.889,35027
400,6,2016-03-13 11:16:31.916,35027
401,6,2016-03-13 11:16:32.940,35027
402,6,2016-03-13 11:16:33.968,35027
403,6,2016-03-13 11:16:34.990,35027
404,6,2016-03-13 11:16:36.018,35027
405,6,2016-03-13 11:16:37.064,35027
406,6,2016-03-13 11:16:38.066,35027
407,6,2016-03-13 11:16:39.092,35027
408,6,2016-03-13 11:16:40.116,35027
409,6,2016-03-13 11:16:41.146,35027
410,6,2016-03-13 11:16:42.143,35027
411,6,2016-03-13 11:16:43.189,35027
412,6,2016-03-13 11:16:44.216,35027
413,6,2016-03-13 11:16:45.240,35027
414,6,2016-03-13 11:16:46.239,35028
415,6,2016-03-13 11:16:47.276,35028
416,6,2016-03-13 11:16:48.314,35028
417,6,2016-03-13 11:16:49.341,35028
418,6,2016-03-13 11:16:50.363,35028
419,6,2016-03-13 11:16:51.374,35028
420,6,2016-03-13 11:16:52.425,35028
421,6,2016-03-13 11:16:53.441,35028
422,6,2016-03-13 11:16:54.444,35028
423,6,2016-03-13 11:16:55.488,35028
424,6,2016-03-13 11:16:56.514,35028
425,6,2016-03-13 11:16:57.517,35028
426,6,2016-03-13 11:16:58.565,35028
427,6,2016-03-13 11:16:59.565,35028
428,6,2016-03-13 11:17:00.590,35028
429,6,2016-03-13 11:17:01.613,35028
430,6,2016-03-13 11:17:02.663,35028
431,6,2016-03-13 11:17:03.663,35028
432,6,2016-03-13 11:17:04.696,35028
433,6,2016-03-13 11:17:05.718,35028
434,6,2016-03-13 11:17:06.738,35028
435,6,2016-03-13 11:17:07.763,35028
436,6,2016-03-13 11:17:08.790,35028
437,6,2016-03-13 11:17:09.818,35028
438,6,2016-03-13 11:17:10.839,35028
439,6,2016-03-13 11:17:11.864,35028
440,6,2016-03-13 11:17:12.889,35028
441,6,2016-03-13 11:17:13.921,35028
442,6,2016-03-13 11:17:14.936,35028
443,6,2016-03-13 11:17:15.968,35028
444,6,2016-03-13 11:17:16.986,35028
445,6,2016-03-13 11:17:18.035,35028
446,6,2016-03-13 11:17:19.019,35028
447,6,2016-03-13 11:17:20.040,35028
448,6,2016-03-13 11:17:21.089,35028
449,6,2016-03-13 11:17:22.089,35028
450,6,2016-03-13 11:17:23.116,35028
451,6,2016-03-13 11:17:24.140,35028
452,6,2016-03-13 11:17:25.166,35028
453,6,2016-03-13 11:17:26.189,35028
454,6,2016-03-13 11:17:27.220,35028
455,6,2016-03-13 11:17:28.265,35028
456,6,2016-03-13 11:17:29.265,35029
457,6,2016-03-13 11:17:30.309,35029
458,6,2016-03-13 11:17:31.316,35029
459,6,2016-03-13 11:17:32.364,35029
460,6,2016-03-13 11:17:33.392,35029
461,6,2016-03-13 11:17:34.390,35029
462,6,2016-03-13 11:17:35.439,35029
463,6,2016-03-13 11:17:36.438,35029
464,6,2016-03-13 11:17:37.440,35029
465,6,2016-03-13 11:17:38.489,35029
466,6,2016-03-13 11:17:39.514,35029
467,6,2016-03-13 11:17:40.538,35029
468,6,2016-03-13 11:17:41.563,35029
469,6,2016-03-13 11:17:42.568,35029
470,6,2016-03-13 11:17:43.617,35029
471,6,2016-03-13 11:17:44.639,35029
472,6,2016-03-13 11:17:45.665,35029
473,6,2016-03-13 11:17:46.690,35029
474,6,2016-03-13 11:17:47.718,35029
475,6,2016-03-13 11:17:48.742,35029
476,6,2016-03-13 11:17:49.739,35029
477,6,2016-03-13 11:17:50.790,35029
478,6,2016-03-13 11:17:51.815,35029
479,6,2016-03-13 11:17:52.814,35029
480,6,2016-03-13 11:17:53.855,35029
481,6,2016-03-13 11:17:54.864,35029
482,6,2016-03-13 11:17:55.897,35029
483,6,2016-03-13 11:17:56.915,35029
484,6,2016-03-13 11:17:57.970,35029
485,6,2016-03-13 11:17:58.964,35029
486,6,2016-03-13 11:17:59.989,35029
487,6,2016-03-13 11:18:01.024,35029
488,6,2016-03-13 11:18:02.023,35029
489,6,2016-03-13 11:18:03.063,35029
490,6,2016-03-13 11:18:04.091,35029
491,6,2016-03-13 11:18:05.118,35029
492,6,2016-03-13 11:18:06.141,35029
493,6,2016-03-13 11:18:07.171,35029
494,6,2016-03-13 11:18:08.167,35029
495,6,2016-03-13 11:18:09.220,35029
496,6,2016-03-13 11:18:10.253,35029
497,6,2016-03-13 11:18:11.275,35029
498,6,2016-03-13 11:18:12.298,35030
499,6,2016-03-13 11:18:13.315,35030
500,6,2016-03-13 11:18:14.314,35030
501,6,2016-03-13 11:18:15.340,35030
502,6,2016-03-13 11:18:16.389,35030
503,6,2016-03-13 11:18:17.390,35030
504,6,2016-03-13 11:18:18.424,35030
505,6,2016-03-13 11:18:19.442,35030
506,6,2016-03-13 11:18:20.491,35030
507,6,2016-03-13 11:18:21.496,35030
508,6,2016-03-13 11:18:22.524,35030
509,6,2016-03-13 11:18:23.539,35030
510,6,2016-03-13 11:18:24.602,35030
511,6,2016-03-13 11:18:25.590,35030
512,6,2016-03-13 11:18:26.614,35030
513,6,2016-03-13 11:18:27.666,35030
514,6,2016-03-13 11:18:28.690,35030
515,6,2016-03-13 11:18:29.691,35030
516,6,2016-03-13 11:18:30.714,35030
517,6,2016-03-13 11:18:31.740,35030
518,6,2016-03-13 11:18:32.759,35030
519,6,2016-03-13 11:18:33.789,35030
520,6,2016-03-13 11:18:34.828,35030
521,6,2016-03-13 11:18:35.839,35030
522,6,2016-03-13 11:18:36.867,35030
523,6,2016-03-13 11:18:37.891,35030
524,6,2016-03-13 11:18:38.918,35030
525,6,2016-03-13 11:18:39.942,35030
526,6,2016-03-13 11:18:40.965,35030
527,6,2016-03-13 11:18:41.993,35030
528,6,2016-03-13 11:18:43.030,35030
529,6,2016-03-13 11:18:44.040,35030
530,6,2016-03-13 11:18:45.052,35030
531,6,2016-03-13 11:18:46.089,35030
532,6,2016-03-13 11:18:47.118,35030
533,6,2016-03-13 11:18:48.121,35030
534,6,2016-03-13 11:18:49.139,35030
535,6,2016-03-13 11:18:50.194,35030
536,6,2016-03-13 11:18:51.188,35030
537,6,2016-03-13 11:18:52.214,35030
538,6,2016-03-13 11:18:53.241,35030
539,6,2016-03-13 11:18:54.266,35030
540,6,2016-03-13 11:18:55.292,35031
541,6,2016-03-13 11:18:56.331,35031
542,6,2016-03-13 11:18:57.349,35031
543,6,2016-03-13 11:18:58.363,35031
544,6,2016-03-13 11:18:59.390,35031
545,6,2016-03-13 11:19:00.442,35031
546,6,2016-03-13 11:19:01.444,35031
547,6,2016-03-13 11:19:02.464,35031
548,6,2016-03-13 11:19:03.490,35031
549,6,2016-03-13 11:19:04.513,35031
550,6,2016-03-13 11:19:05.542,35031
551,6,2016-03-13 11:19:06.565,35031
552,6,2016-03-13 11:19:07.589,35031
553,6,2016-03-13 11:19:08.616,35031
554,6,2016-03-13 11:19:09.614,35031
555,6,2016-03-13 11:19:10.641,35031
556,6,2016-03-13 11:19:11.688,35031
557,6,2016-03-13 11:19:12.687,35031
558,6,2016-03-13 11:19:13.731,35031
559,6,2016-03-13 11:19:14.749,35031
560,6,2016-03-13 11:19:15.791,35031
561,6,2016-03-13 11:19:16.815,35031
562,6,2016-03-13 11:19:17.824,35031
563,6,2016-03-13 11:19:18.842,35031
564,6,2016-03-13 11:19:19.892,35031
565,6,2016-03-13 11:19:20.913,35031
566,6,2016-03-13 11:19:21.914,35031
567,6,2016-03-13 11:19:22.963,35031
568,6,2016-03-13 11:19:23.995,35031
569,6,2016-03-13 11:19:24.988,35031
570,6,2016-03-13 11:19:26.037,35031
571,6,2016-03-13 11:19:27.052,35031
572,6,2016-03-13 11:19:28.066,35031
573,6,2016-03-13 11:19:29.089,35031
574,6,2016-03-13 11:19:30.115,35031
575,6,2016-03-13 11:19:31.144,35031
576,6,2016-03-13 11:19:32.166,35031
577,6,2016-03-13 11:19:33.191,35031
578,6,2016-03-13 11:19:34.214,35031
579,6,2016-03-13 11:19:35.240,35031
580,6,2016-03-13 11:19:36.265,35031
581,6,2016-03-13 11:19:37.288,35031
582,6,2016-03-13 11:19:38.314,35031
583,6,2016-03-13 11:19:39.342,35032
584,6,2016-03-13 11:19:40.340,35032
585,6,2016-03-13 11:19:41.389,35032
586,6,2016-03-13 11:19:42.435,35032
587,6,2016-03-13 11:19:43.428,35032
588,6,2016-03-13 11:19:44.440,35032
589,6,2016-03-13 11:19:45.492,35032
590,6,2016-03-13 11:19:46.492,35032
591,6,2016-03-13 11:19:47.514,35032
592,6,2016-03-13 11:19:48.548,35032
593,6,2016-03-13 11:19:49.552,35032
594,6,2016-03-13 11:19:50.593,35032
595,6,2016-03-13 11:19:51.633,35032
596,6,2016-03-13 11:19:52.643,35032
597,6,2016-03-13 11:19:53.663,35032
598,6,2016-03-13 11:19:54.690,35032
599,6,2016-03-13 11:19:55.713,35032
600,6,2016-03-13 11:19:56.738,35032
601,6,2016-03-13 11:19:57.764,35032
602,6,2016-03-13 11:19:58.790,35032
603,6,2016-03-13 11:19:59.814,35032
604,6,2016-03-13 11:20:00.827,35032
605,6,2016-03-13 11:20:01.843,35032
606,6,2016-03-13 11:20:02.889,35032
607,6,2016-03-13 11:20:03.916,35032
608,6,2016-03-13 11:20:04.924,35032
609,6,2016-03-13 11:20:05.944,35032
610,6,2016-03-13 11:20:06.991,35032
611,6,2016-03-13 11:20:08.018,35032
612,6,2016-03-13 11:20:09.015,35032
613,6,2016-03-13 11:20:10.044,35032
614,6,2016-03-13 11:20:11.088,35032
615,6,2016-03-13 11:20:12.114,35032
616,6,2016-03-13 11:20:13.140,35032
617,6,2016-03-13 11:20:14.140,35032
618,6,2016-03-13 11:20:15.157,35032
619,6,2016-03-13 11:20:16.187,35032
620,6,2016-03-13 11:20:17.234,35032
621,6,2016-03-13 11:20:18.263,35032
622,6,2016-03-13 11:20:19.270,35032
623,6,2016-03-13 11:20:20.293,35032
624,6,2016-03-13 11:20:21.322,35032
625,6,2016-03-13 11:20:22.339,35033
626,6,2016-03-13 11:20:23.364,35033
627,6,2016-03-13 11:20:24.389,35033
628,6,2016-03-13 11:20:25.419,35033
629,6,2016-03-13 11:20:26.439,35033
630,6,2016-03-13 11:20:27.466,35033
631,6,2016-03-13 11:20:28.487,35033
632,6,2016-03-13 11:20:29.518,35033
633,6,2016-03-13 11:20:30.520,35033
634,6,2016-03-13 11:20:31.543,35033
635,6,2016-03-13 11:20:32.593,35033
636,6,2016-03-13 11:20:33.615,35033
637,6,2016-03-13 11:20:34.614,35033
638,6,2016-03-13 11:20:35.638,35033
639,6,2016-03-13 11:20:36.689,35033
640,6,2016-03-13 11:20:37.717,35033
641,6,2016-03-13 11:20:38.713,35033
642,6,2016-03-13 11:20:39.739,35033
643,6,2016-03-13 11:20:40.790,35033
644,6,2016-03-13 11:20:41.784,35033
645,6,2016-03-13 11:20:42.837,35033
646,6,2016-03-13 11:20:43.861,35033
647,6,2016-03-13 11:20:44.876,35033
648,6,2016-03-13 11:20:45.896,35033
649,6,2016-03-13 11:20:46.924,35033
650,6,2016-03-13 11:20:47.940,35033
651,6,2016-03-13 11:20:48.963,35033
652,6,2016-03-13 11:20:49.990,35033
653,6,2016-03-13 11:20:51.019,35033
654,6,2016-03-13 11:20:52.039,35033
655,6,2016-03-13 11:20:53.078,35033
656,6,2016-03-13 11:20:54.092,35033
657,6,2016-03-13 11:20:55.115,35033
658,6,2016-03-13 11:20:56.128,35033
659,6,2016-03-13 11:20:57.139,35033
660,6,2016-03-13 11:20:58.190,35033
661,6,2016-03-13 11:20:59.217,35033
662,6,2016-03-13 11:21:00.239,35033
663,6,2016-03-13 11:21:01.239,35033
664,6,2016-03-13 11:21:02.290,35033
665,6,2016-03-13 11:21:03.290,35033
666,6,2016-03-13 11:21:04.317,35033
667,6,2016-03-13 11:21:05.351,35034
668,6,2016-03-13 11:21:06.368,35034
669,6,2016-03-13 11:21:07.388,35034
670,6,2016-03-13 11:21:08.426,35034
671,6,2016-03-13 11:21:09.446,35034
672,6,2016-03-13 11:21:10.464,35034
673,6,2016-03-13 11:21:11.489,35034
674,6,2016-03-13 11:21:12.513,35034
675,6,2016-03-13 11:21:13.538,35034
676,6,2016-03-13 11:21:14.567,35034
677,6,2016-03-13 11:21:15.589,35034
678,6,2016-03-13 11:21:16.617,35034
679,6,2016-03-13 11:21:17.638,35034
680,6,2016-03-13 11:21:18.663,35034
681,6,2016-03-13 11:21:19.688,35034
682,6,2016-03-13 11:21:20.714,35034
683,6,2016-03-13 11:21:21.728,35034
684,6,2016-03-13 11:21:22.742,35034
685,6,2016-03-13 11:21:23.797,35034
686,6,2016-03-13 11:21:24.817,35034
687,6,2016-03-13 11:21:25.839,35034
688,6,2016-03-13 11:21:26.839,35034
689,6,2016-03-13 11:21:27.892,35034
690,6,2016-03-13 11:21:28.916,35034
691,6,2016-03-13 11:21:29.939,35034
692,6,2016-03-13 11:21:30.940,35034
693,6,2016-03-13 11:21:31.991,35034
694,6,2016-03-13 11:21:33.013,35034
695,6,2016-03-13 11:21:34.044,35034
696,6,2016-03-13 11:21:35.049,35034
697,6,2016-03-13 11:21:36.099,35034
698,6,2016-03-13 11:21:37.091,35034
699,6,2016-03-13 11:21:38.115,35034
700,6,2016-03-13 11:21:39.141,35034
701,6,2016-03-13 11:21:40.166,35034
702,6,2016-03-13 11:21:41.190,35034
703,6,2016-03-13 11:21:42.214,35034
704,6,2016-03-13 11:21:43.238,35034
705,6,2016-03-13 11:21:44.267,35034
706,6,2016-03-13 11:21:45.289,35034
707,6,2016-03-13 11:21:46.313,35034
708,6,2016-03-13 11:21:47.338,35034
709,6,2016-03-13 11:21:48.368,35035
710,6,2016-03-13 11:21:49.388,35035
711,6,2016-03-13 11:21:50.419,35035
712,6,2016-03-13 11:21:51.461,35035
713,6,2016-03-13 11:21:52.447,35035
714,6,2016-03-13 11:21:53.488,35035
715,6,2016-03-13 11:21:54.514,35035
716,6,2016-03-13 11:21:55.539,35035
717,6,2016-03-13 11:21:56.564,35035
718,6,2016-03-13 11:21:57.568,35035
719,6,2016-03-13 11:21:58.590,35035
720,6,2016-03-13 11:21:59.621,35035
721,6,2016-03-13 11:22:00.643,35035
722,6,2016-03-13 11:22:01.669,35035
723,6,2016-03-13 11:22:02.690,35035
724,6,2016-03-13 11:22:03.719,35035
725,6,2016-03-13 11:22:04.740,35035
726,6,2016-03-13 11:22:05.765,35035
727,6,2016-03-13 11:22:06.788,35035
728,6,2016-03-13 11:22:07.816,35035
729,6,2016-03-13 11:22:08.841,35035
730,6,2016-03-13 11:22:09.854,35035
731,6,2016-03-13 11:22:10.889,35035
732,6,2016-03-13 11:22:11.914,35035
733,6,2016-03-13 11:22:12.940,35035
734,6,2016-03-13 11:22:13.962,35035
735,6,2016-03-13 11:22:14.988,35035
736,6,2016-03-13 11:22:16.013,35035
737,6,2016-03-13 11:22:17.039,35035
738,6,2016-03-13 11:22:18.043,35035
739,6,2016-03-13 11:22:19.079,35035
740,6,2016-03-13 11:22:20.113,35035
741,6,2016-03-13 11:22:21.138,35035
742,6,2016-03-13 11:22:22.162,35035
743,6,2016-03-13 11:22:23.189,35035
744,6,2016-03-13 11:22:24.215,35035
745,6,2016-03-13 11:22:25.239,35035
746,6,2016-03-13 11:22:26.247,35035
747,6,2016-03-13 11:22:27.284,35035
748,6,2016-03-13 11:22:28.316,35035
749,6,2016-03-13 11:22:29.314,35035
750,6,2016-03-13 11:22:30.342,35035
751,6,2016-03-13 11:22:31.388,35036
752,6,2016-03-13 11:22:32.388,35036
753,6,2016-03-13 11:22:33.418,35036
754,6,2016-03-13 11:22:34.443,35036
755,6,2016-03-13 11:22:35.466,35036
756,6,2016-03-13 11:22:36.489,35036
757,6,2016-03-13 11:22:37.513,35036
758,6,2016-03-13 11:22:38.537,35036
759,6,2016-03-13 11:22:39.564,35036
760,6,2016-03-13 11:22:40.591,35036
761,6,2016-03-13 11:22:41.613,35036
762,6,2016-03-13 11:22:42.640,35036
763,6,2016-03-13 11:22:43.665,35036
764,6,2016-03-13 11:22:44.664,35036
765,6,2016-03-13 11:22:45.715,35036
766,6,2016-03-13 11:22:46.737,35036
767,6,2016-03-13 11:22:47.763,35036
768,6,2016-03-13 11:22:48.792,35036
769,6,2016-03-13 11:22:49.818,35036
770,6,2016-03-13 11:22:50.829,35036
771,6,2016-03-13 11:22:51.865,35036
772,6,2016-03-13 11:22:52.879,35036
773,6,2016-03-13 11:22:53.899,35036
774,6,2016-03-13 11:22:54.916,35036
775,6,2016-03-13 11:22:55.941,35036
776,6,2016-03-13 11:22:56.967,35036
777,6,2016-03-13 11:22:57.992,35036
778,6,2016-03-13 11:22:59.022,35036
779,6,2016-03-13 11:23:00.040,35036
780,6,2016-03-13 11:23:01.069,35036
781,6,2016-03-13 11:23:02.098,35036
782,6,2016-03-13 11:23:03.116,35036
783,6,2016-03-13 11:23:04.137,35036
784,6,2016-03-13 11:23:05.193,35036
785,6,2016-03-13 11:23:06.187,35036
786,6,2016-03-13 11:23:07.213,35036
787,6,2016-03-13 11:23:08.270,35036
788,6,2016-03-13 11:23:09.242,35036
789,6,2016-03-13 11:23:10.265,35036
790,6,2016-03-13 11:23:11.317,35036
791,6,2016-03-13 11:23:12.339,35036
792,6,2016-03-13 11:23:13.368,35036
793,6,2016-03-13 11:23:14.374,35037
794,6,2016-03-13 11:23:15.399,35037
795,6,2016-03-13 11:23:16.448,35037
796,6,2016-03-13 11:23:17.477,35037
797,6,2016-03-13 11:23:18.487,35037
798,6,2016-03-13 11:23:19.514,35037
799,6,2016-03-13 11:23:20.542,35037
800,6,2016-03-13 11:23:21.538,35037
801,6,2016-03-13 11:23:22.593,35037
802,6,2016-03-13 11:23:23.592,35037
803,6,2016-03-13 11:23:24.617,35037
804,6,2016-03-13 11:23:25.637,35037
805,6,2016-03-13 11:23:26.690,35037
806,6,2016-03-13 11:23:27.689,35037
807,6,2016-03-13 11:23:28.714,35037
808,6,2016-03-13 11:23:29.737,35037
809,6,2016-03-13 11:23:30.764,35037
810,6,2016-03-13 11:23:31.789,35037
811,6,2016-03-13 11:23:32.818,35037
812,6,2016-03-13 11:23:33.841,35037
813,6,2016-03-13 11:23:34.863,35037
814,6,2016-03-13 11:23:35.889,35037
815,6,2016-03-13 11:23:36.917,35037
816,6,2016-03-13 11:23:37.939,35037
817,6,2016-03-13 11:23:38.968,35037
818,6,2016-03-13 11:23:39.965,35037
819,6,2016-03-13 11:23:41.016,35037
820,6,2016-03-13 11:23:42.039,35037
821,6,2016-03-13 11:23:43.058,35037
822,6,2016-03-13 11:23:44.075,35037
823,6,2016-03-13 11:23:45.108,35037
824,6,2016-03-13 11:23:46.116,35037
825,6,2016-03-13 11:23:47.139,35037
826,6,2016-03-13 11:23:48.165,35037
827,6,2016-03-13 11:23:49.190,35037
828,6,2016-03-13 11:23:50.214,35037
829,6,2016-03-13 11:23:51.239,35037
830,6,2016-03-13 11:23:52.288,35037
831,6,2016-03-13 11:23:53.291,35037
832,6,2016-03-13 11:23:54.314,35037
833,6,2016-03-13 11:23:55.335,35037
834,6,2016-03-13 11:23:56.360,35037
835,6,2016-03-13 11:23:57.385,35038
836,6,2016-03-13 11:23:58.412,35038
837,6,2016-03-13 11:23:59.436,35038
838,6,2016-03-13 11:24:00.468,35038
839,6,2016-03-13 11:24:01.462,35038
840,6,2016-03-13 11:24:02.495,35038
841,6,2016-03-13 11:24:03.540,35038
842,6,2016-03-13 11:24:04.563,35038
843,6,2016-03-13 11:24:05.562,35038
844,6,2016-03-13 11:24:06.599,35038
845,6,2016-03-13 11:24:07.640,35038
846,6,2016-03-13 11:24:08.665,35038
847,6,2016-03-13 11:24:09.690,35038
848,6,2016-03-13 11:24:10.719,35038
849,6,2016-03-13 11:24:11.737,35038
850,6,2016-03-13 11:24:12.737,35038
851,6,2016-03-13 11:24:13.762,35038
852,6,2016-03-13 11:24:14.789,35038
853,6,2016-03-13 11:24:15.815,35038
854,6,2016-03-13 11:24:16.841,35038
855,6,2016-03-13 11:24:17.889,35038
856,6,2016-03-13 11:24:18.892,35038
857,6,2016-03-13 11:24:19.912,35038
858,6,2016-03-13 11:24:20.938,35038
859,6,2016-03-13 11:24:21.991,35038
860,6,2016-03-13 11:24:22.988,35038
861,6,2016-03-13 11:24:24.014,35038
862,6,2016-03-13 11:24:25.038,35038
863,6,2016-03-13 11:24:26.062,35038
864,6,2016-03-13 11:24:27.088,35038
865,6,2016-03-13 11:24:28.138,35038
866,6,2016-03-13 11:24:29.139,35038
867,6,2016-03-13 11:24:30.163,35038
868,6,2016-03-13 11:24:31.162,35038
869,6,2016-03-13 11:24:32.218,35038
870,6,2016-03-13 11:24:33.243,35038
871,6,2016-03-13 11:24:34.264,35038
872,6,2016-03-13 11:24:35.269,35038
873,6,2016-03-13 11:24:36.319,35038
874,6,2016-03-13 11:24:37.340,35038
875,6,2016-03-13 11:24:38.339,35038
876,6,2016-03-13 11:24:39.365,35038
877,6,2016-03-13 11:24:40.415,35039
878,6,2016-03-13 11:24:41.418,35039
879,6,2016-03-13 11:24:42.447,35039
880,6,2016-03-13 11:24:43.487,35039
881,6,2016-03-13 11:24:44.488,35039
882,6,2016-03-13 11:24:45.515,35039
883,6,2016-03-13 11:24:46.540,35039
884,6,2016-03-13 11:24:47.590,35039
885,6,2016-03-13 11:24:48.585,35039
886,6,2016-03-13 11:24:49.618,35039
887,6,2016-03-13 11:24:50.639,35039
888,6,2016-03-13 11:24:51.663,35039
889,6,2016-03-13 11:24:52.688,35039
890,6,2016-03-13 11:24:53.714,35039
891,6,2016-03-13 11:24:54.738,35039
892,6,2016-03-13 11:24:55.765,35039
893,6,2016-03-13 11:24:56.762,35039
894,6,2016-03-13 11:24:57.814,35039
895,6,2016-03-13 11:24:58.838,35039
896,6,2016-03-13 11:24:59.865,35039
897,6,2016-03-13 11:25:00.941,35039
898,6,2016-03-13 11:25:01.943,35039
899,6,2016-03-13 11:25:02.996,35039
900,6,2016-03-13 11:25:03.967,35039
901,6,2016-03-13 11:25:05.033,35039
902,6,2016-03-13 11:25:06.011,35039
903,6,2016-03-13 11:25:07.015,35039
904,6,2016-03-13 11:25:08.080,35039
905,6,2016-03-13 11:25:09.105,35039
906,6,2016-03-13 11:25:10.094,35039
907,6,2016-03-13 11:25:11.138,35039
908,6,2016-03-13 11:25:12.193,35039
909,6,2016-03-13 11:25:13.182,35039
910,6,2016-03-13 11:25:14.189,35039
911,6,2016-03-13 11:25:15.215,35039
912,6,2016-03-13 11:25:16.255,35039
913,6,2016-03-13 11:25:17.319,35039
914,6,2016-03-13 11:25:18.290,35039
915,6,2016-03-13 11:25:19.313,35039
916,6,2016-03-13 11:25:20.342,35039
917,6,2016-03-13 11:25:21.365,35039
918,6,2016-03-13 11:25:22.389,35039
919,6,2016-03-13 11:25:23.420,35040
920,6,2016-03-13 11:25:24.438,35040
921,6,2016-03-13 11:25:25.465,35040
922,6,2016-03-13 11:25:26.490,35040
923,6,2016-03-13 11:25:27.514,35040
924,6,2016-03-13 11:25:28.537,35040
925,6,2016-03-13 11:25:29.568,35040
926,6,2016-03-13 11:25:30.565,35040
927,6,2016-03-13 11:25:31.616,35040
928,6,2016-03-13 11:25:32.637,35040
929,6,2016-03-13 11:25:33.637,35040
930,6,2016-03-13 11:25:34.662,35040
931,6,2016-03-13 11:25:35.713,35040
932,6,2016-03-13 11:25:36.713,35040
933,6,2016-03-13 11:25:37.739,35040
934,6,2016-03-13 11:25:38.763,35040
935,6,2016-03-13 11:25:39.787,35040
936,6,2016-03-13 11:25:40.829,35040
937,6,2016-03-13 11:25:41.843,35040
938,6,2016-03-13 11:25:42.890,35040
939,6,2016-03-13 11:25:43.891,35040
940,6,2016-03-13 11:25:44.917,35040
941,6,2016-03-13 11:25:45.938,35040
942,6,2016-03-13 11:25:46.965,35040
943,6,2016-03-13 11:25:47.988,35040
944,6,2016-03-13 11:25:49.013,35040
945,6,2016-03-13 11:25:50.040,35040
946,6,2016-03-13 11:25:51.065,35040
947,6,2016-03-13 11:25:52.087,35040
948,6,2016-03-13 11:25:53.128,35040
949,6,2016-03-13 11:25:54.148,35040
950,6,2016-03-13 11:25:55.164,35040
951,6,2016-03-13 11:25:56.197,35040
952,6,2016-03-13 11:25:57.216,35040
953,6,2016-03-13 11:25:58.242,35040
954,6,2016-03-13 11:25:59.265,35040
955,6,2016-03-13 11:26:00.262,35040
956,6,2016-03-13 11:26:01.298,35040
957,6,2016-03-13 11:26:02.314,35040
958,6,2016-03-13 11:26:03.337,35040
959,6,2016-03-13 11:26:04.363,35040
960,6,2016-03-13 11:26:05.387,35040
961,6,2016-03-13 11:26:06.428,35041
962,6,2016-03-13 11:26:07.456,35041
963,6,2016-03-13 11:26:08.462,35041
964,6,2016-03-13 11:26:09.512,35041
965,6,2016-03-13 11:26:10.515,35041
966,6,2016-03-13 11:26:11.537,35041
967,6,2016-03-13 11:26:12.587,35041
968,6,2016-03-13 11:26:13.588,35041
969,6,2016-03-13 11:26:14.621,35041
970,6,2016-03-13 11:26:15.652,35041
971,6,2016-03-13 11:26:16.663,35041
972,6,2016-03-13 11:26:17.688,35041
973,6,2016-03-13 11:26:18.729,35041
974,6,2016-03-13 11:26:19.741,35041
975,6,2016-03-13 11:26:20.768,35041
976,6,2016-03-13 11:26:21.790,35041
977,6,2016-03-13 11:26:22.815,35041
978,6,2016-03-13 11:26:23.837,35041
979,6,2016-03-13 11:26:24.868,35041
980,6,2016-03-13 11:26:25.862,35041
981,6,2016-03-13 11:26:26.914,35041
982,6,2016-03-13 11:26:27.938,35041
983,6,2016-03-13 11:26:28.944,35041
984,6,2016-03-13 11:26:29.964,35041
985,6,2016-03-13 11:26:30.989,35041
986,6,2016-03-13 11:26:32.015,35041
987,6,2016-03-13 11:26:33.037,35041
988,6,2016-03-13 11:26:34.062,35041
989,6,2016-03-13 11:26:35.090,35041
990,6,2016-03-13 11:26:36.112,35041
991,6,2016-03-13 11:26:37.152,35041
992,6,2016-03-13 11:26:38.167,35041
993,6,2016-03-13 11:26:39.188,35041
994,6,2016-03-13 11:26:40.213,35041
995,6,2016-03-13 11:26:41.239,35041
996,6,2016-03-13 11:26:42.264,35041
997,6,2016-03-13 11:26:43.287,35041
998,6,2016-03-13 11:26:44.295,35041
999,6,2016-03-13 11:26:45.354,35041
1000,6,2016-03-13 11:26:46.368,35041
1001,6,2016-03-13 11:26:47.366,35041
1002,6,2016-03-13 11:26:48.421,35041
1003,6,2016-03-13 11:26:49.437,35042
1004,6,2016-03-13 11:26:50.438,35042
1005,6,2016-03-13 11:26:51.463,35042
1006,6,2016-03-13 11:26:52.512,35042
1007,6,2016-03-13 11:26:53.512,35042
1008,6,2016-03-13 11:26:54.537,35042
1009,6,2016-03-13 11:26:55.561,35042
1010,6,2016-03-13 11:26:56.587,35042
1011,6,2016-03-13 11:26:57.625,35042
1012,6,2016-03-13 11:26:58.648,35042
1013,6,2016-03-13 11:26:59.665,35042
1014,6,2016-03-13 11:27:00.727,35042
1015,6,2016-03-13 11:27:01.717,35042
1016,6,2016-03-13 11:27:02.737,35042
1017,6,2016-03-13 11:27:03.765,35042
1018,6,2016-03-13 11:27:04.815,35042
1019,6,2016-03-13 11:27:05.788,35042
1020,6,2016-03-13 11:27:06.858,35042
1021,6,2016-03-13 11:27:07.867,35042
1022,6,2016-03-13 11:27:08.890,35042
1023,6,2016-03-13 11:27:09.945,35042
1024,6,2016-03-13 11:27:10.955,35042
1025,6,2016-03-13 11:27:11.967,35042
1026,6,2016-03-13 11:27:12.995,35042
1027,6,2016-03-13 11:27:14.060,35042
1028,6,2016-03-13 11:27:15.038,35042
1029,6,2016-03-13 11:27:16.063,35042
1030,6,2016-03-13 11:27:17.088,35042
1031,6,2016-03-13 11:27:18.114,35042
1032,6,2016-03-13 11:27:19.138,35042
1033,6,2016-03-13 11:27:20.164,35042
1034,6,2016-03-13 11:27:21.164,35042
1035,6,2016-03-13 11:27:22.212,35042
1036,6,2016-03-13 11:27:23.239,35042
1037,6,2016-03-13 11:27:24.239,35042
1038,6,2016-03-13 11:27:25.264,35042
1039,6,2016-03-13 11:27:26.315,35042
1040,6,2016-03-13 11:27:27.312,35042
1041,6,2016-03-13 11:27:28.337,35042
1042,6,2016-03-13 11:27:29.363,35042
1043,6,2016-03-13 11:27:30.389,35042
1044,6,2016-03-13 11:27:31.413,35042
1045,6,2016-03-13 11:27:32.447,35042
1046,6,2016-03-13 11:27:33.474,35043
1047,6,2016-03-13 11:27:34.489,35043
1048,6,2016-03-13 11:27:35.519,35043
1049,6,2016-03-13 11:27:36.546,35043
1050,6,2016-03-13 11:27:37.566,35043
1051,6,2016-03-13 11:27:38.589,35043
1052,6,2016-03-13 11:27:39.614,35043
1053,6,2016-03-13 11:27:40.638,35043
1054,6,2016-03-13 11:27:41.667,35043
1055,6,2016-03-13 11:27:42.687,35043
1056,6,2016-03-13 11:27:43.715,35043
1057,6,2016-03-13 11:27:44.739,35043
1058,6,2016-03-13 11:27:45.763,35043
1059,6,2016-03-13 11:27:46.789,35043
1060,6,2016-03-13 11:27:47.814,35043
1061,6,2016-03-13 11:27:48.837,35043
1062,6,2016-03-13 11:27:49.862,35043
1063,6,2016-03-13 11:27:50.872,35043
1064,6,2016-03-13 11:27:51.913,35043
1065,6,2016-03-13 11:27:52.912,35043
1066,6,2016-03-13 11:27:53.939,35043
1067,6,2016-03-13 11:27:54.962,35043
1068,6,2016-03-13 11:27:56.013,35043
1069,6,2016-03-13 11:27:57.017,35043
1070,6,2016-03-13 11:27:58.038,35043
1071,6,2016-03-13 11:27:59.063,35043
1072,6,2016-03-13 11:28:00.116,35043
1073,6,2016-03-13 11:28:01.115,35043
1074,6,2016-03-13 11:28:02.155,35043
1075,6,2016-03-13 11:28:03.180,35043
1076,6,2016-03-13 11:28:04.187,35043
1077,6,2016-03-13 11:28:05.211,35043
1078,6,2016-03-13 11:28:06.237,35043
1079,6,2016-03-13 11:28:07.264,35043
1080,6,2016-03-13 11:28:08.289,35043
1081,6,2016-03-13 11:28:09.313,35043
1082,6,2016-03-13 11:28:10.339,35043
1083,6,2016-03-13 11:28:11.363,35043
1084,6,2016-03-13 11:28:12.389,35043
1085,6,2016-03-13 11:28:13.421,35043
1086,6,2016-03-13 11:28:14.438,35043
1087,6,2016-03-13 11:28:15.470,35043
1088,6,2016-03-13 11:28:16.473,35044
1089,6,2016-03-13 11:28:17.490,35044
1090,6,2016-03-13 11:28:18.538,35044
1091,6,2016-03-13 11:28:19.537,35044
1092,6,2016-03-13 11:28:20.565,35044
1093,6,2016-03-13 11:28:21.614,35044
1094,6,2016-03-13 11:28:22.612,35044
1095,6,2016-03-13 11:28:23.642,35044
1096,6,2016-03-13 11:28:24.677,35044
1097,6,2016-03-13 11:28:25.692,35044
1098,6,2016-03-13 11:28:26.711,35044
1099,6,2016-03-13 11:28:27.740,35044
1100,6,2016-03-13 11:28:28.764,35044
1101,6,2016-03-13 11:28:29.787,35044
1102,6,2016-03-13 11:28:30.814,35044
1103,6,2016-03-13 11:28:31.839,35044
1104,6,2016-03-13 11:28:32.862,35044
1105,6,2016-03-13 11:28:33.887,35044
1106,6,2016-03-13 11:28:34.913,35044
1107,6,2016-03-13 11:28:35.940,35044
1108,6,2016-03-13 11:28:36.964,35044
1109,6,2016-03-13 11:28:37.969,35044
1110,6,2016-03-13 11:28:39.012,35044
1111,6,2016-03-13 11:28:40.037,35044
1112,6,2016-03-13 11:28:41.037,35044
1113,6,2016-03-13 11:28:42.065,35044
1114,6,2016-03-13 11:28:43.127,35044
1115,6,2016-03-13 11:28:44.112,35044
1116,6,2016-03-13 11:28:45.140,35044
1117,6,2016-03-13 11:28:46.174,35044
1118,6,2016-03-13 11:28:47.214,35044
1119,6,2016-03-13 11:28:48.212,35044
1120,6,2016-03-13 11:28:49.240,35044
1121,6,2016-03-13 11:28:50.265,35044
1122,6,2016-03-13 11:28:51.312,35044
1123,6,2016-03-13 11:28:52.337,35044
1124,6,2016-03-13 11:28:53.347,35044
1125,6,2016-03-13 11:28:54.369,35044
1126,6,2016-03-13 11:28:55.389,35044
1127,6,2016-03-13 11:28:56.387,35044
1128,6,2016-03-13 11:28:57.439,35044
1129,6,2016-03-13 11:28:58.466,35044
1130,6,2016-03-13 11:28:59.488,35045
1131,6,2016-03-13 11:29:00.513,35045
1132,6,2016-03-13 11:29:01.537,35045
1133,6,2016-03-13 11:29:02.572,35045
1134,6,2016-03-13 11:29:03.588,35045
1135,6,2016-03-13 11:29:04.614,35045
1136,6,2016-03-13 11:29:05.636,35045
1137,6,2016-03-13 11:29:06.668,35045
1138,6,2016-03-13 11:29:07.686,35045
1139,6,2016-03-13 11:29:08.718,35045
1140,6,2016-03-13 11:29:09.738,35045
1141,6,2016-03-13 11:29:10.737,35045
1142,6,2016-03-13 11:29:11.762,35045
1143,6,2016-03-13 11:29:12.814,35045
1144,6,2016-03-13 11:29:13.813,35045
1145,6,2016-03-13 11:29:14.838,35045
1146,6,2016-03-13 11:29:15.867,35045
1147,6,2016-03-13 11:29:16.912,35045
1148,6,2016-03-13 11:29:17.912,35045
1149,6,2016-03-13 11:29:18.959,35045
1150,6,2016-03-13 11:29:19.968,35045
1151,6,2016-03-13 11:29:21.015,35045
1152,6,2016-03-13 11:29:22.018,35045
1153,6,2016-03-13 11:29:23.039,35045
1154,6,2016-03-13 11:29:24.064,35045
1155,6,2016-03-13 11:29:25.091,35045
1156,6,2016-03-13 11:29:26.113,35045
1157,6,2016-03-13 11:29:27.139,35045
1158,6,2016-03-13 11:29:28.175,35045
1159,6,2016-03-13 11:29:29.189,35045
1160,6,2016-03-13 11:29:30.189,35045
1161,6,2016-03-13 11:29:31.226,35045
1162,6,2016-03-13 11:29:32.264,35045
1163,6,2016-03-13 11:29:33.262,35045
1164,6,2016-03-13 11:29:34.292,35045
1165,6,2016-03-13 11:29:35.342,35045
1166,6,2016-03-13 11:29:36.339,35045
1167,6,2016-03-13 11:29:37.365,35045
1168,6,2016-03-13 11:29:38.413,35045
1169,6,2016-03-13 11:29:39.415,35045
1170,6,2016-03-13 11:29:40.439,35045
1171,6,2016-03-13 11:29:41.501,35045
1172,6,2016-03-13 11:29:42.493,35046
1173,6,2016-03-13 11:29:43.538,35046
1174,6,2016-03-13 11:29:44.541,35046
1175,6,2016-03-13 11:29:45.567,35046
1176,6,2016-03-13 11:29:46.612,35046
1177,6,2016-03-13 11:29:47.612,35046
1178,6,2016-03-13 11:29:48.639,35046
1179,6,2016-03-13 11:29:49.712,35046
1180,6,2016-03-13 11:29:50.695,35046
1181,6,2016-03-13 11:29:51.691,35046
1182,6,2016-03-13 11:29:52.737,35046
1183,6,2016-03-13 11:29:53.764,35046
1184,6,2016-03-13 11:29:54.787,35046
1185,6,2016-03-13 11:29:55.812,35046
1186,6,2016-03-13 11:29:56.827,35046
1187,6,2016-03-13 11:29:57.857,35046
1188,6,2016-03-13 11:29:58.887,35046
1189,6,2016-03-13 11:29:59.912,35046
1190,6,2016-03-13 11:30:00.946,35046
1191,6,2016-03-13 11:30:01.965,35046
1192,6,2016-03-13 11:30:02.991,35046
1193,6,2016-03-13 11:30:04.015,35046
1194,6,2016-03-13 11:30:05.040,35046
1195,6,2016-03-13 11:30:06.040,35046
1196,6,2016-03-13 11:30:07.063,35046
1197,6,2016-03-13 11:30:08.112,35046
1198,6,2016-03-13 11:30:09.137,35046
1199,6,2016-03-13 11:30:10.134,35046
1200,6,2016-03-13 11:30:11.184,35046
1201,6,2016-03-13 11:30:12.203,35046
1202,6,2016-03-13 11:30:13.213,35046
1203,6,2016-03-13 11:30:14.239,35046
1204,6,2016-03-13 11:30:15.264,35046
1205,6,2016-03-13 11:30:16.288,35046
1206,6,2016-03-13 11:30:17.312,35046
1207,6,2016-03-13 11:30:18.339,35046
1208,6,2016-03-13 11:30:19.364,35046
1209,6,2016-03-13 11:30:20.391,35046
1210,6,2016-03-13 11:30:21.411,35046
1211,6,2016-03-13 11:30:22.427,35046
1212,6,2016-03-13 11:30:23.471,35046
1213,6,2016-03-13 11:30:24.486,35046
1214,6,2016-03-13 11:30:25.494,35047
1215,6,2016-03-13 11:30:26.537,35047
1216,6,2016-03-13 11:30:27.564,35047
1217,6,2016-03-13 11:30:28.564,35047
1218,6,2016-03-13 11:30:29.591,35047
1219,6,2016-03-13 11:30:30.638,35047
1220,6,2016-03-13 11:30:31.639,35047
1221,6,2016-03-13 11:30:32.662,35047
1222,6,2016-03-13 11:30:33.696,35047
1223,6,2016-03-13 11:30:34.721,35047
1224,6,2016-03-13 11:30:35.752,35047
1225,6,2016-03-13 11:30:36.783,35047
1226,6,2016-03-13 11:30:37.817,35047
1227,6,2016-03-13 11:30:38.847,35047
1228,6,2016-03-13 11:30:39.836,35047
1229,6,2016-03-13 11:30:40.863,35047
1230,6,2016-03-13 11:30:41.887,35047
1231,6,2016-03-13 11:30:42.913,35047
1232,6,2016-03-13 11:30:43.939,35047
1233,6,2016-03-13 11:30:44.964,35047
1234,6,2016-03-13 11:30:45.988,35047
1235,6,2016-03-13 11:30:47.012,35047
1236,6,2016-03-13 11:30:48.026,35047
1237,6,2016-03-13 11:30:49.062,35047
1238,6,2016-03-13 11:30:50.086,35047
1239,6,2016-03-13 11:30:51.112,35047
1240,6,2016-03-13 11:30:52.139,35047
1241,6,2016-03-13 11:30:53.163,35047
1242,6,2016-03-13 11:30:54.189,35047
1243,6,2016-03-13 11:30:55.211,35047
1244,6,2016-03-13 11:30:56.237,35047
1245,6,2016-03-13 11:30:57.265,35047
1246,6,2016-03-13 11:30:58.289,35047
1247,6,2016-03-13 11:30:59.287,35047
1248,6,2016-03-13 11:31:00.313,35047
1249,6,2016-03-13 11:31:01.341,35047
1250,6,2016-03-13 11:31:02.366,35047
1251,6,2016-03-13 11:31:03.421,35047
1252,6,2016-03-13 11:31:04.440,35047
1253,6,2016-03-13 11:31:05.437,35047
1254,6,2016-03-13 11:31:06.492,35047
1255,6,2016-03-13 11:31:07.511,35047
1256,6,2016-03-13 11:31:08.513,35048
1257,6,2016-03-13 11:31:09.537,35048
1258,6,2016-03-13 11:31:10.562,35048
1259,6,2016-03-13 11:31:11.587,35048
1260,6,2016-03-13 11:31:12.617,35048
1261,6,2016-03-13 11:31:13.637,35048
1262,6,2016-03-13 11:31:14.664,35048
1263,6,2016-03-13 11:31:15.680,35048
1264,6,2016-03-13 11:31:16.726,35048
1265,6,2016-03-13 11:31:17.737,35048
1266,6,2016-03-13 11:31:18.763,35048
1267,6,2016-03-13 11:31:19.787,35048
1268,6,2016-03-13 11:31:20.787,35048
1269,6,2016-03-13 11:31:21.840,35048
1270,6,2016-03-13 11:31:22.862,35048
1271,6,2016-03-13 11:31:23.866,35048
1272,6,2016-03-13 11:31:24.887,35048
1273,6,2016-03-13 11:31:25.941,35048
1274,6,2016-03-13 11:31:26.938,35048
1275,6,2016-03-13 11:31:27.979,35048
1276,6,2016-03-13 11:31:29.002,35048
1277,6,2016-03-13 11:31:30.037,35048
1278,6,2016-03-13 11:31:31.041,35048
1279,6,2016-03-13 11:31:32.063,35048
1280,6,2016-03-13 11:31:33.112,35048
1281,6,2016-03-13 11:31:34.140,35048
1282,6,2016-03-13 11:31:35.139,35048
1283,6,2016-03-13 11:31:36.161,35048
1284,6,2016-03-13 11:31:37.189,35048
1285,6,2016-03-13 11:31:38.227,35048
1286,6,2016-03-13 11:31:39.252,35048
1287,6,2016-03-13 11:31:40.264,35048
1288,6,2016-03-13 11:31:41.287,35048
1289,6,2016-03-13 11:31:42.312,35048
1290,6,2016-03-13 11:31:43.339,35048
1291,6,2016-03-13 11:31:44.389,35048
1292,6,2016-03-13 11:31:45.389,35048
1293,6,2016-03-13 11:31:46.414,35048
1294,6,2016-03-13 11:31:47.441,35048
1295,6,2016-03-13 11:31:48.463,35048
1296,6,2016-03-13 11:31:49.489,35048
1297,6,2016-03-13 11:31:50.512,35048
1298,6,2016-03-13 11:31:51.537,35049
1299,6,2016-03-13 11:31:52.562,35049
1300,6,2016-03-13 11:31:53.586,35049
1301,6,2016-03-13 11:31:54.596,35049
1302,6,2016-03-13 11:31:55.614,35049
1303,6,2016-03-13 11:31:56.638,35049
1304,6,2016-03-13 11:31:57.662,35049
1305,6,2016-03-13 11:31:58.689,35049
1306,6,2016-03-13 11:31:59.736,35049
1307,6,2016-03-13 11:32:00.736,35049
1308,6,2016-03-13 11:32:01.762,35049
1309,6,2016-03-13 11:32:02.812,35049
1310,6,2016-03-13 11:32:03.812,35049
1311,6,2016-03-13 11:32:04.840,35049
1312,6,2016-03-13 11:32:05.881,35049
1313,6,2016-03-13 11:32:06.892,35049
1314,6,2016-03-13 11:32:07.943,35049
1315,6,2016-03-13 11:32:08.986,35049
1316,6,2016-03-13 11:32:09.968,35049
1317,6,2016-03-13 11:32:10.987,35049
1318,6,2016-03-13 11:32:12.014,35049
1319,6,2016-03-13 11:32:13.040,35049
1320,6,2016-03-13 11:32:14.062,35049
1321,6,2016-03-13 11:32:15.087,35049
1322,6,2016-03-13 11:32:16.089,35049
1323,6,2016-03-13 11:32:17.143,35049
1324,6,2016-03-13 11:32:18.161,35049
1325,6,2016-03-13 11:32:19.183,35049
1326,6,2016-03-13 11:32:20.211,35049
1327,6,2016-03-13 11:32:21.245,35049
1328,6,2016-03-13 11:32:22.239,35049
1329,6,2016-03-13 11:32:23.266,35049
1330,6,2016-03-13 11:32:24.291,35049
1331,6,2016-03-13 11:32:25.337,35049
1332,6,2016-03-13 11:32:26.339,35049
1333,6,2016-03-13 11:32:27.364,35049
1334,6,2016-03-13 11:32:28.392,35049
1335,6,2016-03-13 11:32:29.437,35049
1336,6,2016-03-13 11:32:30.462,35049
1337,6,2016-03-13 11:32:31.467,35049
1338,6,2016-03-13 11:32:32.486,35049
1339,6,2016-03-13 11:32:33.527,35049
1340,6,2016-03-13 11:32:34.537,35050
1341,6,2016-03-13 11:32:35.571,35050
1342,6,2016-03-13 11:32:36.587,35050
1343,6,2016-03-13 11:32:37.612,35050
1344,6,2016-03-13 11:32:38.641,35050
1345,6,2016-03-13 11:32:39.668,35050
1346,6,2016-03-13 11:32:40.691,35050
1347,6,2016-03-13 11:32:41.723,35050
1348,6,2016-03-13 11:32:42.738,35050
1349,6,2016-03-13 11:32:43.763,35050
1350,6,2016-03-13 11:32:44.793,35050
1351,6,2016-03-13 11:32:45.815,35050
1352,6,2016-03-13 11:32:46.819,35050
1353,6,2016-03-13 11:32:47.862,35050
1354,6,2016-03-13 11:32:48.890,35050
1355,6,2016-03-13 11:32:49.887,35050
1356,6,2016-03-13 11:32:50.939,35050
1357,6,2016-03-13 11:32:51.936,35050
1358,6,2016-03-13 11:32:52.961,35050
1359,6,2016-03-13 11:32:53.987,35050
1360,6,2016-03-13 11:32:55.039,35050
1361,6,2016-03-13 11:32:56.043,35050
1362,6,2016-03-13 11:32:57.062,35050
1363,6,2016-03-13 11:32:58.115,35050
1364,6,2016-03-13 11:32:59.111,35050
1365,6,2016-03-13 11:33:00.139,35050
1366,6,2016-03-13 11:33:01.165,35050
1367,6,2016-03-13 11:33:02.201,35050
1368,6,2016-03-13 11:33:03.214,35050
1369,6,2016-03-13 11:33:04.237,35050
1370,6,2016-03-13 11:33:05.264,35050
1371,6,2016-03-13 11:33:06.289,35050
1372,6,2016-03-13 11:33:07.313,35050
1373,6,2016-03-13 11:33:08.339,35050
1374,6,2016-03-13 11:33:09.363,35050
1375,6,2016-03-13 11:33:10.386,35050
1376,6,2016-03-13 11:33:11.395,35050
1377,6,2016-03-13 11:33:12.428,35050
1378,6,2016-03-13 11:33:13.471,35050
1379,6,2016-03-13 11:33:14.467,35050
1380,6,2016-03-13 11:33:15.515,35050
1381,6,2016-03-13 11:33:16.538,35050
1382,6,2016-03-13 11:33:17.538,35051
1383,6,2016-03-13 11:33:18.572,35051
1384,6,2016-03-13 11:33:19.589,35051
1385,6,2016-03-13 11:33:20.648,35051
1386,6,2016-03-13 11:33:21.641,35051
1387,6,2016-03-13 11:33:22.664,35051
1388,6,2016-03-13 11:33:23.689,35051
1389,6,2016-03-13 11:33:24.716,35051
1390,6,2016-03-13 11:33:25.757,35051
1391,6,2016-03-13 11:33:26.746,35051
1392,6,2016-03-13 11:33:27.790,35051
1393,6,2016-03-13 11:33:28.812,35051
1394,6,2016-03-13 11:33:29.836,35051
1395,6,2016-03-13 11:33:30.862,35051
1396,6,2016-03-13 11:33:31.889,35051
1397,6,2016-03-13 11:33:32.916,35051
1398,6,2016-03-13 11:33:33.938,35051
1399,6,2016-03-13 11:33:34.962,35051
1400,6,2016-03-13 11:33:35.990,35051
1401,6,2016-03-13 11:33:37.002,35051
1402,6,2016-03-13 11:33:38.026,35051
1403,6,2016-03-13 11:33:39.041,35051
1404,6,2016-03-13 11:33:40.067,35051
1405,6,2016-03-13 11:33:41.088,35051
1406,6,2016-03-13 11:33:42.113,35051
1407,6,2016-03-13 11:33:43.139,35051
1408,6,2016-03-13 11:33:44.165,35051
1409,6,2016-03-13 11:33:45.187,35051
1410,6,2016-03-13 11:33:46.237,35051
1411,6,2016-03-13 11:33:47.244,35051
1412,6,2016-03-13 11:33:48.264,35051
1413,6,2016-03-13 11:33:49.289,35051
1414,6,2016-03-13 11:33:50.341,35051
1415,6,2016-03-13 11:33:51.338,35051
1416,6,2016-03-13 11:33:52.362,35051
1417,6,2016-03-13 11:33:53.390,35051
1418,6,2016-03-13 11:33:54.414,35051
1419,6,2016-03-13 11:33:55.440,35051
1420,6,2016-03-13 11:33:56.467,35051
1421,6,2016-03-13 11:33:57.498,35051
1422,6,2016-03-13 11:33:58.513,35051
1423,6,2016-03-13 11:33:59.539,35051
1424,6,2016-03-13 11:34:00.565,35052
1425,6,2016-03-13 11:34:01.587,35052
1426,6,2016-03-13 11:34:02.601,35052
1427,6,2016-03-13 11:34:03.616,35052
1428,6,2016-03-13 11:34:04.664,35052
1429,6,2016-03-13 11:34:05.689,35052
1430,6,2016-03-13 11:34:06.689,35052
1431,6,2016-03-13 11:34:07.737,35052
1432,6,2016-03-13 11:34:08.763,35052
1433,6,2016-03-13 11:34:09.760,35052
1434,6,2016-03-13 11:34:10.787,35052
1435,6,2016-03-13 11:34:11.838,35052
1436,6,2016-03-13 11:34:12.837,35052
1437,6,2016-03-13 11:34:13.867,35052
1438,6,2016-03-13 11:34:14.886,35052
1439,6,2016-03-13 11:34:15.918,35052
1440,6,2016-03-13 11:34:16.941,35052
1441,6,2016-03-13 11:34:17.973,35052
1442,6,2016-03-13 11:34:18.991,35052
1443,6,2016-03-13 11:34:20.016,35052
1444,6,2016-03-13 11:34:21.039,35052
1445,6,2016-03-13 11:34:22.063,35052
1446,6,2016-03-13 11:34:23.087,35052
1447,6,2016-03-13 11:34:24.113,35052
1448,6,2016-03-13 11:34:25.141,35052
1449,6,2016-03-13 11:34:26.163,35052
1450,6,2016-03-13 11:34:27.180,35052
1451,6,2016-03-13 11:34:28.217,35052
1452,6,2016-03-13 11:34:29.233,35052
1453,6,2016-03-13 11:34:30.261,35052
1454,6,2016-03-13 11:34:31.268,35052
1455,6,2016-03-13 11:34:32.303,35052
1456,6,2016-03-13 11:34:33.336,35052
1457,6,2016-03-13 11:34:34.338,35052
1458,6,2016-03-13 11:34:35.362,35052
1459,6,2016-03-13 11:34:36.386,35052
1460,6,2016-03-13 11:34:37.439,35052
1461,6,2016-03-13 11:34:38.445,35052
1462,6,2016-03-13 11:34:39.462,35052
1463,6,2016-03-13 11:34:40.499,35052
1464,6,2016-03-13 11:34:41.538,35052
1465,6,2016-03-13 11:34:42.548,35052
1466,6,2016-03-13 11:34:43.574,35053
1467,6,2016-03-13 11:34:44.599,35053
1468,6,2016-03-13 11:34:45.613,35053
1469,6,2016-03-13 11:34:46.611,35053
1470,6,2016-03-13 11:34:47.662,35053
1471,6,2016-03-13 11:34:48.689,35053
1472,6,2016-03-13 11:34:49.716,35053
1473,6,2016-03-13 11:34:50.717,35053
1474,6,2016-03-13 11:34:51.801,35053
1475,6,2016-03-13 11:34:52.786,35053
1476,6,2016-03-13 11:34:53.815,35053
1477,6,2016-03-13 11:34:54.840,35053
1478,6,2016-03-13 11:34:55.867,35053
1479,6,2016-03-13 11:34:56.888,35053
1480,6,2016-03-13 11:34:57.924,35053
1481,6,2016-03-13 11:34:58.939,35053
1482,6,2016-03-13 11:34:59.967,35053
1483,6,2016-03-13 11:35:00.989,35053
1484,6,2016-03-13 11:35:01.988,35053
1485,6,2016-03-13 11:35:03.037,35053
1486,6,2016-03-13 11:35:04.042,35053
1487,6,2016-03-13 11:35:05.066,35053
1488,6,2016-03-13 11:35:06.090,35053
1489,6,2016-03-13 11:35:07.138,35053
1490,6,2016-03-13 11:35:08.139,35053
1491,6,2016-03-13 11:35:09.163,35053
1492,6,2016-03-13 11:35:10.189,35053
1493,6,2016-03-13 11:35:11.215,35053
1494,6,2016-03-13 11:35:12.238,35053
1495,6,2016-03-13 11:35:13.266,35053
1496,6,2016-03-13 11:35:14.271,35053
1497,6,2016-03-13 11:35:15.312,35053
1498,6,2016-03-13 11:35:16.336,35053
1499,6,2016-03-13 11:35:17.367,35053
1500,6,2016-03-13 11:35:18.389,35053
1501,6,2016-03-13 11:35:19.417,35053
1502,6,2016-03-13 11:35:20.438,35053
1503,6,2016-03-13 11:35:21.484,35053
1504,6,2016-03-13 11:35:22.514,35053
1505,6,2016-03-13 11:35:23.503,35053
1506,6,2016-03-13 11:35:24.538,35053
1507,6,2016-03-13 11:35:25.561,35053
1508,6,2016-03-13 11:35:26.562,35053
1509,6,2016-03-13 11:35:27.587,35054
1510,6,2016-03-13 11:35:28.638,35054
1511,6,2016-03-13 11:35:29.638,35054
1512,6,2016-03-13 11:35:30.663,35054
1513,6,2016-03-13 11:35:31.687,35054
1514,6,2016-03-13 11:35:32.736,35054
1515,6,2016-03-13 11:35:33.741,35054
1516,6,2016-03-13 11:35:34.803,35054
1517,6,2016-03-13 11:35:35.795,35054
1518,6,2016-03-13 11:35:36.836,35054
1519,6,2016-03-13 11:35:37.863,35054
1520,6,2016-03-13 11:35:38.863,35054
1521,6,2016-03-13 11:35:39.890,35054
1522,6,2016-03-13 11:35:40.911,35054
1523,6,2016-03-13 11:35:41.913,35054
1524,6,2016-03-13 11:35:42.967,35054
1525,6,2016-03-13 11:35:43.989,35054
1526,6,2016-03-13 11:35:45.020,35054
1527,6,2016-03-13 11:35:46.010,35054
1528,6,2016-03-13 11:35:47.072,35054
1529,6,2016-03-13 11:35:48.088,35054
1530,6,2016-03-13 11:35:49.114,35054
1531,6,2016-03-13 11:35:50.136,35054
1532,6,2016-03-13 11:35:51.164,35054
1533,6,2016-03-13 11:35:52.187,35054
1534,6,2016-03-13 11:35:53.213,35054
1535,6,2016-03-13 11:35:54.238,35054
1536,6,2016-03-13 11:35:55.263,35054
1537,6,2016-03-13 11:35:56.287,35054
1538,6,2016-03-13 11:35:57.287,35054
1539,6,2016-03-13 11:35:58.338,35054
1540,6,2016-03-13 11:35:59.350,35054
1541,6,2016-03-13 11:36:00.362,35054
1542,6,2016-03-13 11:36:01.395,35054
1543,6,2016-03-13 11:36:02.445,35054
1544,6,2016-03-13 11:36:03.438,35054
1545,6,2016-03-13 11:36:04.463,35054
1546,6,2016-03-13 11:36:05.510,35054
1547,6,2016-03-13 11:36:06.512,35054
1548,6,2016-03-13 11:36:07.537,35054
1549,6,2016-03-13 11:36:08.571,35054
1550,6,2016-03-13 11:36:09.587,35054
1551,6,2016-03-13 11:36:10.611,35055
1552,6,2016-03-13 11:36:11.640,35055
1553,6,2016-03-13 11:36:12.674,35055
1554,6,2016-03-13 11:36:13.686,35055
1555,6,2016-03-13 11:36:14.716,35055
1556,6,2016-03-13 11:36:15.737,35055
1557,6,2016-03-13 11:36:16.764,35055
1558,6,2016-03-13 11:36:17.786,35055
1559,6,2016-03-13 11:36:18.786,35055
1560,6,2016-03-13 11:36:19.813,35055
1561,6,2016-03-13 11:36:20.867,35055
1562,6,2016-03-13 11:36:21.862,35055
1563,6,2016-03-13 11:36:22.891,35055
1564,6,2016-03-13 11:36:23.938,35055
1565,6,2016-03-13 11:36:24.947,35055
1566,6,2016-03-13 11:36:25.999,35055
1567,6,2016-03-13 11:36:26.990,35055
1568,6,2016-03-13 11:36:28.042,35055
1569,6,2016-03-13 11:36:29.038,35055
1570,6,2016-03-13 11:36:30.064,35055
1571,6,2016-03-13 11:36:31.087,35055
1572,6,2016-03-13 11:36:32.136,35055
1573,6,2016-03-13 11:36:33.163,35055
1574,6,2016-03-13 11:36:34.164,35055
1575,6,2016-03-13 11:36:35.186,35055
1576,6,2016-03-13 11:36:36.216,35055
1577,6,2016-03-13 11:36:37.227,35055
1578,6,2016-03-13 11:36:38.277,35055
1579,6,2016-03-13 11:36:39.287,35055
1580,6,2016-03-13 11:36:40.318,35055
1581,6,2016-03-13 11:36:41.338,35055
1582,6,2016-03-13 11:36:42.362,35055
1583,6,2016-03-13 11:36:43.386,35055
1584,6,2016-03-13 11:36:44.414,35055
1585,6,2016-03-13 11:36:45.441,35055
1586,6,2016-03-13 11:36:46.465,35055
1587,6,2016-03-13 11:36:47.489,35055
1588,6,2016-03-13 11:36:48.516,35055
1589,6,2016-03-13 11:36:49.516,35055
1590,6,2016-03-13 11:36:50.564,35055
1591,6,2016-03-13 11:36:51.586,35055
1592,6,2016-03-13 11:36:52.587,35055
1593,6,2016-03-13 11:36:53.636,35056
1594,6,2016-03-13 11:36:54.641,35056
1595,6,2016-03-13 11:36:55.666,35056
1596,6,2016-03-13 11:36:56.688,35056
1597,6,2016-03-13 11:36:57.789,35056
1598,6,2016-03-13 11:36:58.736,35056
1599,6,2016-03-13 11:36:59.761,35056
1600,6,2016-03-13 11:37:00.786,35056
1601,6,2016-03-13 11:37:01.811,35056
1602,6,2016-03-13 11:37:02.838,35056
1603,6,2016-03-13 11:37:03.867,35056
1604,6,2016-03-13 11:37:04.889,35056
1605,6,2016-03-13 11:37:05.916,35056
1606,6,2016-03-13 11:37:06.939,35056
1607,6,2016-03-13 11:37:07.962,35056
1608,6,2016-03-13 11:37:08.991,35056
1609,6,2016-03-13 11:37:10.011,35056
1610,6,2016-03-13 11:37:11.037,35056
1611,6,2016-03-13 11:37:12.068,35056
1612,6,2016-03-13 11:37:13.089,35056
1613,6,2016-03-13 11:37:14.092,35056
1614,6,2016-03-13 11:37:15.116,35056
1615,6,2016-03-13 11:37:16.149,35056
1616,6,2016-03-13 11:37:17.177,35056
1617,6,2016-03-13 11:37:18.189,35056
1618,6,2016-03-13 11:37:19.238,35056
1619,6,2016-03-13 11:37:20.238,35056
1620,6,2016-03-13 11:37:21.261,35056
1621,6,2016-03-13 11:37:22.298,35056
1622,6,2016-03-13 11:37:23.338,35056
1623,6,2016-03-13 11:37:24.340,35056
1624,6,2016-03-13 11:37:25.363,35056
1625,6,2016-03-13 11:37:26.393,35056
1626,6,2016-03-13 11:37:27.437,35056
1627,6,2016-03-13 11:37:28.463,35056
1628,6,2016-03-13 11:37:29.481,35056
1629,6,2016-03-13 11:37:30.496,35056
1630,6,2016-03-13 11:37:31.512,35056
1631,6,2016-03-13 11:37:32.517,35056
1632,6,2016-03-13 11:37:33.562,35056
1633,6,2016-03-13 11:37:34.586,35056
1634,6,2016-03-13 11:37:35.612,35056
1635,6,2016-03-13 11:37:36.636,35057
1636,6,2016-03-13 11:37:37.661,35057
1637,6,2016-03-13 11:37:38.687,35057
1638,6,2016-03-13 11:37:39.712,35057
1639,6,2016-03-13 11:37:40.739,35057
1640,6,2016-03-13 11:37:41.758,35057
1641,6,2016-03-13 11:37:42.780,35057
1642,6,2016-03-13 11:37:43.811,35057
1643,6,2016-03-13 11:37:44.812,35057
1644,6,2016-03-13 11:37:45.862,35057
1645,6,2016-03-13 11:37:46.890,35057
1646,6,2016-03-13 11:37:47.886,35057
1647,6,2016-03-13 11:37:48.948,35057
1648,6,2016-03-13 11:37:49.936,35057
1649,6,2016-03-13 11:37:50.963,35057
1650,6,2016-03-13 11:37:51.988,35057
1651,6,2016-03-13 11:37:53.036,35057
1652,6,2016-03-13 11:37:54.038,35057
1653,6,2016-03-13 11:37:55.078,35057
1654,6,2016-03-13 11:37:56.112,35057
1655,6,2016-03-13 11:37:57.116,35057
1656,6,2016-03-13 11:37:58.141,35057
1657,6,2016-03-13 11:37:59.171,35057
1658,6,2016-03-13 11:38:00.193,35057
1659,6,2016-03-13 11:38:01.213,35057
1660,6,2016-03-13 11:38:02.241,35057
1661,6,2016-03-13 11:38:03.262,35057
1662,6,2016-03-13 11:38:04.288,35057
1663,6,2016-03-13 11:38:05.314,35057
1664,6,2016-03-13 11:38:06.311,35057
1665,6,2016-03-13 11:38:07.351,35057
1666,6,2016-03-13 11:38:08.389,35057
1667,6,2016-03-13 11:38:09.387,35057
1668,6,2016-03-13 11:38:10.411,35057
1669,6,2016-03-13 11:38:11.442,35057
1670,6,2016-03-13 11:38:12.463,35057
1671,6,2016-03-13 11:38:13.486,35057
1672,6,2016-03-13 11:38:14.532,35057
1673,6,2016-03-13 11:38:15.537,35057
1674,6,2016-03-13 11:38:16.561,35057
1675,6,2016-03-13 11:38:17.599,35057
1676,6,2016-03-13 11:38:18.638,35057
1677,6,2016-03-13 11:38:19.663,35058
1678,6,2016-03-13 11:38:20.669,35058
1679,6,2016-03-13 11:38:21.691,35058
1680,6,2016-03-13 11:38:22.706,35058
1681,6,2016-03-13 11:38:23.767,35058
1682,6,2016-03-13 11:38:24.739,35058
1683,6,2016-03-13 11:38:25.787,35058
1684,6,2016-03-13 11:38:26.798,35058
1685,6,2016-03-13 11:38:27.812,35058
1686,6,2016-03-13 11:38:28.865,35058
1687,6,2016-03-13 11:38:29.889,35058
1688,6,2016-03-13 11:38:30.916,35058
1689,6,2016-03-13 11:38:31.939,35058
1690,6,2016-03-13 11:38:32.954,35058
1691,6,2016-03-13 11:38:33.987,35058
1692,6,2016-03-13 11:38:35.015,35058
1693,6,2016-03-13 11:38:36.011,35058
1694,6,2016-03-13 11:38:37.047,35058
1695,6,2016-03-13 11:38:38.071,35058
1696,6,2016-03-13 11:38:39.087,35058
1697,6,2016-03-13 11:38:40.111,35058
1698,6,2016-03-13 11:38:41.136,35058
1699,6,2016-03-13 11:38:42.166,35058
1700,6,2016-03-13 11:38:43.186,35058
1701,6,2016-03-13 11:38:44.211,35058
1702,6,2016-03-13 11:38:45.232,35058
1703,6,2016-03-13 11:38:46.278,35058
1704,6,2016-03-13 11:38:47.314,35058
1705,6,2016-03-13 11:38:48.326,35058
1706,6,2016-03-13 11:38:49.336,35058
1707,6,2016-03-13 11:38:50.365,35058
1708,6,2016-03-13 11:38:51.389,35058
1709,6,2016-03-13 11:38:52.417,35058
1710,6,2016-03-13 11:38:53.416,35058
1711,6,2016-03-13 11:38:54.463,35058
1712,6,2016-03-13 11:38:55.483,35058
1713,6,2016-03-13 11:38:56.513,35058
1714,6,2016-03-13 11:38:57.538,35058
1715,6,2016-03-13 11:38:58.538,35058
1716,6,2016-03-13 11:38:59.583,35058
1717,6,2016-03-13 11:39:00.610,35058
1718,6,2016-03-13 11:39:01.611,35058
1719,6,2016-03-13 11:39:02.661,35059
1720,6,2016-03-13 11:39:03.687,35059
1721,6,2016-03-13 11:39:04.691,35059
1722,6,2016-03-13 11:39:05.712,35059
1723,6,2016-03-13 11:39:06.765,35059
1724,6,2016-03-13 11:39:07.769,35059
1725,6,2016-03-13 11:39:08.791,35059
1726,6,2016-03-13 11:39:09.818,35059
1727,6,2016-03-13 11:39:10.843,35059
1728,6,2016-03-13 11:39:11.860,35059
1729,6,2016-03-13 11:39:12.900,35059
1730,6,2016-03-13 11:39:13.911,35059
1731,6,2016-03-13 11:39:14.937,35059
1732,6,2016-03-13 11:39:15.962,35059
1733,6,2016-03-13 11:39:16.991,35059
1734,6,2016-03-13 11:39:18.013,35059
1735,6,2016-03-13 11:39:19.038,35059
1736,6,2016-03-13 11:39:20.062,35059
1737,6,2016-03-13 11:39:21.089,35059
1738,6,2016-03-13 11:39:22.112,35059
1739,6,2016-03-13 11:39:23.120,35059
1740,6,2016-03-13 11:39:24.147,35059
1741,6,2016-03-13 11:39:25.185,35059
1742,6,2016-03-13 11:39:26.212,35059
1743,6,2016-03-13 11:39:27.236,35059
1744,6,2016-03-13 11:39:28.262,35059
1745,6,2016-03-13 11:39:29.304,35059
1746,6,2016-03-13 11:39:30.311,35059
1747,6,2016-03-13 11:39:31.340,35059
1748,6,2016-03-13 11:39:32.337,35059
1749,6,2016-03-13 11:39:33.361,35059
1750,6,2016-03-13 11:39:34.387,35059
1751,6,2016-03-13 11:39:35.414,35059
1752,6,2016-03-13 11:39:36.442,35059
1753,6,2016-03-13 11:39:37.456,35059
1754,6,2016-03-13 11:39:38.513,35059
1755,6,2016-03-13 11:39:39.542,35059
1756,6,2016-03-13 11:39:40.537,35059
1757,6,2016-03-13 11:39:41.562,35059
1758,6,2016-03-13 11:39:42.589,35059
1759,6,2016-03-13 11:39:43.613,35059
1760,6,2016-03-13 11:39:44.637,35059
1761,6,2016-03-13 11:39:45.662,35060
1762,6,2016-03-13 11:39:46.687,35060
1763,6,2016-03-13 11:39:47.711,35060
1764,6,2016-03-13 11:39:48.747,35060
1765,6,2016-03-13 11:39:49.810,35060
1766,6,2016-03-13 11:39:50.785,35060
