StudyName,StudyId,DeviceId,SensorId,Time,AmbientLight
will-left,0,0,2,2016-03-18 15:32:02.128,58
will-left,0,0,2,2016-03-18 15:32:02.623,58
will-left,0,0,2,2016-03-18 15:32:03.107,58
will-left,0,0,2,2016-03-18 15:32:03.632,57
will-left,0,0,2,2016-03-18 15:32:04.108,55
will-left,0,0,2,2016-03-18 15:32:04.606,60
will-left,0,0,2,2016-03-18 15:32:05.104,77
will-left,0,0,2,2016-03-18 15:32:05.618,85
will-left,0,0,2,2016-03-18 15:32:06.109,84
will-left,0,0,2,2016-03-18 15:32:06.607,83
will-left,0,0,2,2016-03-18 15:32:07.107,84
will-left,0,0,2,2016-03-18 15:32:07.608,83
will-left,0,0,2,2016-03-18 15:32:08.120,83
will-left,0,0,2,2016-03-18 15:32:08.606,84
will-left,0,0,2,2016-03-18 15:32:09.118,83
will-left,0,0,2,2016-03-18 15:32:09.617,83
will-left,0,0,2,2016-03-18 15:32:10.107,83
will-left,0,0,2,2016-03-18 15:32:10.607,83
will-left,0,0,2,2016-03-18 15:32:11.117,83
will-left,0,0,2,2016-03-18 15:32:11.607,58
will-left,0,0,2,2016-03-18 15:32:12.104,68
will-left,0,0,2,2016-03-18 15:32:12.606,59
will-left,0,0,2,2016-03-18 15:32:13.117,65
will-left,0,0,2,2016-03-18 15:32:13.607,57
will-left,0,0,2,2016-03-18 15:32:14.119,63
will-left,0,0,2,2016-03-18 15:32:14.630,85
will-left,0,0,2,2016-03-18 15:32:15.110,84
will-left,0,0,2,2016-03-18 15:32:15.609,85
will-left,0,0,2,2016-03-18 15:32:16.111,69
will-left,0,0,2,2016-03-18 15:32:16.635,61
will-left,0,0,2,2016-03-18 15:32:17.125,83
will-left,0,0,2,2016-03-18 15:32:17.617,85
will-left,0,0,2,2016-03-18 15:32:18.118,86
will-left,0,0,2,2016-03-18 15:32:18.631,87
will-left,0,0,2,2016-03-18 15:32:19.105,87
will-left,0,0,2,2016-03-18 15:32:19.606,88
will-left,0,0,2,2016-03-18 15:32:20.110,88
will-left,0,0,2,2016-03-18 15:32:20.612,87
will-left,0,0,2,2016-03-18 15:32:21.117,88
will-left,0,0,2,2016-03-18 15:32:21.618,88
will-left,0,0,2,2016-03-18 15:32:22.117,88
will-left,0,0,2,2016-03-18 15:32:22.635,88
will-left,0,0,2,2016-03-18 15:32:23.109,88
will-left,0,0,2,2016-03-18 15:32:23.617,88
will-left,0,0,2,2016-03-18 15:32:24.117,87
will-left,0,0,2,2016-03-18 15:32:24.651,88
will-left,0,0,2,2016-03-18 15:32:25.103,88
will-left,0,0,2,2016-03-18 15:32:25.617,87
will-left,0,0,2,2016-03-18 15:32:26.111,87
will-left,0,0,2,2016-03-18 15:32:26.618,88
will-left,0,0,2,2016-03-18 15:32:27.108,87
will-left,0,0,2,2016-03-18 15:32:27.632,88
will-left,0,0,2,2016-03-18 15:32:28.117,88
will-left,0,0,2,2016-03-18 15:32:28.617,88
will-left,0,0,2,2016-03-18 15:32:29.136,88
will-left,0,0,2,2016-03-18 15:32:29.617,86
will-left,0,0,2,2016-03-18 15:32:30.118,87
will-left,0,0,2,2016-03-18 15:32:30.637,87
will-left,0,0,2,2016-03-18 15:32:31.117,87
will-left,0,0,2,2016-03-18 15:32:31.611,87
will-left,0,0,2,2016-03-18 15:32:32.117,87
will-left,0,0,2,2016-03-18 15:32:32.617,87
will-left,0,0,2,2016-03-18 15:32:33.117,87
will-left,0,0,2,2016-03-18 15:32:33.617,87
will-left,0,0,2,2016-03-18 15:32:34.117,87
will-left,0,0,2,2016-03-18 15:32:34.609,85
will-left,0,0,2,2016-03-18 15:32:35.118,85
will-left,0,0,2,2016-03-18 15:32:35.649,85
will-left,0,0,2,2016-03-18 15:32:36.117,85
will-left,0,0,2,2016-03-18 15:32:36.617,86
will-left,0,0,2,2016-03-18 15:32:37.111,86
will-left,0,0,2,2016-03-18 15:32:37.618,86
will-left,0,0,2,2016-03-18 15:32:38.110,85
will-left,0,0,2,2016-03-18 15:32:38.617,86
will-left,0,0,2,2016-03-18 15:32:39.130,86
will-left,0,0,2,2016-03-18 15:32:39.656,86
will-left,0,0,2,2016-03-18 15:32:40.111,85
will-left,0,0,2,2016-03-18 15:32:40.617,85
will-left,0,0,2,2016-03-18 15:32:41.122,86
will-left,0,0,2,2016-03-18 15:32:41.617,86
will-left,0,0,2,2016-03-18 15:32:42.118,86
will-left,0,0,2,2016-03-18 15:32:42.652,85
will-left,0,0,2,2016-03-18 15:32:43.131,85
will-left,0,0,2,2016-03-18 15:32:43.635,85
will-left,0,0,2,2016-03-18 15:32:44.116,87
will-left,0,0,2,2016-03-18 15:32:44.631,86
will-left,0,0,2,2016-03-18 15:32:45.117,81
will-left,0,0,2,2016-03-18 15:32:45.617,81
will-left,0,0,2,2016-03-18 15:32:46.130,70
will-left,0,0,2,2016-03-18 15:32:46.617,81
will-left,0,0,2,2016-03-18 15:32:47.117,86
will-left,0,0,2,2016-03-18 15:32:47.632,67
will-left,0,0,2,2016-03-18 15:32:48.131,64
will-left,0,0,2,2016-03-18 15:32:48.654,79
will-left,0,0,2,2016-03-18 15:32:49.134,70
will-left,0,0,2,2016-03-18 15:32:49.616,58
will-left,0,0,2,2016-03-18 15:32:50.134,75
will-left,0,0,2,2016-03-18 15:32:50.629,86
will-left,0,0,2,2016-03-18 15:32:51.131,82
will-left,0,0,2,2016-03-18 15:32:51.631,70
will-left,0,0,2,2016-03-18 15:32:52.118,76
will-left,0,0,2,2016-03-18 15:32:52.617,74
will-left,0,0,2,2016-03-18 15:32:53.117,74
will-left,0,0,2,2016-03-18 15:32:53.617,75
will-left,0,0,2,2016-03-18 15:32:54.117,88
will-left,0,0,2,2016-03-18 15:32:54.631,87
will-left,0,0,2,2016-03-18 15:32:55.131,87
will-left,0,0,2,2016-03-18 15:32:55.628,87
will-left,0,0,2,2016-03-18 15:32:56.130,66
will-left,0,0,2,2016-03-18 15:32:56.654,63
will-left,0,0,2,2016-03-18 15:32:57.130,85
will-left,0,0,2,2016-03-18 15:32:57.617,74
will-left,0,0,2,2016-03-18 15:32:58.117,68
will-left,0,0,2,2016-03-18 15:32:58.632,90
will-left,0,0,2,2016-03-18 15:32:59.107,86
will-left,0,0,2,2016-03-18 15:32:59.630,84
will-left,0,0,2,2016-03-18 15:33:00.128,92
will-left,0,0,2,2016-03-18 15:33:00.631,85
will-left,0,0,2,2016-03-18 15:33:01.135,82
will-left,0,0,2,2016-03-18 15:33:01.620,81
will-left,0,0,2,2016-03-18 15:33:02.112,57
will-left,0,0,2,2016-03-18 15:33:02.617,57
will-left,0,0,2,2016-03-18 15:33:03.132,60
will-left,0,0,2,2016-03-18 15:33:03.646,64
will-left,0,0,2,2016-03-18 15:33:04.131,66
will-left,0,0,2,2016-03-18 15:33:04.625,65
will-left,0,0,2,2016-03-18 15:33:05.120,62
will-left,0,0,2,2016-03-18 15:33:05.679,66
will-left,0,0,2,2016-03-18 15:33:06.118,74
will-left,0,0,2,2016-03-18 15:33:06.632,80
will-left,0,0,2,2016-03-18 15:33:07.119,85
will-left,0,0,2,2016-03-18 15:33:07.622,84
will-left,0,0,2,2016-03-18 15:33:08.117,81
will-left,0,0,2,2016-03-18 15:33:08.630,79
will-left,0,0,2,2016-03-18 15:33:09.116,78
will-left,0,0,2,2016-03-18 15:33:09.622,84
will-left,0,0,2,2016-03-18 15:33:10.113,82
will-left,0,0,2,2016-03-18 15:33:10.620,86
will-left,0,0,2,2016-03-18 15:33:11.117,87
will-left,0,0,2,2016-03-18 15:33:11.628,86
will-left,0,0,2,2016-03-18 15:33:12.128,85
will-left,0,0,2,2016-03-18 15:33:12.616,81
will-left,0,0,2,2016-03-18 15:33:13.124,39
will-left,0,0,2,2016-03-18 15:33:13.616,39
will-left,0,0,2,2016-03-18 15:33:14.135,38
will-left,0,0,2,2016-03-18 15:33:14.616,36
will-left,0,0,2,2016-03-18 15:33:15.129,40
will-left,0,0,2,2016-03-18 15:33:15.629,68
will-left,0,0,2,2016-03-18 15:33:16.117,84
will-left,0,0,2,2016-03-18 15:33:16.616,87
will-left,0,0,2,2016-03-18 15:33:17.129,85
will-left,0,0,2,2016-03-18 15:33:17.629,88
will-left,0,0,2,2016-03-18 15:33:18.117,90
will-left,0,0,2,2016-03-18 15:33:18.616,90
will-left,0,0,2,2016-03-18 15:33:19.129,83
will-left,0,0,2,2016-03-18 15:33:19.616,82
will-left,0,0,2,2016-03-18 15:33:20.117,83
will-left,0,0,2,2016-03-18 15:33:20.625,81
will-left,0,0,2,2016-03-18 15:33:21.131,78
will-left,0,0,2,2016-03-18 15:33:21.616,78
will-left,0,0,2,2016-03-18 15:33:22.120,77
will-left,0,0,2,2016-03-18 15:33:22.619,79
will-left,0,0,2,2016-03-18 15:33:23.118,78
will-left,0,0,2,2016-03-18 15:33:23.616,77
will-left,0,0,2,2016-03-18 15:33:24.131,77
will-left,0,0,2,2016-03-18 15:33:24.632,77
will-left,0,0,2,2016-03-18 15:33:25.133,77
will-left,0,0,2,2016-03-18 15:33:25.616,77
will-left,0,0,2,2016-03-18 15:33:26.149,77
will-left,0,0,2,2016-03-18 15:33:26.631,77
will-left,0,0,2,2016-03-18 15:33:27.137,78
will-left,0,0,2,2016-03-18 15:33:27.631,77
will-left,0,0,2,2016-03-18 15:33:28.116,77
will-left,0,0,2,2016-03-18 15:33:28.634,77
will-left,0,0,2,2016-03-18 15:33:29.117,77
will-left,0,0,2,2016-03-18 15:33:29.630,77
will-left,0,0,2,2016-03-18 15:33:30.131,77
will-left,0,0,2,2016-03-18 15:33:30.616,76
will-left,0,0,2,2016-03-18 15:33:31.125,79
will-left,0,0,2,2016-03-18 15:33:31.622,83
will-left,0,0,2,2016-03-18 15:33:32.117,85
will-left,0,0,2,2016-03-18 15:33:32.631,85
will-left,0,0,2,2016-03-18 15:33:33.153,86
will-left,0,0,2,2016-03-18 15:33:33.616,85
will-left,0,0,2,2016-03-18 15:33:34.117,87
will-left,0,0,2,2016-03-18 15:33:34.632,87
will-left,0,0,2,2016-03-18 15:33:35.135,86
will-left,0,0,2,2016-03-18 15:33:35.631,84
will-left,0,0,2,2016-03-18 15:33:36.144,85
will-left,0,0,2,2016-03-18 15:33:36.629,82
will-left,0,0,2,2016-03-18 15:33:37.120,79
will-left,0,0,2,2016-03-18 15:33:37.624,75
will-left,0,0,2,2016-03-18 15:33:38.129,77
will-left,0,0,2,2016-03-18 15:33:38.631,77
will-left,0,0,2,2016-03-18 15:33:39.117,78
will-left,0,0,2,2016-03-18 15:33:39.625,77
will-left,0,0,2,2016-03-18 15:33:40.141,77
will-left,0,0,2,2016-03-18 15:33:40.617,77
will-left,0,0,2,2016-03-18 15:33:41.117,77
will-left,0,0,2,2016-03-18 15:33:41.631,77
will-left,0,0,2,2016-03-18 15:33:42.137,77
will-left,0,0,2,2016-03-18 15:33:42.617,76
will-left,0,0,2,2016-03-18 15:33:43.132,75
will-left,0,0,2,2016-03-18 15:33:43.632,68
will-left,0,0,2,2016-03-18 15:33:44.132,66
will-left,0,0,2,2016-03-18 15:33:44.616,71
will-left,0,0,2,2016-03-18 15:33:45.128,56
will-left,0,0,2,2016-03-18 15:33:45.628,76
will-left,0,0,2,2016-03-18 15:33:46.116,74
will-left,0,0,2,2016-03-18 15:33:46.616,75
will-left,0,0,2,2016-03-18 15:33:47.129,74
will-left,0,0,2,2016-03-18 15:33:47.630,75
will-left,0,0,2,2016-03-18 15:33:48.129,80
will-left,0,0,2,2016-03-18 15:33:48.629,80
will-left,0,0,2,2016-03-18 15:33:49.117,80
will-left,0,0,2,2016-03-18 15:33:49.616,78
will-left,0,0,2,2016-03-18 15:33:50.119,77
will-left,0,0,2,2016-03-18 15:33:50.629,73
will-left,0,0,2,2016-03-18 15:33:51.128,73
will-left,0,0,2,2016-03-18 15:33:51.636,78
will-left,0,0,2,2016-03-18 15:33:52.130,78
will-left,0,0,2,2016-03-18 15:33:52.630,77
will-left,0,0,2,2016-03-18 15:33:53.116,77
will-left,0,0,2,2016-03-18 15:33:53.637,73
will-left,0,0,2,2016-03-18 15:33:54.130,77
will-left,0,0,2,2016-03-18 15:33:54.616,72
will-left,0,0,2,2016-03-18 15:33:55.128,77
will-left,0,0,2,2016-03-18 15:33:55.630,76
will-left,0,0,2,2016-03-18 15:33:56.131,76
will-left,0,0,2,2016-03-18 15:33:56.656,75
will-left,0,0,2,2016-03-18 15:33:57.131,75
will-left,0,0,2,2016-03-18 15:33:57.626,75
will-left,0,0,2,2016-03-18 15:33:58.120,75
will-left,0,0,2,2016-03-18 15:33:58.641,76
will-left,0,0,2,2016-03-18 15:33:59.131,75
will-left,0,0,2,2016-03-18 15:33:59.640,75
will-left,0,0,2,2016-03-18 15:34:00.140,75
will-left,0,0,2,2016-03-18 15:34:00.630,74
will-left,0,0,2,2016-03-18 15:34:01.150,75
will-left,0,0,2,2016-03-18 15:34:01.641,74
will-left,0,0,2,2016-03-18 15:34:02.141,74
will-left,0,0,2,2016-03-18 15:34:02.640,74
will-left,0,0,2,2016-03-18 15:34:03.160,74
will-left,0,0,2,2016-03-18 15:34:03.631,74
will-left,0,0,2,2016-03-18 15:34:04.132,74
will-left,0,0,2,2016-03-18 15:34:04.630,75
will-left,0,0,2,2016-03-18 15:34:05.163,75
will-left,0,0,2,2016-03-18 15:34:05.642,75
will-left,0,0,2,2016-03-18 15:34:06.141,74
will-left,0,0,2,2016-03-18 15:34:06.631,71
will-left,0,0,2,2016-03-18 15:34:07.155,40
will-left,0,0,2,2016-03-18 15:34:07.631,44
will-left,0,0,2,2016-03-18 15:34:08.130,48
will-left,0,0,2,2016-03-18 15:34:08.653,52
will-left,0,0,2,2016-03-18 15:34:09.133,71
will-left,0,0,2,2016-03-18 15:34:09.630,77
will-left,0,0,2,2016-03-18 15:34:10.141,77
will-left,0,0,2,2016-03-18 15:34:10.666,77
will-left,0,0,2,2016-03-18 15:34:11.156,77
will-left,0,0,2,2016-03-18 15:34:11.631,77
will-left,0,0,2,2016-03-18 15:34:12.143,77
will-left,0,0,2,2016-03-18 15:34:12.631,77
will-left,0,0,2,2016-03-18 15:34:13.131,77
will-left,0,0,2,2016-03-18 15:34:13.634,77
will-left,0,0,2,2016-03-18 15:34:14.147,76
will-left,0,0,2,2016-03-18 15:34:14.629,75
will-left,0,0,2,2016-03-18 15:34:15.131,76
will-left,0,0,2,2016-03-18 15:34:15.655,76
will-left,0,0,2,2016-03-18 15:34:16.150,77
will-left,0,0,2,2016-03-18 15:34:16.655,77
will-left,0,0,2,2016-03-18 15:34:17.142,77
will-left,0,0,2,2016-03-18 15:34:17.645,77
will-left,0,0,2,2016-03-18 15:34:18.142,76
will-left,0,0,2,2016-03-18 15:34:18.642,76
will-left,0,0,2,2016-03-18 15:34:19.173,76
will-left,0,0,2,2016-03-18 15:34:19.642,76
will-left,0,0,2,2016-03-18 15:34:20.142,76
will-left,0,0,2,2016-03-18 15:34:20.641,76
will-left,0,0,2,2016-03-18 15:34:21.142,76
will-left,0,0,2,2016-03-18 15:34:21.641,76
will-left,0,0,2,2016-03-18 15:34:22.132,76
will-left,0,0,2,2016-03-18 15:34:22.641,77
will-left,0,0,2,2016-03-18 15:34:23.141,76
will-left,0,0,2,2016-03-18 15:34:23.641,76
will-left,0,0,2,2016-03-18 15:34:24.145,76
will-left,0,0,2,2016-03-18 15:34:24.647,77
will-left,0,0,2,2016-03-18 15:34:25.135,76
will-left,0,0,2,2016-03-18 15:34:25.642,74
will-left,0,0,2,2016-03-18 15:34:26.141,74
will-left,0,0,2,2016-03-18 15:34:26.641,75
will-left,0,0,2,2016-03-18 15:34:27.142,75
will-left,0,0,2,2016-03-18 15:34:27.655,74
will-left,0,0,2,2016-03-18 15:34:28.155,74
will-left,0,0,2,2016-03-18 15:34:28.641,78
will-left,0,0,2,2016-03-18 15:34:29.142,77
will-left,0,0,2,2016-03-18 15:34:29.643,77
will-left,0,0,2,2016-03-18 15:34:30.141,77
will-left,0,0,2,2016-03-18 15:34:30.641,77
will-left,0,0,2,2016-03-18 15:34:31.176,74
will-left,0,0,2,2016-03-18 15:34:31.654,74
will-left,0,0,2,2016-03-18 15:34:32.141,75
will-left,0,0,2,2016-03-18 15:34:32.644,76
will-left,0,0,2,2016-03-18 15:34:33.148,75
will-left,0,0,2,2016-03-18 15:34:33.632,76
will-left,0,0,2,2016-03-18 15:34:34.140,75
will-left,0,0,2,2016-03-18 15:34:34.641,75
will-left,0,0,2,2016-03-18 15:34:35.141,75
will-left,0,0,2,2016-03-18 15:34:35.658,74
will-left,0,0,2,2016-03-18 15:34:36.141,75
will-left,0,0,2,2016-03-18 15:34:36.655,73
will-left,0,0,2,2016-03-18 15:34:37.148,75
will-left,0,0,2,2016-03-18 15:34:37.641,74
will-left,0,0,2,2016-03-18 15:34:38.141,70
will-left,0,0,2,2016-03-18 15:34:38.660,73
will-left,0,0,2,2016-03-18 15:34:39.135,72
will-left,0,0,2,2016-03-18 15:34:39.662,71
will-left,0,0,2,2016-03-18 15:34:40.155,79
will-left,0,0,2,2016-03-18 15:34:40.641,84
will-left,0,0,2,2016-03-18 15:34:41.153,87
will-left,0,0,2,2016-03-18 15:34:41.641,84
will-left,0,0,2,2016-03-18 15:34:42.140,84
will-left,0,0,2,2016-03-18 15:34:42.641,84
will-left,0,0,2,2016-03-18 15:34:43.141,83
will-left,0,0,2,2016-03-18 15:34:43.656,84
will-left,0,0,2,2016-03-18 15:34:44.159,80
will-left,0,0,2,2016-03-18 15:34:44.636,80
will-left,0,0,2,2016-03-18 15:34:45.157,79
will-left,0,0,2,2016-03-18 15:34:45.655,78
will-left,0,0,2,2016-03-18 15:34:46.141,78
will-left,0,0,2,2016-03-18 15:34:46.641,83
will-left,0,0,2,2016-03-18 15:34:47.141,83
will-left,0,0,2,2016-03-18 15:34:47.641,83
will-left,0,0,2,2016-03-18 15:34:48.147,83
will-left,0,0,2,2016-03-18 15:34:48.667,79
will-left,0,0,2,2016-03-18 15:34:49.141,83
will-left,0,0,2,2016-03-18 15:34:49.640,77
will-left,0,0,2,2016-03-18 15:34:50.141,83
will-left,0,0,2,2016-03-18 15:34:50.641,81
will-left,0,0,2,2016-03-18 15:34:51.141,83
will-left,0,0,2,2016-03-18 15:34:51.641,83
will-left,0,0,2,2016-03-18 15:34:52.149,82
will-left,0,0,2,2016-03-18 15:34:52.667,80
will-left,0,0,2,2016-03-18 15:34:53.147,81
will-left,0,0,2,2016-03-18 15:34:53.641,80
will-left,0,0,2,2016-03-18 15:34:54.155,85
will-left,0,0,2,2016-03-18 15:34:54.641,84
will-left,0,0,2,2016-03-18 15:34:55.135,84
will-left,0,0,2,2016-03-18 15:34:55.661,83
will-left,0,0,2,2016-03-18 15:34:56.142,83
will-left,0,0,2,2016-03-18 15:34:56.653,83
will-left,0,0,2,2016-03-18 15:34:57.142,84
will-left,0,0,2,2016-03-18 15:34:57.654,85
will-left,0,0,2,2016-03-18 15:34:58.161,84
will-left,0,0,2,2016-03-18 15:34:58.641,83
will-left,0,0,2,2016-03-18 15:34:59.141,83
will-left,0,0,2,2016-03-18 15:34:59.646,83
will-left,0,0,2,2016-03-18 15:35:00.140,83
will-left,0,0,2,2016-03-18 15:35:00.655,83
will-left,0,0,2,2016-03-18 15:35:01.155,83
will-left,0,0,2,2016-03-18 15:35:01.641,83
will-left,0,0,2,2016-03-18 15:35:02.141,83
will-left,0,0,2,2016-03-18 15:35:02.662,83
will-left,0,0,2,2016-03-18 15:35:03.142,83
will-left,0,0,2,2016-03-18 15:35:03.642,83
will-left,0,0,2,2016-03-18 15:35:04.172,83
will-left,0,0,2,2016-03-18 15:35:04.656,83
will-left,0,0,2,2016-03-18 15:35:05.156,83
will-left,0,0,2,2016-03-18 15:35:05.641,83
will-left,0,0,2,2016-03-18 15:35:06.147,82
will-left,0,0,2,2016-03-18 15:35:06.657,83
will-left,0,0,2,2016-03-18 15:35:07.150,83
will-left,0,0,2,2016-03-18 15:35:07.655,83
will-left,0,0,2,2016-03-18 15:35:08.172,83
will-left,0,0,2,2016-03-18 15:35:08.641,83
will-left,0,0,2,2016-03-18 15:35:09.164,83
will-left,0,0,2,2016-03-18 15:35:09.658,83
will-left,0,0,2,2016-03-18 15:35:10.147,83
will-left,0,0,2,2016-03-18 15:35:10.643,83
will-left,0,0,2,2016-03-18 15:35:11.142,83
will-left,0,0,2,2016-03-18 15:35:11.641,81
will-left,0,0,2,2016-03-18 15:35:12.144,81
will-left,0,0,2,2016-03-18 15:35:12.643,80
will-left,0,0,2,2016-03-18 15:35:13.161,85
will-left,0,0,2,2016-03-18 15:35:13.655,84
will-left,0,0,2,2016-03-18 15:35:14.141,80
will-left,0,0,2,2016-03-18 15:35:14.635,79
will-left,0,0,2,2016-03-18 15:35:15.159,82
will-left,0,0,2,2016-03-18 15:35:15.654,82
will-left,0,0,2,2016-03-18 15:35:16.154,86
will-left,0,0,2,2016-03-18 15:35:16.656,87
will-left,0,0,2,2016-03-18 15:35:17.140,87
will-left,0,0,2,2016-03-18 15:35:17.642,87
will-left,0,0,2,2016-03-18 15:35:18.141,87
will-left,0,0,2,2016-03-18 15:35:18.655,86
will-left,0,0,2,2016-03-18 15:35:19.153,86
will-left,0,0,2,2016-03-18 15:35:19.654,86
will-left,0,0,2,2016-03-18 15:35:20.152,86
will-left,0,0,2,2016-03-18 15:35:20.654,86
will-left,0,0,2,2016-03-18 15:35:21.153,86
will-left,0,0,2,2016-03-18 15:35:21.655,86
will-left,0,0,2,2016-03-18 15:35:22.154,86
will-left,0,0,2,2016-03-18 15:35:22.634,87
will-left,0,0,2,2016-03-18 15:35:23.141,87
will-left,0,0,2,2016-03-18 15:35:23.662,86
will-left,0,0,2,2016-03-18 15:35:24.141,86
will-left,0,0,2,2016-03-18 15:35:24.655,86
will-left,0,0,2,2016-03-18 15:35:25.155,88
will-left,0,0,2,2016-03-18 15:35:25.655,87
will-left,0,0,2,2016-03-18 15:35:26.141,88
will-left,0,0,2,2016-03-18 15:35:26.659,87
will-left,0,0,2,2016-03-18 15:35:27.162,87
will-left,0,0,2,2016-03-18 15:35:27.654,84
will-left,0,0,2,2016-03-18 15:35:28.154,84
will-left,0,0,2,2016-03-18 15:35:28.656,84
will-left,0,0,2,2016-03-18 15:35:29.154,85
will-left,0,0,2,2016-03-18 15:35:29.642,84
will-left,0,0,2,2016-03-18 15:35:30.155,84
will-left,0,0,2,2016-03-18 15:35:30.653,83
will-left,0,0,2,2016-03-18 15:35:31.153,83
will-left,0,0,2,2016-03-18 15:35:31.656,83
will-left,0,0,2,2016-03-18 15:35:32.144,81
will-left,0,0,2,2016-03-18 15:35:32.641,79
will-left,0,0,2,2016-03-18 15:35:33.145,81
will-left,0,0,2,2016-03-18 15:35:33.649,81
will-left,0,0,2,2016-03-18 15:35:34.144,81
will-left,0,0,2,2016-03-18 15:35:34.670,81
will-left,0,0,2,2016-03-18 15:35:35.140,86
will-left,0,0,2,2016-03-18 15:35:35.671,86
will-left,0,0,2,2016-03-18 15:35:36.151,86
will-left,0,0,2,2016-03-18 15:35:36.670,86
will-left,0,0,2,2016-03-18 15:35:37.152,86
will-left,0,0,2,2016-03-18 15:35:37.641,86
will-left,0,0,2,2016-03-18 15:35:38.140,87
will-left,0,0,2,2016-03-18 15:35:38.640,87
will-left,0,0,2,2016-03-18 15:35:39.152,86
will-left,0,0,2,2016-03-18 15:35:39.651,86
will-left,0,0,2,2016-03-18 15:35:40.153,85
will-left,0,0,2,2016-03-18 15:35:40.654,84
will-left,0,0,2,2016-03-18 15:35:41.192,85
will-left,0,0,2,2016-03-18 15:35:41.640,85
will-left,0,0,2,2016-03-18 15:35:42.146,85
will-left,0,0,2,2016-03-18 15:35:42.653,85
will-left,0,0,2,2016-03-18 15:35:43.143,84
will-left,0,0,2,2016-03-18 15:35:43.641,85
will-left,0,0,2,2016-03-18 15:35:44.155,84
will-left,0,0,2,2016-03-18 15:35:44.654,84
will-left,0,0,2,2016-03-18 15:35:45.154,84
will-left,0,0,2,2016-03-18 15:35:45.659,85
will-left,0,0,2,2016-03-18 15:35:46.160,85
will-left,0,0,2,2016-03-18 15:35:46.647,85
will-left,0,0,2,2016-03-18 15:35:47.140,85
will-left,0,0,2,2016-03-18 15:35:47.653,85
will-left,0,0,2,2016-03-18 15:35:48.154,85
will-left,0,0,2,2016-03-18 15:35:48.640,85
will-left,0,0,2,2016-03-18 15:35:49.154,85
will-left,0,0,2,2016-03-18 15:35:49.647,85
will-left,0,0,2,2016-03-18 15:35:50.139,84
will-left,0,0,2,2016-03-18 15:35:50.640,85
will-left,0,0,2,2016-03-18 15:35:51.152,85
will-left,0,0,2,2016-03-18 15:35:51.674,83
will-left,0,0,2,2016-03-18 15:35:52.156,84
will-left,0,0,2,2016-03-18 15:35:52.667,82
will-left,0,0,2,2016-03-18 15:35:53.166,84
will-left,0,0,2,2016-03-18 15:35:53.660,85
will-left,0,0,2,2016-03-18 15:35:54.165,85
will-left,0,0,2,2016-03-18 15:35:54.654,82
will-left,0,0,2,2016-03-18 15:35:55.166,86
will-left,0,0,2,2016-03-18 15:35:55.679,85
will-left,0,0,2,2016-03-18 15:35:56.160,85
will-left,0,0,2,2016-03-18 15:35:56.655,85
will-left,0,0,2,2016-03-18 15:35:57.155,85
will-left,0,0,2,2016-03-18 15:35:57.666,85
will-left,0,0,2,2016-03-18 15:35:58.155,86
will-left,0,0,2,2016-03-18 15:35:58.666,85
will-left,0,0,2,2016-03-18 15:35:59.165,85
will-left,0,0,2,2016-03-18 15:35:59.657,85
will-left,0,0,2,2016-03-18 15:36:00.154,85
will-left,0,0,2,2016-03-18 15:36:00.677,85
will-left,0,0,2,2016-03-18 15:36:01.152,85
will-left,0,0,2,2016-03-18 15:36:01.654,85
will-left,0,0,2,2016-03-18 15:36:02.182,85
will-left,0,0,2,2016-03-18 15:36:02.665,85
will-left,0,0,2,2016-03-18 15:36:03.153,85
will-left,0,0,2,2016-03-18 15:36:03.666,85
will-left,0,0,2,2016-03-18 15:36:04.173,85
will-left,0,0,2,2016-03-18 15:36:04.655,85
will-left,0,0,2,2016-03-18 15:36:05.155,85
will-left,0,0,2,2016-03-18 15:36:05.654,85
will-left,0,0,2,2016-03-18 15:36:06.166,84
will-left,0,0,2,2016-03-18 15:36:06.659,83
will-left,0,0,2,2016-03-18 15:36:07.156,84
will-left,0,0,2,2016-03-18 15:36:07.677,85
will-left,0,0,2,2016-03-18 15:36:08.185,84
will-left,0,0,2,2016-03-18 15:36:08.656,83
will-left,0,0,2,2016-03-18 15:36:09.165,83
will-left,0,0,2,2016-03-18 15:36:09.684,84
will-left,0,0,2,2016-03-18 15:36:10.156,84
will-left,0,0,2,2016-03-18 15:36:10.656,83
will-left,0,0,2,2016-03-18 15:36:11.165,84
will-left,0,0,2,2016-03-18 15:36:11.681,84
will-left,0,0,2,2016-03-18 15:36:12.177,84
will-left,0,0,2,2016-03-18 15:36:12.666,83
will-left,0,0,2,2016-03-18 15:36:13.167,86
will-left,0,0,2,2016-03-18 15:36:13.666,88
will-left,0,0,2,2016-03-18 15:36:14.166,86
will-left,0,0,2,2016-03-18 15:36:14.659,84
will-left,0,0,2,2016-03-18 15:36:15.165,83
will-left,0,0,2,2016-03-18 15:36:15.666,82
will-left,0,0,2,2016-03-18 15:36:16.165,85
will-left,0,0,2,2016-03-18 15:36:16.680,84
will-left,0,0,2,2016-03-18 15:36:17.179,84
will-left,0,0,2,2016-03-18 15:36:17.665,83
will-left,0,0,2,2016-03-18 15:36:18.165,84
will-left,0,0,2,2016-03-18 15:36:18.683,84
will-left,0,0,2,2016-03-18 15:36:19.165,84
will-left,0,0,2,2016-03-18 15:36:19.668,81
will-left,0,0,2,2016-03-18 15:36:20.178,81
will-left,0,0,2,2016-03-18 15:36:20.679,82
will-left,0,0,2,2016-03-18 15:36:21.167,83
will-left,0,0,2,2016-03-18 15:36:21.665,82
will-left,0,0,2,2016-03-18 15:36:22.165,82
will-left,0,0,2,2016-03-18 15:36:22.678,83
will-left,0,0,2,2016-03-18 15:36:23.189,85
will-left,0,0,2,2016-03-18 15:36:23.697,85
will-left,0,0,2,2016-03-18 15:36:24.166,85
will-left,0,0,2,2016-03-18 15:36:24.676,85
will-left,0,0,2,2016-03-18 15:36:25.166,86
will-left,0,0,2,2016-03-18 15:36:25.679,85
will-left,0,0,2,2016-03-18 15:36:26.170,86
will-left,0,0,2,2016-03-18 15:36:26.667,86
will-left,0,0,2,2016-03-18 15:36:27.165,85
will-left,0,0,2,2016-03-18 15:36:27.669,85
will-left,0,0,2,2016-03-18 15:36:28.172,85
will-left,0,0,2,2016-03-18 15:36:28.696,85
will-left,0,0,2,2016-03-18 15:36:29.198,86
will-left,0,0,2,2016-03-18 15:36:29.665,86
will-left,0,0,2,2016-03-18 15:36:30.166,86
will-left,0,0,2,2016-03-18 15:36:30.665,86
will-left,0,0,2,2016-03-18 15:36:31.182,85
will-left,0,0,2,2016-03-18 15:36:31.680,85
will-left,0,0,2,2016-03-18 15:36:32.178,83
will-left,0,0,2,2016-03-18 15:36:32.698,84
will-left,0,0,2,2016-03-18 15:36:33.178,83
will-left,0,0,2,2016-03-18 15:36:33.679,84
will-left,0,0,2,2016-03-18 15:36:34.178,84
will-left,0,0,2,2016-03-18 15:36:34.665,83
will-left,0,0,2,2016-03-18 15:36:35.166,83
will-left,0,0,2,2016-03-18 15:36:35.666,82
will-left,0,0,2,2016-03-18 15:36:36.188,88
will-left,0,0,2,2016-03-18 15:36:36.665,83
will-left,0,0,2,2016-03-18 15:36:37.179,83
will-left,0,0,2,2016-03-18 15:36:37.679,83
will-left,0,0,2,2016-03-18 15:36:38.170,82
will-left,0,0,2,2016-03-18 15:36:38.665,80
will-left,0,0,2,2016-03-18 15:36:39.169,79
will-left,0,0,2,2016-03-18 15:36:39.665,81
will-left,0,0,2,2016-03-18 15:36:40.165,83
will-left,0,0,2,2016-03-18 15:36:40.677,85
will-left,0,0,2,2016-03-18 15:36:41.197,85
will-left,0,0,2,2016-03-18 15:36:41.679,85
will-left,0,0,2,2016-03-18 15:36:42.167,84
will-left,0,0,2,2016-03-18 15:36:42.670,84
will-left,0,0,2,2016-03-18 15:36:43.165,84
will-left,0,0,2,2016-03-18 15:36:43.665,84
will-left,0,0,2,2016-03-18 15:36:44.177,84
will-left,0,0,2,2016-03-18 15:36:44.654,84
will-left,0,0,2,2016-03-18 15:36:45.165,84
will-left,0,0,2,2016-03-18 15:36:45.683,84
will-left,0,0,2,2016-03-18 15:36:46.198,83
will-left,0,0,2,2016-03-18 15:36:46.684,83
will-left,0,0,2,2016-03-18 15:36:47.155,83
will-left,0,0,2,2016-03-18 15:36:47.666,83
will-left,0,0,2,2016-03-18 15:36:48.169,83
will-left,0,0,2,2016-03-18 15:36:48.665,83
will-left,0,0,2,2016-03-18 15:36:49.180,83
will-left,0,0,2,2016-03-18 15:36:49.677,82
will-left,0,0,2,2016-03-18 15:36:50.152,82
will-left,0,0,2,2016-03-18 15:36:50.664,82
will-left,0,0,2,2016-03-18 15:36:51.164,82
will-left,0,0,2,2016-03-18 15:36:51.664,83
will-left,0,0,2,2016-03-18 15:36:52.164,82
will-left,0,0,2,2016-03-18 15:36:52.682,82
will-left,0,0,2,2016-03-18 15:36:53.183,82
will-left,0,0,2,2016-03-18 15:36:53.664,83
will-left,0,0,2,2016-03-18 15:36:54.165,82
will-left,0,0,2,2016-03-18 15:36:54.682,82
will-left,0,0,2,2016-03-18 15:36:55.197,83
will-left,0,0,2,2016-03-18 15:36:55.665,83
will-left,0,0,2,2016-03-18 15:36:56.179,82
will-left,0,0,2,2016-03-18 15:36:56.679,82
will-left,0,0,2,2016-03-18 15:36:57.167,82
will-left,0,0,2,2016-03-18 15:36:57.659,82
will-left,0,0,2,2016-03-18 15:36:58.170,82
will-left,0,0,2,2016-03-18 15:36:58.684,82
will-left,0,0,2,2016-03-18 15:36:59.165,80
will-left,0,0,2,2016-03-18 15:36:59.665,81
will-left,0,0,2,2016-03-18 15:37:00.167,80
will-left,0,0,2,2016-03-18 15:37:00.665,81
will-left,0,0,2,2016-03-18 15:37:01.166,81
will-left,0,0,2,2016-03-18 15:37:01.680,81
will-left,0,0,2,2016-03-18 15:37:02.197,80
will-left,0,0,2,2016-03-18 15:37:02.665,81
will-left,0,0,2,2016-03-18 15:37:03.165,80
will-left,0,0,2,2016-03-18 15:37:03.668,79
will-left,0,0,2,2016-03-18 15:37:04.159,86
will-left,0,0,2,2016-03-18 15:37:04.693,81
will-left,0,0,2,2016-03-18 15:37:05.180,84
will-left,0,0,2,2016-03-18 15:37:05.687,83
will-left,0,0,2,2016-03-18 15:37:06.178,83
will-left,0,0,2,2016-03-18 15:37:06.681,83
will-left,0,0,2,2016-03-18 15:37:07.179,84
will-left,0,0,2,2016-03-18 15:37:07.691,89
will-left,0,0,2,2016-03-18 15:37:08.191,86
will-left,0,0,2,2016-03-18 15:37:08.681,86
will-left,0,0,2,2016-03-18 15:37:09.168,86
will-left,0,0,2,2016-03-18 15:37:09.675,84
will-left,0,0,2,2016-03-18 15:37:10.181,83
will-left,0,0,2,2016-03-18 15:37:10.677,82
will-left,0,0,2,2016-03-18 15:37:11.165,82
will-left,0,0,2,2016-03-18 15:37:11.668,83
will-left,0,0,2,2016-03-18 15:37:12.180,85
will-left,0,0,2,2016-03-18 15:37:12.667,82
will-left,0,0,2,2016-03-18 15:37:13.165,84
will-left,0,0,2,2016-03-18 15:37:13.679,84
will-left,0,0,2,2016-03-18 15:37:14.171,84
will-left,0,0,2,2016-03-18 15:37:14.690,84
will-left,0,0,2,2016-03-18 15:37:15.165,84
will-left,0,0,2,2016-03-18 15:37:15.677,84
will-left,0,0,2,2016-03-18 15:37:16.197,84
will-left,0,0,2,2016-03-18 15:37:16.670,84
will-left,0,0,2,2016-03-18 15:37:17.180,83
will-left,0,0,2,2016-03-18 15:37:17.682,82
will-left,0,0,2,2016-03-18 15:37:18.165,81
will-left,0,0,2,2016-03-18 15:37:18.664,81
will-left,0,0,2,2016-03-18 15:37:19.175,81
will-left,0,0,2,2016-03-18 15:37:19.667,82
will-left,0,0,2,2016-03-18 15:37:20.179,82
will-left,0,0,2,2016-03-18 15:37:20.680,81
will-left,0,0,2,2016-03-18 15:37:21.165,81
will-left,0,0,2,2016-03-18 15:37:21.666,81
will-left,0,0,2,2016-03-18 15:37:22.165,81
will-left,0,0,2,2016-03-18 15:37:22.695,75
will-left,0,0,2,2016-03-18 15:37:23.179,73
will-left,0,0,2,2016-03-18 15:37:23.664,71
will-left,0,0,2,2016-03-18 15:37:24.179,74
will-left,0,0,2,2016-03-18 15:37:24.677,70
will-left,0,0,2,2016-03-18 15:37:25.178,71
will-left,0,0,2,2016-03-18 15:37:25.684,81
will-left,0,0,2,2016-03-18 15:37:26.181,78
will-left,0,0,2,2016-03-18 15:37:26.664,80
will-left,0,0,2,2016-03-18 15:37:27.179,80
will-left,0,0,2,2016-03-18 15:37:27.665,79
will-left,0,0,2,2016-03-18 15:37:28.178,80
will-left,0,0,2,2016-03-18 15:37:28.666,80
will-left,0,0,2,2016-03-18 15:37:29.178,80
will-left,0,0,2,2016-03-18 15:37:29.679,79
will-left,0,0,2,2016-03-18 15:37:30.165,79
will-left,0,0,2,2016-03-18 15:37:30.665,79
will-left,0,0,2,2016-03-18 15:37:31.182,78
will-left,0,0,2,2016-03-18 15:37:31.697,78
will-left,0,0,2,2016-03-18 15:37:32.165,78
will-left,0,0,2,2016-03-18 15:37:32.679,77
will-left,0,0,2,2016-03-18 15:37:33.179,77
will-left,0,0,2,2016-03-18 15:37:33.678,79
will-left,0,0,2,2016-03-18 15:37:34.165,78
will-left,0,0,2,2016-03-18 15:37:34.679,74
will-left,0,0,2,2016-03-18 15:37:35.178,75
will-left,0,0,2,2016-03-18 15:37:35.664,74
will-left,0,0,2,2016-03-18 15:37:36.176,74
will-left,0,0,2,2016-03-18 15:37:36.678,75
will-left,0,0,2,2016-03-18 15:37:37.177,73
will-left,0,0,2,2016-03-18 15:37:37.664,74
will-left,0,0,2,2016-03-18 15:37:38.178,74
will-left,0,0,2,2016-03-18 15:37:38.677,74
will-left,0,0,2,2016-03-18 15:37:39.164,73
will-left,0,0,2,2016-03-18 15:37:39.664,71
will-left,0,0,2,2016-03-18 15:37:40.186,71
will-left,0,0,2,2016-03-18 15:37:40.690,79
will-left,0,0,2,2016-03-18 15:37:41.178,85
will-left,0,0,2,2016-03-18 15:37:41.679,80
will-left,0,0,2,2016-03-18 15:37:42.185,80
will-left,0,0,2,2016-03-18 15:37:42.689,80
will-left,0,0,2,2016-03-18 15:37:43.189,78
will-left,0,0,2,2016-03-18 15:37:43.675,74
will-left,0,0,2,2016-03-18 15:37:44.178,78
will-left,0,0,2,2016-03-18 15:37:44.684,79
will-left,0,0,2,2016-03-18 15:37:45.185,79
will-left,0,0,2,2016-03-18 15:37:45.678,79
will-left,0,0,2,2016-03-18 15:37:46.191,78
will-left,0,0,2,2016-03-18 15:37:46.684,77
will-left,0,0,2,2016-03-18 15:37:47.175,77
will-left,0,0,2,2016-03-18 15:37:47.690,76
will-left,0,0,2,2016-03-18 15:37:48.203,75
will-left,0,0,2,2016-03-18 15:37:48.679,76
will-left,0,0,2,2016-03-18 15:37:49.178,76
will-left,0,0,2,2016-03-18 15:37:49.675,74
will-left,0,0,2,2016-03-18 15:37:50.173,74
will-left,0,0,2,2016-03-18 15:37:50.677,74
will-left,0,0,2,2016-03-18 15:37:51.189,73
will-left,0,0,2,2016-03-18 15:37:51.677,73
will-left,0,0,2,2016-03-18 15:37:52.189,73
will-left,0,0,2,2016-03-18 15:37:52.681,72
will-left,0,0,2,2016-03-18 15:37:53.190,73
will-left,0,0,2,2016-03-18 15:37:53.677,74
will-left,0,0,2,2016-03-18 15:37:54.177,74
will-left,0,0,2,2016-03-18 15:37:54.677,74
will-left,0,0,2,2016-03-18 15:37:55.205,73
will-left,0,0,2,2016-03-18 15:37:55.677,74
will-left,0,0,2,2016-03-18 15:37:56.196,74
will-left,0,0,2,2016-03-18 15:37:56.708,74
will-left,0,0,2,2016-03-18 15:37:57.189,74
will-left,0,0,2,2016-03-18 15:37:57.681,74
will-left,0,0,2,2016-03-18 15:37:58.221,74
will-left,0,0,2,2016-03-18 15:37:58.690,74
will-left,0,0,2,2016-03-18 15:37:59.189,73
will-left,0,0,2,2016-03-18 15:37:59.691,74
will-left,0,0,2,2016-03-18 15:38:00.224,74
will-left,0,0,2,2016-03-18 15:38:00.750,74
will-left,0,0,2,2016-03-18 15:38:01.190,76
will-left,0,0,2,2016-03-18 15:38:01.705,76
will-left,0,0,2,2016-03-18 15:38:02.190,75
will-left,0,0,2,2016-03-18 15:38:02.689,75
will-left,0,0,2,2016-03-18 15:38:03.189,76
will-left,0,0,2,2016-03-18 15:38:03.689,75
will-left,0,0,2,2016-03-18 15:38:04.244,75
will-left,0,0,2,2016-03-18 15:38:04.689,75
will-left,0,0,2,2016-03-18 15:38:05.190,74
will-left,0,0,2,2016-03-18 15:38:05.683,74
will-left,0,0,2,2016-03-18 15:38:06.186,74
will-left,0,0,2,2016-03-18 15:38:06.689,74
will-left,0,0,2,2016-03-18 15:38:07.193,74
will-left,0,0,2,2016-03-18 15:38:07.694,79
will-left,0,0,2,2016-03-18 15:38:08.191,86
will-left,0,0,2,2016-03-18 15:38:08.702,82
will-left,0,0,2,2016-03-18 15:38:09.202,81
will-left,0,0,2,2016-03-18 15:38:09.729,76
will-left,0,0,2,2016-03-18 15:38:10.190,76
will-left,0,0,2,2016-03-18 15:38:10.693,73
will-left,0,0,2,2016-03-18 15:38:11.191,77
will-left,0,0,2,2016-03-18 15:38:11.696,77
will-left,0,0,2,2016-03-18 15:38:12.185,77
will-left,0,0,2,2016-03-18 15:38:12.697,78
will-left,0,0,2,2016-03-18 15:38:13.207,79
will-left,0,0,2,2016-03-18 15:38:13.691,79
will-left,0,0,2,2016-03-18 15:38:14.202,79
will-left,0,0,2,2016-03-18 15:38:14.679,79
will-left,0,0,2,2016-03-18 15:38:15.189,79
will-left,0,0,2,2016-03-18 15:38:15.692,79
will-left,0,0,2,2016-03-18 15:38:16.192,78
will-left,0,0,2,2016-03-18 15:38:16.694,80
will-left,0,0,2,2016-03-18 15:38:17.202,80
will-left,0,0,2,2016-03-18 15:38:17.703,79
will-left,0,0,2,2016-03-18 15:38:18.190,79
will-left,0,0,2,2016-03-18 15:38:18.689,74
will-left,0,0,2,2016-03-18 15:38:19.189,74
will-left,0,0,2,2016-03-18 15:38:19.691,74
will-left,0,0,2,2016-03-18 15:38:20.206,74
will-left,0,0,2,2016-03-18 15:38:20.702,75
will-left,0,0,2,2016-03-18 15:38:21.203,74
will-left,0,0,2,2016-03-18 15:38:21.689,75
will-left,0,0,2,2016-03-18 15:38:22.200,74
will-left,0,0,2,2016-03-18 15:38:22.689,74
will-left,0,0,2,2016-03-18 15:38:23.189,74
will-left,0,0,2,2016-03-18 15:38:23.692,75
will-left,0,0,2,2016-03-18 15:38:24.203,75
will-left,0,0,2,2016-03-18 15:38:24.722,76
will-left,0,0,2,2016-03-18 15:38:25.180,77
will-left,0,0,2,2016-03-18 15:38:25.689,77
will-left,0,0,2,2016-03-18 15:38:26.199,76
will-left,0,0,2,2016-03-18 15:38:26.707,76
will-left,0,0,2,2016-03-18 15:38:27.189,76
will-left,0,0,2,2016-03-18 15:38:27.684,81
will-left,0,0,2,2016-03-18 15:38:28.190,79
will-left,0,0,2,2016-03-18 15:38:28.690,78
will-left,0,0,2,2016-03-18 15:38:29.194,73
will-left,0,0,2,2016-03-18 15:38:29.701,74
will-left,0,0,2,2016-03-18 15:38:30.235,75
will-left,0,0,2,2016-03-18 15:38:30.679,74
will-left,0,0,2,2016-03-18 15:38:31.189,74
will-left,0,0,2,2016-03-18 15:38:31.691,74
will-left,0,0,2,2016-03-18 15:38:32.189,75
will-left,0,0,2,2016-03-18 15:38:32.709,76
will-left,0,0,2,2016-03-18 15:38:33.201,75
will-left,0,0,2,2016-03-18 15:38:33.680,76
will-left,0,0,2,2016-03-18 15:38:34.191,75
will-left,0,0,2,2016-03-18 15:38:34.689,75
will-left,0,0,2,2016-03-18 15:38:35.213,75
will-left,0,0,2,2016-03-18 15:38:35.689,74
will-left,0,0,2,2016-03-18 15:38:36.190,74
will-left,0,0,2,2016-03-18 15:38:36.702,74
will-left,0,0,2,2016-03-18 15:38:37.190,74
will-left,0,0,2,2016-03-18 15:38:37.692,74
will-left,0,0,2,2016-03-18 15:38:38.209,74
will-left,0,0,2,2016-03-18 15:38:38.703,74
will-left,0,0,2,2016-03-18 15:38:39.190,74
will-left,0,0,2,2016-03-18 15:38:39.690,74
will-left,0,0,2,2016-03-18 15:38:40.206,74
will-left,0,0,2,2016-03-18 15:38:40.689,74
will-left,0,0,2,2016-03-18 15:38:41.184,74
will-left,0,0,2,2016-03-18 15:38:41.702,74
will-left,0,0,2,2016-03-18 15:38:42.203,74
will-left,0,0,2,2016-03-18 15:38:42.689,74
will-left,0,0,2,2016-03-18 15:38:43.189,74
will-left,0,0,2,2016-03-18 15:38:43.705,74
will-left,0,0,2,2016-03-18 15:38:44.189,74
will-left,0,0,2,2016-03-18 15:38:44.694,73
will-left,0,0,2,2016-03-18 15:38:45.219,74
will-left,0,0,2,2016-03-18 15:38:45.706,74
will-left,0,0,2,2016-03-18 15:38:46.189,73
will-left,0,0,2,2016-03-18 15:38:46.698,73
will-left,0,0,2,2016-03-18 15:38:47.202,74
will-left,0,0,2,2016-03-18 15:38:47.720,74
will-left,0,0,2,2016-03-18 15:38:48.188,73
will-left,0,0,2,2016-03-18 15:38:48.707,73
will-left,0,0,2,2016-03-18 15:38:49.193,74
will-left,0,0,2,2016-03-18 15:38:49.684,74
will-left,0,0,2,2016-03-18 15:38:50.204,73
will-left,0,0,2,2016-03-18 15:38:50.702,73
will-left,0,0,2,2016-03-18 15:38:51.220,73
will-left,0,0,2,2016-03-18 15:38:51.690,73
will-left,0,0,2,2016-03-18 15:38:52.189,74
will-left,0,0,2,2016-03-18 15:38:52.681,75
will-left,0,0,2,2016-03-18 15:38:53.195,76
will-left,0,0,2,2016-03-18 15:38:53.702,73
will-left,0,0,2,2016-03-18 15:38:54.209,69
will-left,0,0,2,2016-03-18 15:38:54.690,68
will-left,0,0,2,2016-03-18 15:38:55.189,68
will-left,0,0,2,2016-03-18 15:38:55.694,67
will-left,0,0,2,2016-03-18 15:38:56.204,68
will-left,0,0,2,2016-03-18 15:38:56.703,68
will-left,0,0,2,2016-03-18 15:38:57.192,70
will-left,0,0,2,2016-03-18 15:38:57.700,75
will-left,0,0,2,2016-03-18 15:38:58.190,77
will-left,0,0,2,2016-03-18 15:38:58.707,75
will-left,0,0,2,2016-03-18 15:38:59.204,75
will-left,0,0,2,2016-03-18 15:38:59.703,75
will-left,0,0,2,2016-03-18 15:39:00.193,76
will-left,0,0,2,2016-03-18 15:39:00.690,75
will-left,0,0,2,2016-03-18 15:39:01.204,76
will-left,0,0,2,2016-03-18 15:39:01.689,80
will-left,0,0,2,2016-03-18 15:39:02.189,79
will-left,0,0,2,2016-03-18 15:39:02.710,80
will-left,0,0,2,2016-03-18 15:39:03.203,83
will-left,0,0,2,2016-03-18 15:39:03.689,83
will-left,0,0,2,2016-03-18 15:39:04.189,81
will-left,0,0,2,2016-03-18 15:39:04.702,82
will-left,0,0,2,2016-03-18 15:39:05.252,79
will-left,0,0,2,2016-03-18 15:39:05.694,73
will-left,0,0,2,2016-03-18 15:39:06.216,68
will-left,0,0,2,2016-03-18 15:39:06.701,59
will-left,0,0,2,2016-03-18 15:39:07.227,63
will-left,0,0,2,2016-03-18 15:39:07.689,66
will-left,0,0,2,2016-03-18 15:39:08.215,67
will-left,0,0,2,2016-03-18 15:39:08.724,75
will-left,0,0,2,2016-03-18 15:39:09.202,73
will-left,0,0,2,2016-03-18 15:39:09.701,74
will-left,0,0,2,2016-03-18 15:39:10.190,76
will-left,0,0,2,2016-03-18 15:39:10.690,80
will-left,0,0,2,2016-03-18 15:39:11.191,82
will-left,0,0,2,2016-03-18 15:39:11.702,82
will-left,0,0,2,2016-03-18 15:39:12.205,80
will-left,0,0,2,2016-03-18 15:39:12.689,80
will-left,0,0,2,2016-03-18 15:39:13.202,87
will-left,0,0,2,2016-03-18 15:39:13.700,86
will-left,0,0,2,2016-03-18 15:39:14.207,86
will-left,0,0,2,2016-03-18 15:39:14.706,86
will-left,0,0,2,2016-03-18 15:39:15.201,84
will-left,0,0,2,2016-03-18 15:39:15.708,82
will-left,0,0,2,2016-03-18 15:39:16.189,82
will-left,0,0,2,2016-03-18 15:39:16.690,82
will-left,0,0,2,2016-03-18 15:39:17.204,82
will-left,0,0,2,2016-03-18 15:39:17.713,86
will-left,0,0,2,2016-03-18 15:39:18.208,86
will-left,0,0,2,2016-03-18 15:39:18.708,85
will-left,0,0,2,2016-03-18 15:39:19.189,85
will-left,0,0,2,2016-03-18 15:39:19.703,86
will-left,0,0,2,2016-03-18 15:39:20.203,88
will-left,0,0,2,2016-03-18 15:39:20.705,88
will-left,0,0,2,2016-03-18 15:39:21.208,86
will-left,0,0,2,2016-03-18 15:39:21.699,85
will-left,0,0,2,2016-03-18 15:39:22.219,89
will-left,0,0,2,2016-03-18 15:39:22.690,90
will-left,0,0,2,2016-03-18 15:39:23.208,87
will-left,0,0,2,2016-03-18 15:39:23.702,89
will-left,0,0,2,2016-03-18 15:39:24.216,89
will-left,0,0,2,2016-03-18 15:39:24.689,90
will-left,0,0,2,2016-03-18 15:39:25.201,89
will-left,0,0,2,2016-03-18 15:39:25.700,89
will-left,0,0,2,2016-03-18 15:39:26.200,89
will-left,0,0,2,2016-03-18 15:39:26.701,89
will-left,0,0,2,2016-03-18 15:39:27.196,89
will-left,0,0,2,2016-03-18 15:39:27.721,87
will-left,0,0,2,2016-03-18 15:39:28.189,90
will-left,0,0,2,2016-03-18 15:39:28.702,90
will-left,0,0,2,2016-03-18 15:39:29.203,90
will-left,0,0,2,2016-03-18 15:39:29.719,91
will-left,0,0,2,2016-03-18 15:39:30.200,90
will-left,0,0,2,2016-03-18 15:39:30.688,90
will-left,0,0,2,2016-03-18 15:39:31.188,90
will-left,0,0,2,2016-03-18 15:39:31.688,90
will-left,0,0,2,2016-03-18 15:39:32.219,90
will-left,0,0,2,2016-03-18 15:39:32.701,90
will-left,0,0,2,2016-03-18 15:39:33.201,90
will-left,0,0,2,2016-03-18 15:39:33.707,90
will-left,0,0,2,2016-03-18 15:39:34.198,90
will-left,0,0,2,2016-03-18 15:39:34.718,90
will-left,0,0,2,2016-03-18 15:39:35.206,90
will-left,0,0,2,2016-03-18 15:39:35.706,92
will-left,0,0,2,2016-03-18 15:39:36.190,90
will-left,0,0,2,2016-03-18 15:39:36.689,91
will-left,0,0,2,2016-03-18 15:39:37.189,87
will-left,0,0,2,2016-03-18 15:39:37.701,81
will-left,0,0,2,2016-03-18 15:39:38.201,81
will-left,0,0,2,2016-03-18 15:39:38.714,86
will-left,0,0,2,2016-03-18 15:39:39.213,83
will-left,0,0,2,2016-03-18 15:39:39.691,87
will-left,0,0,2,2016-03-18 15:39:40.189,87
will-left,0,0,2,2016-03-18 15:39:40.707,87
will-left,0,0,2,2016-03-18 15:39:41.196,82
will-left,0,0,2,2016-03-18 15:39:41.688,83
will-left,0,0,2,2016-03-18 15:39:42.202,87
will-left,0,0,2,2016-03-18 15:39:42.701,69
will-left,0,0,2,2016-03-18 15:39:43.203,63
will-left,0,0,2,2016-03-18 15:39:43.695,57
will-left,0,0,2,2016-03-18 15:39:44.194,55
will-left,0,0,2,2016-03-18 15:39:44.702,54
will-left,0,0,2,2016-03-18 15:39:45.191,56
will-left,0,0,2,2016-03-18 15:39:45.705,51
will-left,0,0,2,2016-03-18 15:39:46.202,77
will-left,0,0,2,2016-03-18 15:39:46.702,85
will-left,0,0,2,2016-03-18 15:39:47.221,88
will-left,0,0,2,2016-03-18 15:39:47.702,89
will-left,0,0,2,2016-03-18 15:39:48.205,84
will-left,0,0,2,2016-03-18 15:39:48.707,61
will-left,0,0,2,2016-03-18 15:39:49.216,56
will-left,0,0,2,2016-03-18 15:39:49.704,58
will-left,0,0,2,2016-03-18 15:39:50.214,66
will-left,0,0,2,2016-03-18 15:39:50.700,75
will-left,0,0,2,2016-03-18 15:39:51.201,77
will-left,0,0,2,2016-03-18 15:39:51.713,76
will-left,0,0,2,2016-03-18 15:39:52.213,80
will-left,0,0,2,2016-03-18 15:39:52.713,88
will-left,0,0,2,2016-03-18 15:39:53.201,89
will-left,0,0,2,2016-03-18 15:39:53.701,89
will-left,0,0,2,2016-03-18 15:39:54.202,90
will-left,0,0,2,2016-03-18 15:39:54.714,89
will-left,0,0,2,2016-03-18 15:39:55.193,88
will-left,0,0,2,2016-03-18 15:39:55.703,88
will-left,0,0,2,2016-03-18 15:39:56.202,88
will-left,0,0,2,2016-03-18 15:39:56.700,88
will-left,0,0,2,2016-03-18 15:39:57.213,91
will-left,0,0,2,2016-03-18 15:39:57.725,94
will-left,0,0,2,2016-03-18 15:39:58.243,93
will-left,0,0,2,2016-03-18 15:39:58.701,90
will-left,0,0,2,2016-03-18 15:39:59.206,96
will-left,0,0,2,2016-03-18 15:39:59.706,96
will-left,0,0,2,2016-03-18 15:40:00.214,95
will-left,0,0,2,2016-03-18 15:40:00.713,95
will-left,0,0,2,2016-03-18 15:40:01.214,89
will-left,0,0,2,2016-03-18 15:40:01.719,89
will-left,0,0,2,2016-03-18 15:40:02.213,89
will-left,0,0,2,2016-03-18 15:40:02.731,89
will-left,0,0,2,2016-03-18 15:40:03.213,86
will-left,0,0,2,2016-03-18 15:40:03.707,86
will-left,0,0,2,2016-03-18 15:40:04.213,86
will-left,0,0,2,2016-03-18 15:40:04.724,85
will-left,0,0,2,2016-03-18 15:40:05.213,79
will-left,0,0,2,2016-03-18 15:40:05.713,76
will-left,0,0,2,2016-03-18 15:40:06.205,85
will-left,0,0,2,2016-03-18 15:40:06.726,79
will-left,0,0,2,2016-03-18 15:40:07.219,73
will-left,0,0,2,2016-03-18 15:40:07.721,71
will-left,0,0,2,2016-03-18 15:40:08.215,82
will-left,0,0,2,2016-03-18 15:40:08.730,88
will-left,0,0,2,2016-03-18 15:40:09.207,86
will-left,0,0,2,2016-03-18 15:40:09.726,86
will-left,0,0,2,2016-03-18 15:40:10.230,82
will-left,0,0,2,2016-03-18 15:40:10.728,80
will-left,0,0,2,2016-03-18 15:40:11.213,77
will-left,0,0,2,2016-03-18 15:40:11.708,74
will-left,0,0,2,2016-03-18 15:40:12.213,76
will-left,0,0,2,2016-03-18 15:40:12.713,81
will-left,0,0,2,2016-03-18 15:40:13.213,80
will-left,0,0,2,2016-03-18 15:40:13.730,81
will-left,0,0,2,2016-03-18 15:40:14.213,82
will-left,0,0,2,2016-03-18 15:40:14.713,70
will-left,0,0,2,2016-03-18 15:40:15.227,57
will-left,0,0,2,2016-03-18 15:40:15.713,51
will-left,0,0,2,2016-03-18 15:40:16.230,50
will-left,0,0,2,2016-03-18 15:40:16.715,52
will-left,0,0,2,2016-03-18 15:40:17.213,52
will-left,0,0,2,2016-03-18 15:40:17.729,56
will-left,0,0,2,2016-03-18 15:40:18.243,65
will-left,0,0,2,2016-03-18 15:40:18.726,67
will-left,0,0,2,2016-03-18 15:40:19.226,61
will-left,0,0,2,2016-03-18 15:40:19.713,56
will-left,0,0,2,2016-03-18 15:40:20.213,52
will-left,0,0,2,2016-03-18 15:40:20.713,46
will-left,0,0,2,2016-03-18 15:40:21.214,45
will-left,0,0,2,2016-03-18 15:40:21.730,43
will-left,0,0,2,2016-03-18 15:40:22.228,43
will-left,0,0,2,2016-03-18 15:40:22.732,42
will-left,0,0,2,2016-03-18 15:40:23.214,44
will-left,0,0,2,2016-03-18 15:40:23.729,51
will-left,0,0,2,2016-03-18 15:40:24.213,62
will-left,0,0,2,2016-03-18 15:40:24.703,58
will-left,0,0,2,2016-03-18 15:40:25.213,57
will-left,0,0,2,2016-03-18 15:40:25.726,63
will-left,0,0,2,2016-03-18 15:40:26.213,62
will-left,0,0,2,2016-03-18 15:40:26.733,60
will-left,0,0,2,2016-03-18 15:40:27.213,55
will-left,0,0,2,2016-03-18 15:40:27.728,45
will-left,0,0,2,2016-03-18 15:40:28.213,44
will-left,0,0,2,2016-03-18 15:40:28.730,44
will-left,0,0,2,2016-03-18 15:40:29.242,44
will-left,0,0,2,2016-03-18 15:40:29.713,43
will-left,0,0,2,2016-03-18 15:40:30.207,49
will-left,0,0,2,2016-03-18 15:40:30.731,48
will-left,0,0,2,2016-03-18 15:40:31.239,51
will-left,0,0,2,2016-03-18 15:40:31.718,51
will-left,0,0,2,2016-03-18 15:40:32.213,51
will-left,0,0,2,2016-03-18 15:40:32.713,48
will-left,0,0,2,2016-03-18 15:40:33.218,51
will-left,0,0,2,2016-03-18 15:40:33.729,53
will-left,0,0,2,2016-03-18 15:40:34.213,50
will-left,0,0,2,2016-03-18 15:40:34.713,48
will-left,0,0,2,2016-03-18 15:40:35.228,48
will-left,0,0,2,2016-03-18 15:40:35.723,49
will-left,0,0,2,2016-03-18 15:40:36.213,37
will-left,0,0,2,2016-03-18 15:40:36.714,35
will-left,0,0,2,2016-03-18 15:40:37.218,35
will-left,0,0,2,2016-03-18 15:40:37.724,37
will-left,0,0,2,2016-03-18 15:40:38.217,43
will-left,0,0,2,2016-03-18 15:40:38.719,45
will-left,0,0,2,2016-03-18 15:40:39.223,48
will-left,0,0,2,2016-03-18 15:40:39.722,48
will-left,0,0,2,2016-03-18 15:40:40.213,49
will-left,0,0,2,2016-03-18 15:40:40.713,47
will-left,0,0,2,2016-03-18 15:40:41.223,48
will-left,0,0,2,2016-03-18 15:40:41.722,50
will-left,0,0,2,2016-03-18 15:40:42.213,66
will-left,0,0,2,2016-03-18 15:40:42.719,75
will-left,0,0,2,2016-03-18 15:40:43.228,74
will-left,0,0,2,2016-03-18 15:40:43.713,72
will-left,0,0,2,2016-03-18 15:40:44.217,75
will-left,0,0,2,2016-03-18 15:40:44.723,66
will-left,0,0,2,2016-03-18 15:40:45.224,58
will-left,0,0,2,2016-03-18 15:40:45.713,50
will-left,0,0,2,2016-03-18 15:40:46.218,49
will-left,0,0,2,2016-03-18 15:40:46.723,47
will-left,0,0,2,2016-03-18 15:40:47.212,45
will-left,0,0,2,2016-03-18 15:40:47.715,42
will-left,0,0,2,2016-03-18 15:40:48.213,43
will-left,0,0,2,2016-03-18 15:40:48.723,43
will-left,0,0,2,2016-03-18 15:40:49.214,42
will-left,0,0,2,2016-03-18 15:40:49.713,42
will-left,0,0,2,2016-03-18 15:40:50.223,43
will-left,0,0,2,2016-03-18 15:40:50.724,54
will-left,0,0,2,2016-03-18 15:40:51.213,61
will-left,0,0,2,2016-03-18 15:40:51.713,63
will-left,0,0,2,2016-03-18 15:40:52.218,63
will-left,0,0,2,2016-03-18 15:40:52.723,64
will-left,0,0,2,2016-03-18 15:40:53.213,67
will-left,0,0,2,2016-03-18 15:40:53.730,67
will-left,0,0,2,2016-03-18 15:40:54.242,70
will-left,0,0,2,2016-03-18 15:40:54.761,67
will-left,0,0,2,2016-03-18 15:40:55.243,66
will-left,0,0,2,2016-03-18 15:40:55.742,66
will-left,0,0,2,2016-03-18 15:40:56.257,67
will-left,0,0,2,2016-03-18 15:40:56.781,69
will-left,0,0,2,2016-03-18 15:40:57.225,58
will-left,0,0,2,2016-03-18 15:40:57.743,48
will-left,0,0,2,2016-03-18 15:40:58.258,53
will-left,0,0,2,2016-03-18 15:40:58.730,56
will-left,0,0,2,2016-03-18 15:40:59.231,55
will-left,0,0,2,2016-03-18 15:40:59.742,56
will-left,0,0,2,2016-03-18 15:41:00.238,56
will-left,0,0,2,2016-03-18 15:41:00.730,56
will-left,0,0,2,2016-03-18 15:41:01.221,59
will-left,0,0,2,2016-03-18 15:41:01.744,50
will-left,0,0,2,2016-03-18 15:41:02.231,43
will-left,0,0,2,2016-03-18 15:41:02.719,41
will-left,0,0,2,2016-03-18 15:41:03.227,41
will-left,0,0,2,2016-03-18 15:41:03.717,40
will-left,0,0,2,2016-03-18 15:41:04.235,43
will-left,0,0,2,2016-03-18 15:41:04.731,53
will-left,0,0,2,2016-03-18 15:41:05.257,54
will-left,0,0,2,2016-03-18 15:41:05.742,56
will-left,0,0,2,2016-03-18 15:41:06.221,57
will-left,0,0,2,2016-03-18 15:41:06.743,57
will-left,0,0,2,2016-03-18 15:41:07.218,56
will-left,0,0,2,2016-03-18 15:41:07.758,55
will-left,0,0,2,2016-03-18 15:41:08.251,55
will-left,0,0,2,2016-03-18 15:41:08.741,57
will-left,0,0,2,2016-03-18 15:41:09.257,53
will-left,0,0,2,2016-03-18 15:41:09.730,55
will-left,0,0,2,2016-03-18 15:41:10.247,56
will-left,0,0,2,2016-03-18 15:41:10.792,55
will-left,0,0,2,2016-03-18 15:41:11.253,55
will-left,0,0,2,2016-03-18 15:41:11.753,53
will-left,0,0,2,2016-03-18 15:41:12.230,56
will-left,0,0,2,2016-03-18 15:41:12.748,56
will-left,0,0,2,2016-03-18 15:41:13.232,60
will-left,0,0,2,2016-03-18 15:41:13.737,71
will-left,0,0,2,2016-03-18 15:41:14.233,72
will-left,0,0,2,2016-03-18 15:41:14.743,72
will-left,0,0,2,2016-03-18 15:41:15.224,85
will-left,0,0,2,2016-03-18 15:41:15.728,92
will-left,0,0,2,2016-03-18 15:41:16.240,93
will-left,0,0,2,2016-03-18 15:41:16.736,94
will-left,0,0,2,2016-03-18 15:41:17.243,89
will-left,0,0,2,2016-03-18 15:41:17.733,79
will-left,0,0,2,2016-03-18 15:41:18.257,78
will-left,0,0,2,2016-03-18 15:41:18.761,79
will-left,0,0,2,2016-03-18 15:41:19.242,84
will-left,0,0,2,2016-03-18 15:41:19.723,86
will-left,0,0,2,2016-03-18 15:41:20.240,85
will-left,0,0,2,2016-03-18 15:41:20.746,85
will-left,0,0,2,2016-03-18 15:41:21.229,85
will-left,0,0,2,2016-03-18 15:41:21.714,85
will-left,0,0,2,2016-03-18 15:41:22.244,85
will-left,0,0,2,2016-03-18 15:41:22.723,84
will-left,0,0,2,2016-03-18 15:41:23.242,86
will-left,0,0,2,2016-03-18 15:41:23.716,86
will-left,0,0,2,2016-03-18 15:41:24.240,86
will-left,0,0,2,2016-03-18 15:41:24.720,87
will-left,0,0,2,2016-03-18 15:41:25.243,87
will-left,0,0,2,2016-03-18 15:41:25.737,87
will-left,0,0,2,2016-03-18 15:41:26.258,87
will-left,0,0,2,2016-03-18 15:41:26.742,87
will-left,0,0,2,2016-03-18 15:41:27.242,88
will-left,0,0,2,2016-03-18 15:41:27.742,87
will-left,0,0,2,2016-03-18 15:41:28.231,87
will-left,0,0,2,2016-03-18 15:41:28.720,86
will-left,0,0,2,2016-03-18 15:41:29.240,86
will-left,0,0,2,2016-03-18 15:41:29.719,86
will-left,0,0,2,2016-03-18 15:41:30.243,86
will-left,0,0,2,2016-03-18 15:41:30.725,88
will-left,0,0,2,2016-03-18 15:41:31.290,89
will-left,0,0,2,2016-03-18 15:41:31.719,88
will-left,0,0,2,2016-03-18 15:41:32.229,89
will-left,0,0,2,2016-03-18 15:41:32.743,88
will-left,0,0,2,2016-03-18 15:41:33.257,89
will-left,0,0,2,2016-03-18 15:41:33.720,88
will-left,0,0,2,2016-03-18 15:41:34.230,87
will-left,0,0,2,2016-03-18 15:41:34.727,89
will-left,0,0,2,2016-03-18 15:41:35.259,89
will-left,0,0,2,2016-03-18 15:41:35.721,89
will-left,0,0,2,2016-03-18 15:41:36.248,89
will-left,0,0,2,2016-03-18 15:41:36.725,89
will-left,0,0,2,2016-03-18 15:41:37.229,87
will-left,0,0,2,2016-03-18 15:41:37.729,87
will-left,0,0,2,2016-03-18 15:41:38.231,88
will-left,0,0,2,2016-03-18 15:41:38.729,89
will-left,0,0,2,2016-03-18 15:41:39.241,88
will-left,0,0,2,2016-03-18 15:41:39.720,88
will-left,0,0,2,2016-03-18 15:41:40.257,87
will-left,0,0,2,2016-03-18 15:41:40.730,89
will-left,0,0,2,2016-03-18 15:41:41.226,82
will-left,0,0,2,2016-03-18 15:41:41.718,70
will-left,0,0,2,2016-03-18 15:41:42.239,75
will-left,0,0,2,2016-03-18 15:41:42.738,83
will-left,0,0,2,2016-03-18 15:41:43.232,74
will-left,0,0,2,2016-03-18 15:41:43.729,77
will-left,0,0,2,2016-03-18 15:41:44.257,82
will-left,0,0,2,2016-03-18 15:41:44.729,91
will-left,0,0,2,2016-03-18 15:41:45.247,91
will-left,0,0,2,2016-03-18 15:41:45.723,89
will-left,0,0,2,2016-03-18 15:41:46.264,85
will-left,0,0,2,2016-03-18 15:41:46.718,84
will-left,0,0,2,2016-03-18 15:41:47.232,91
will-left,0,0,2,2016-03-18 15:41:47.751,93
will-left,0,0,2,2016-03-18 15:41:48.240,90
will-left,0,0,2,2016-03-18 15:41:48.730,91
will-left,0,0,2,2016-03-18 15:41:49.229,92
will-left,0,0,2,2016-03-18 15:41:49.732,93
will-left,0,0,2,2016-03-18 15:41:50.242,92
will-left,0,0,2,2016-03-18 15:41:50.731,70
will-left,0,0,2,2016-03-18 15:41:51.228,60
will-left,0,0,2,2016-03-18 15:41:51.736,48
will-left,0,0,2,2016-03-18 15:41:52.231,52
will-left,0,0,2,2016-03-18 15:41:52.730,62
will-left,0,0,2,2016-03-18 15:41:53.241,60
will-left,0,0,2,2016-03-18 15:41:53.730,59
will-left,0,0,2,2016-03-18 15:41:54.242,58
will-left,0,0,2,2016-03-18 15:41:54.739,65
will-left,0,0,2,2016-03-18 15:41:55.258,33
will-left,0,0,2,2016-03-18 15:41:55.755,50
will-left,0,0,2,2016-03-18 15:41:56.252,48
will-left,0,0,2,2016-03-18 15:41:56.752,45
will-left,0,0,2,2016-03-18 15:41:57.262,39
will-left,0,0,2,2016-03-18 15:41:57.774,92
will-left,0,0,2,2016-03-18 15:41:58.254,88
will-left,0,0,2,2016-03-18 15:41:58.763,89
will-left,0,0,2,2016-03-18 15:41:59.275,88
will-left,0,0,2,2016-03-18 15:41:59.752,80
will-left,0,0,2,2016-03-18 15:42:00.243,79
will-left,0,0,2,2016-03-18 15:42:00.752,75
will-left,0,0,2,2016-03-18 15:42:01.267,80
will-left,0,0,2,2016-03-18 15:42:01.755,69
will-left,0,0,2,2016-03-18 15:42:02.252,76
will-left,0,0,2,2016-03-18 15:42:02.762,83
will-left,0,0,2,2016-03-18 15:42:03.249,84
will-left,0,0,2,2016-03-18 15:42:03.752,85
will-left,0,0,2,2016-03-18 15:42:04.241,85
will-left,0,0,2,2016-03-18 15:42:04.769,84
will-left,0,0,2,2016-03-18 15:42:05.257,85
will-left,0,0,2,2016-03-18 15:42:05.753,85
will-left,0,0,2,2016-03-18 15:42:06.252,84
will-left,0,0,2,2016-03-18 15:42:06.756,84
will-left,0,0,2,2016-03-18 15:42:07.246,84
will-left,0,0,2,2016-03-18 15:42:07.757,74
will-left,0,0,2,2016-03-18 15:42:08.268,80
will-left,0,0,2,2016-03-18 15:42:08.754,78
will-left,0,0,2,2016-03-18 15:42:09.257,75
will-left,0,0,2,2016-03-18 15:42:09.767,73
will-left,0,0,2,2016-03-18 15:42:10.293,48
will-left,0,0,2,2016-03-18 15:42:10.751,46
will-left,0,0,2,2016-03-18 15:42:11.255,63
will-left,0,0,2,2016-03-18 15:42:11.763,53
will-left,0,0,2,2016-03-18 15:42:12.269,41
will-left,0,0,2,2016-03-18 15:42:12.754,73
will-left,0,0,2,2016-03-18 15:42:13.253,80
will-left,0,0,2,2016-03-18 15:42:13.765,78
will-left,0,0,2,2016-03-18 15:42:14.268,74
will-left,0,0,2,2016-03-18 15:42:14.751,69
will-left,0,0,2,2016-03-18 15:42:15.251,42
will-left,0,0,2,2016-03-18 15:42:15.768,41
will-left,0,0,2,2016-03-18 15:42:16.263,43
will-left,0,0,2,2016-03-18 15:42:16.753,45
will-left,0,0,2,2016-03-18 15:42:17.253,51
will-left,0,0,2,2016-03-18 15:42:17.779,58
will-left,0,0,2,2016-03-18 15:42:18.252,57
will-left,0,0,2,2016-03-18 15:42:18.752,56
will-left,0,0,2,2016-03-18 15:42:19.265,61
will-left,0,0,2,2016-03-18 15:42:19.780,60
will-left,0,0,2,2016-03-18 15:42:20.252,70
will-left,0,0,2,2016-03-18 15:42:20.770,68
will-left,0,0,2,2016-03-18 15:42:21.279,71
will-left,0,0,2,2016-03-18 15:42:21.777,74
will-left,0,0,2,2016-03-18 15:42:22.268,69
will-left,0,0,2,2016-03-18 15:42:22.768,64
will-left,0,0,2,2016-03-18 15:42:23.263,62
will-left,0,0,2,2016-03-18 15:42:23.752,65
will-left,0,0,2,2016-03-18 15:42:24.254,62
will-left,0,0,2,2016-03-18 15:42:24.786,54
will-left,0,0,2,2016-03-18 15:42:25.267,55
will-left,0,0,2,2016-03-18 15:42:25.750,54
will-left,0,0,2,2016-03-18 15:42:26.252,55
will-left,0,0,2,2016-03-18 15:42:26.762,54
will-left,0,0,2,2016-03-18 15:42:27.285,54
will-left,0,0,2,2016-03-18 15:42:27.751,54
will-left,0,0,2,2016-03-18 15:42:28.251,54
will-left,0,0,2,2016-03-18 15:42:28.764,54
will-left,0,0,2,2016-03-18 15:42:29.266,54
will-left,0,0,2,2016-03-18 15:42:29.755,54
will-left,0,0,2,2016-03-18 15:42:30.267,54
will-left,0,0,2,2016-03-18 15:42:30.758,54
will-left,0,0,2,2016-03-18 15:42:31.267,54
will-left,0,0,2,2016-03-18 15:42:31.788,54
will-left,0,0,2,2016-03-18 15:42:32.269,54
will-left,0,0,2,2016-03-18 15:42:32.752,64
will-left,0,0,2,2016-03-18 15:42:33.255,63
will-left,0,0,2,2016-03-18 15:42:33.784,59
will-left,0,0,2,2016-03-18 15:42:34.279,59
will-left,0,0,2,2016-03-18 15:42:34.752,68
will-left,0,0,2,2016-03-18 15:42:35.252,64
will-left,0,0,2,2016-03-18 15:42:35.764,64
will-left,0,0,2,2016-03-18 15:42:36.279,63
will-left,0,0,2,2016-03-18 15:42:36.814,63
will-left,0,0,2,2016-03-18 15:42:37.270,62
will-left,0,0,2,2016-03-18 15:42:37.779,63
will-left,0,0,2,2016-03-18 15:42:38.278,64
will-left,0,0,2,2016-03-18 15:42:38.752,64
will-left,0,0,2,2016-03-18 15:42:39.252,64
will-left,0,0,2,2016-03-18 15:42:39.778,65
will-left,0,0,2,2016-03-18 15:42:40.279,63
will-left,0,0,2,2016-03-18 15:42:40.755,64
will-left,0,0,2,2016-03-18 15:42:41.257,64
will-left,0,0,2,2016-03-18 15:42:41.766,63
will-left,0,0,2,2016-03-18 15:42:42.269,61
will-left,0,0,2,2016-03-18 15:42:42.753,61
will-left,0,0,2,2016-03-18 15:42:43.262,62
will-left,0,0,2,2016-03-18 15:42:43.764,61
will-left,0,0,2,2016-03-18 15:42:44.252,61
will-left,0,0,2,2016-03-18 15:42:44.754,62
will-left,0,0,2,2016-03-18 15:42:45.263,60
will-left,0,0,2,2016-03-18 15:42:45.765,63
will-left,0,0,2,2016-03-18 15:42:46.253,64
will-left,0,0,2,2016-03-18 15:42:46.743,63
will-left,0,0,2,2016-03-18 15:42:47.265,62
will-left,0,0,2,2016-03-18 15:42:47.768,59
will-left,0,0,2,2016-03-18 15:42:48.269,69
will-left,0,0,2,2016-03-18 15:42:48.782,69
will-left,0,0,2,2016-03-18 15:42:49.266,64
will-left,0,0,2,2016-03-18 15:42:49.753,54
will-left,0,0,2,2016-03-18 15:42:50.252,60
will-left,0,0,2,2016-03-18 15:42:50.779,59
will-left,0,0,2,2016-03-18 15:42:51.279,60
will-left,0,0,2,2016-03-18 15:42:51.745,60
will-left,0,0,2,2016-03-18 15:42:52.253,60
will-left,0,0,2,2016-03-18 15:42:52.780,61
will-left,0,0,2,2016-03-18 15:42:53.265,61
will-left,0,0,2,2016-03-18 15:42:53.754,60
will-left,0,0,2,2016-03-18 15:42:54.253,62
will-left,0,0,2,2016-03-18 15:42:54.784,61
will-left,0,0,2,2016-03-18 15:42:55.280,60
will-left,0,0,2,2016-03-18 15:42:55.755,60
will-left,0,0,2,2016-03-18 15:42:56.256,60
will-left,0,0,2,2016-03-18 15:42:56.743,63
will-left,0,0,2,2016-03-18 15:42:57.252,63
will-left,0,0,2,2016-03-18 15:42:57.768,63
will-left,0,0,2,2016-03-18 15:42:58.265,66
will-left,0,0,2,2016-03-18 15:42:58.779,70
will-left,0,0,2,2016-03-18 15:42:59.252,65
will-left,0,0,2,2016-03-18 15:42:59.757,64
will-left,0,0,2,2016-03-18 15:43:00.251,62
will-left,0,0,2,2016-03-18 15:43:00.779,71
will-left,0,0,2,2016-03-18 15:43:01.252,63
will-left,0,0,2,2016-03-18 15:43:01.743,63
will-left,0,0,2,2016-03-18 15:43:02.264,63
will-left,0,0,2,2016-03-18 15:43:02.748,63
will-left,0,0,2,2016-03-18 15:43:03.250,63
will-left,0,0,2,2016-03-18 15:43:03.763,63
will-left,0,0,2,2016-03-18 15:43:04.295,61
will-left,0,0,2,2016-03-18 15:43:04.755,57
will-left,0,0,2,2016-03-18 15:43:05.252,57
will-left,0,0,2,2016-03-18 15:43:05.773,57
will-left,0,0,2,2016-03-18 15:43:06.257,59
will-left,0,0,2,2016-03-18 15:43:06.742,60
will-left,0,0,2,2016-03-18 15:43:07.269,60
will-left,0,0,2,2016-03-18 15:43:07.765,60
will-left,0,0,2,2016-03-18 15:43:08.252,60
will-left,0,0,2,2016-03-18 15:43:08.755,60
will-left,0,0,2,2016-03-18 15:43:09.291,59
will-left,0,0,2,2016-03-18 15:43:09.765,60
will-left,0,0,2,2016-03-18 15:43:10.281,60
will-left,0,0,2,2016-03-18 15:43:10.755,60
will-left,0,0,2,2016-03-18 15:43:11.287,61
will-left,0,0,2,2016-03-18 15:43:11.745,60
will-left,0,0,2,2016-03-18 15:43:12.253,60
will-left,0,0,2,2016-03-18 15:43:12.759,60
will-left,0,0,2,2016-03-18 15:43:13.279,64
will-left,0,0,2,2016-03-18 15:43:13.764,60
will-left,0,0,2,2016-03-18 15:43:14.257,59
will-left,0,0,2,2016-03-18 15:43:14.769,58
will-left,0,0,2,2016-03-18 15:43:15.272,55
will-left,0,0,2,2016-03-18 15:43:15.752,54
will-left,0,0,2,2016-03-18 15:43:16.276,47
will-left,0,0,2,2016-03-18 15:43:16.751,40
will-left,0,0,2,2016-03-18 15:43:17.268,40
will-left,0,0,2,2016-03-18 15:43:17.754,40
will-left,0,0,2,2016-03-18 15:43:18.249,47
will-left,0,0,2,2016-03-18 15:43:18.762,54
will-left,0,0,2,2016-03-18 15:43:19.243,51
will-left,0,0,2,2016-03-18 15:43:19.753,74
will-left,0,0,2,2016-03-18 15:43:20.240,70
will-left,0,0,2,2016-03-18 15:43:20.764,71
will-left,0,0,2,2016-03-18 15:43:21.239,67
will-left,0,0,2,2016-03-18 15:43:21.769,67
will-left,0,0,2,2016-03-18 15:43:22.250,67
will-left,0,0,2,2016-03-18 15:43:22.763,67
will-left,0,0,2,2016-03-18 15:43:23.239,68
will-left,0,0,2,2016-03-18 15:43:23.749,68
will-left,0,0,2,2016-03-18 15:43:24.242,67
will-left,0,0,2,2016-03-18 15:43:24.779,67
will-left,0,0,2,2016-03-18 15:43:25.242,67
will-left,0,0,2,2016-03-18 15:43:25.768,67
will-left,0,0,2,2016-03-18 15:43:26.241,70
will-left,0,0,2,2016-03-18 15:43:26.752,67
will-left,0,0,2,2016-03-18 15:43:27.241,60
will-left,0,0,2,2016-03-18 15:43:27.752,58
will-left,0,0,2,2016-03-18 15:43:28.241,73
will-left,0,0,2,2016-03-18 15:43:28.774,81
will-left,0,0,2,2016-03-18 15:43:29.241,80
will-left,0,0,2,2016-03-18 15:43:29.765,80
will-left,0,0,2,2016-03-18 15:43:30.240,80
will-left,0,0,2,2016-03-18 15:43:30.767,80
will-left,0,0,2,2016-03-18 15:43:31.239,79
will-left,0,0,2,2016-03-18 15:43:31.756,79
will-left,0,0,2,2016-03-18 15:43:32.251,79
will-left,0,0,2,2016-03-18 15:43:32.767,80
will-left,0,0,2,2016-03-18 15:43:33.247,79
will-left,0,0,2,2016-03-18 15:43:33.767,79
will-left,0,0,2,2016-03-18 15:43:34.242,80
will-left,0,0,2,2016-03-18 15:43:34.752,81
will-left,0,0,2,2016-03-18 15:43:35.249,81
will-left,0,0,2,2016-03-18 15:43:35.765,80
will-left,0,0,2,2016-03-18 15:43:36.255,82
will-left,0,0,2,2016-03-18 15:43:36.754,81
will-left,0,0,2,2016-03-18 15:43:37.247,81
will-left,0,0,2,2016-03-18 15:43:37.752,81
will-left,0,0,2,2016-03-18 15:43:38.269,81
will-left,0,0,2,2016-03-18 15:43:38.778,81
will-left,0,0,2,2016-03-18 15:43:39.251,81
will-left,0,0,2,2016-03-18 15:43:39.753,80
will-left,0,0,2,2016-03-18 15:43:40.250,80
will-left,0,0,2,2016-03-18 15:43:40.779,80
will-left,0,0,2,2016-03-18 15:43:41.241,80
will-left,0,0,2,2016-03-18 15:43:41.752,80
will-left,0,0,2,2016-03-18 15:43:42.273,80
will-left,0,0,2,2016-03-18 15:43:42.764,79
will-left,0,0,2,2016-03-18 15:43:43.252,79
will-left,0,0,2,2016-03-18 15:43:43.752,79
will-left,0,0,2,2016-03-18 15:43:44.251,79
will-left,0,0,2,2016-03-18 15:43:44.764,79
will-left,0,0,2,2016-03-18 15:43:45.255,73
will-left,0,0,2,2016-03-18 15:43:45.773,58
will-left,0,0,2,2016-03-18 15:43:46.268,58
will-left,0,0,2,2016-03-18 15:43:46.778,74
will-left,0,0,2,2016-03-18 15:43:47.254,76
will-left,0,0,2,2016-03-18 15:43:47.752,75
will-left,0,0,2,2016-03-18 15:43:48.258,73
will-left,0,0,2,2016-03-18 15:43:48.763,75
will-left,0,0,2,2016-03-18 15:43:49.266,79
will-left,0,0,2,2016-03-18 15:43:49.770,77
will-left,0,0,2,2016-03-18 15:43:50.250,66
will-left,0,0,2,2016-03-18 15:43:50.763,48
will-left,0,0,2,2016-03-18 15:43:51.249,51
will-left,0,0,2,2016-03-18 15:43:51.756,48
will-left,0,0,2,2016-03-18 15:43:52.252,50
will-left,0,0,2,2016-03-18 15:43:52.752,63
will-left,0,0,2,2016-03-18 15:43:53.251,70
will-left,0,0,2,2016-03-18 15:43:53.790,67
will-left,0,0,2,2016-03-18 15:43:54.273,67
will-left,0,0,2,2016-03-18 15:43:54.791,51
will-left,0,0,2,2016-03-18 15:43:55.278,44
will-left,0,0,2,2016-03-18 15:43:55.807,44
will-left,0,0,2,2016-03-18 15:43:56.291,45
will-left,0,0,2,2016-03-18 15:43:56.781,54
will-left,0,0,2,2016-03-18 15:43:57.293,55
will-left,0,0,2,2016-03-18 15:43:57.793,58
will-left,0,0,2,2016-03-18 15:43:58.279,57
will-left,0,0,2,2016-03-18 15:43:58.780,57
will-left,0,0,2,2016-03-18 15:43:59.283,56
will-left,0,0,2,2016-03-18 15:43:59.788,60
will-left,0,0,2,2016-03-18 15:44:00.266,70
will-left,0,0,2,2016-03-18 15:44:00.793,63
will-left,0,0,2,2016-03-18 15:44:01.283,63
will-left,0,0,2,2016-03-18 15:44:01.769,66
will-left,0,0,2,2016-03-18 15:44:02.279,64
will-left,0,0,2,2016-03-18 15:44:02.779,69
will-left,0,0,2,2016-03-18 15:44:03.265,69
will-left,0,0,2,2016-03-18 15:44:03.779,69
will-left,0,0,2,2016-03-18 15:44:04.258,71
will-left,0,0,2,2016-03-18 15:44:04.769,73
will-left,0,0,2,2016-03-18 15:44:05.268,74
will-left,0,0,2,2016-03-18 15:44:05.757,73
will-left,0,0,2,2016-03-18 15:44:06.257,73
will-left,0,0,2,2016-03-18 15:44:06.767,73
will-left,0,0,2,2016-03-18 15:44:07.259,73
will-left,0,0,2,2016-03-18 15:44:07.761,73
will-left,0,0,2,2016-03-18 15:44:08.258,73
will-left,0,0,2,2016-03-18 15:44:08.768,74
will-left,0,0,2,2016-03-18 15:44:09.295,73
will-left,0,0,2,2016-03-18 15:44:09.779,73
will-left,0,0,2,2016-03-18 15:44:10.292,73
will-left,0,0,2,2016-03-18 15:44:10.789,73
will-left,0,0,2,2016-03-18 15:44:11.279,76
will-left,0,0,2,2016-03-18 15:44:11.779,75
will-left,0,0,2,2016-03-18 15:44:12.289,65
will-left,0,0,2,2016-03-18 15:44:12.807,66
will-left,0,0,2,2016-03-18 15:44:13.279,72
will-left,0,0,2,2016-03-18 15:44:13.780,65
will-left,0,0,2,2016-03-18 15:44:14.289,67
will-left,0,0,2,2016-03-18 15:44:14.807,63
will-left,0,0,2,2016-03-18 15:44:15.279,63
will-left,0,0,2,2016-03-18 15:44:15.779,61
will-left,0,0,2,2016-03-18 15:44:16.307,61
will-left,0,0,2,2016-03-18 15:44:16.779,60
will-left,0,0,2,2016-03-18 15:44:17.279,60
will-left,0,0,2,2016-03-18 15:44:17.810,60
will-left,0,0,2,2016-03-18 15:44:18.274,60
will-left,0,0,2,2016-03-18 15:44:18.778,60
will-left,0,0,2,2016-03-18 15:44:19.281,60
will-left,0,0,2,2016-03-18 15:44:19.791,60
will-left,0,0,2,2016-03-18 15:44:20.290,60
will-left,0,0,2,2016-03-18 15:44:20.779,60
will-left,0,0,2,2016-03-18 15:44:21.278,60
will-left,0,0,2,2016-03-18 15:44:21.789,60
will-left,0,0,2,2016-03-18 15:44:22.292,60
will-left,0,0,2,2016-03-18 15:44:22.779,60
will-left,0,0,2,2016-03-18 15:44:23.279,60
will-left,0,0,2,2016-03-18 15:44:23.790,60
will-left,0,0,2,2016-03-18 15:44:24.280,60
will-left,0,0,2,2016-03-18 15:44:24.778,60
will-left,0,0,2,2016-03-18 15:44:25.288,63
will-left,0,0,2,2016-03-18 15:44:25.788,65
will-left,0,0,2,2016-03-18 15:44:26.278,63
will-left,0,0,2,2016-03-18 15:44:26.799,65
will-left,0,0,2,2016-03-18 15:44:27.290,48
will-left,0,0,2,2016-03-18 15:44:27.790,47
will-left,0,0,2,2016-03-18 15:44:28.292,45
will-left,0,0,2,2016-03-18 15:44:28.792,48
will-left,0,0,2,2016-03-18 15:44:29.306,70
will-left,0,0,2,2016-03-18 15:44:29.816,69
will-left,0,0,2,2016-03-18 15:44:30.280,70
will-left,0,0,2,2016-03-18 15:44:30.780,55
will-left,0,0,2,2016-03-18 15:44:31.290,53
will-left,0,0,2,2016-03-18 15:44:31.794,80
will-left,0,0,2,2016-03-18 15:44:32.278,63
will-left,0,0,2,2016-03-18 15:44:32.789,89
will-left,0,0,2,2016-03-18 15:44:33.279,86
will-left,0,0,2,2016-03-18 15:44:33.779,86
will-left,0,0,2,2016-03-18 15:44:34.306,87
will-left,0,0,2,2016-03-18 15:44:34.791,86
will-left,0,0,2,2016-03-18 15:44:35.302,86
will-left,0,0,2,2016-03-18 15:44:35.778,86
will-left,0,0,2,2016-03-18 15:44:36.289,86
will-left,0,0,2,2016-03-18 15:44:36.807,87
will-left,0,0,2,2016-03-18 15:44:37.268,87
will-left,0,0,2,2016-03-18 15:44:37.780,86
will-left,0,0,2,2016-03-18 15:44:38.289,87
will-left,0,0,2,2016-03-18 15:44:38.788,87
will-left,0,0,2,2016-03-18 15:44:39.279,90
will-left,0,0,2,2016-03-18 15:44:39.779,90
will-left,0,0,2,2016-03-18 15:44:40.302,90
will-left,0,0,2,2016-03-18 15:44:40.788,89
will-left,0,0,2,2016-03-18 15:44:41.286,89
will-left,0,0,2,2016-03-18 15:44:41.792,88
will-left,0,0,2,2016-03-18 15:44:42.279,88
will-left,0,0,2,2016-03-18 15:44:42.778,87
will-left,0,0,2,2016-03-18 15:44:43.291,87
will-left,0,0,2,2016-03-18 15:44:43.789,87
will-left,0,0,2,2016-03-18 15:44:44.291,87
will-left,0,0,2,2016-03-18 15:44:44.779,87
will-left,0,0,2,2016-03-18 15:44:45.279,87
will-left,0,0,2,2016-03-18 15:44:45.790,88
will-left,0,0,2,2016-03-18 15:44:46.277,86
will-left,0,0,2,2016-03-18 15:44:46.779,86
will-left,0,0,2,2016-03-18 15:44:47.279,86
will-left,0,0,2,2016-03-18 15:44:47.789,86
will-left,0,0,2,2016-03-18 15:44:48.292,81
will-left,0,0,2,2016-03-18 15:44:48.778,85
will-left,0,0,2,2016-03-18 15:44:49.290,76
will-left,0,0,2,2016-03-18 15:44:49.805,79
will-left,0,0,2,2016-03-18 15:44:50.268,81
will-left,0,0,2,2016-03-18 15:44:50.778,82
will-left,0,0,2,2016-03-18 15:44:51.281,81
will-left,0,0,2,2016-03-18 15:44:51.789,83
will-left,0,0,2,2016-03-18 15:44:52.278,86
will-left,0,0,2,2016-03-18 15:44:52.778,85
will-left,0,0,2,2016-03-18 15:44:53.291,88
will-left,0,0,2,2016-03-18 15:44:53.790,89
will-left,0,0,2,2016-03-18 15:44:54.292,88
will-left,0,0,2,2016-03-18 15:44:54.778,88
will-left,0,0,2,2016-03-18 15:44:55.290,87
will-left,0,0,2,2016-03-18 15:44:55.839,87
will-left,0,0,2,2016-03-18 15:44:56.271,88
will-left,0,0,2,2016-03-18 15:44:56.791,90
will-left,0,0,2,2016-03-18 15:44:57.290,89
will-left,0,0,2,2016-03-18 15:44:57.778,88
will-left,0,0,2,2016-03-18 15:44:58.279,89
will-left,0,0,2,2016-03-18 15:44:58.806,89
will-left,0,0,2,2016-03-18 15:44:59.307,87
will-left,0,0,2,2016-03-18 15:44:59.773,84
will-left,0,0,2,2016-03-18 15:45:00.267,84
will-left,0,0,2,2016-03-18 15:45:00.828,78
will-left,0,0,2,2016-03-18 15:45:01.265,80
will-left,0,0,2,2016-03-18 15:45:01.836,82
will-left,0,0,2,2016-03-18 15:45:02.280,84
will-left,0,0,2,2016-03-18 15:45:02.826,84
will-left,0,0,2,2016-03-18 15:45:03.274,85
will-left,0,0,2,2016-03-18 15:45:03.777,82
will-left,0,0,2,2016-03-18 15:45:04.289,90
will-left,0,0,2,2016-03-18 15:45:04.828,82
will-left,0,0,2,2016-03-18 15:45:05.291,86
will-left,0,0,2,2016-03-18 15:45:05.823,85
will-left,0,0,2,2016-03-18 15:45:06.264,75
will-left,0,0,2,2016-03-18 15:45:06.768,72
will-left,0,0,2,2016-03-18 15:45:07.279,75
will-left,0,0,2,2016-03-18 15:45:07.802,76
will-left,0,0,2,2016-03-18 15:45:08.303,77
will-left,0,0,2,2016-03-18 15:45:08.779,79
will-left,0,0,2,2016-03-18 15:45:09.279,79
will-left,0,0,2,2016-03-18 15:45:09.809,79
will-left,0,0,2,2016-03-18 15:45:10.290,80
will-left,0,0,2,2016-03-18 15:45:10.815,80
will-left,0,0,2,2016-03-18 15:45:11.283,81
will-left,0,0,2,2016-03-18 15:45:11.833,80
will-left,0,0,2,2016-03-18 15:45:12.278,80
will-left,0,0,2,2016-03-18 15:45:12.816,81
will-left,0,0,2,2016-03-18 15:45:13.293,80
will-left,0,0,2,2016-03-18 15:45:13.808,79
will-left,0,0,2,2016-03-18 15:45:14.275,79
will-left,0,0,2,2016-03-18 15:45:14.759,83
will-left,0,0,2,2016-03-18 15:45:15.279,84
will-left,0,0,2,2016-03-18 15:45:15.793,70
will-left,0,0,2,2016-03-18 15:45:16.277,78
will-left,0,0,2,2016-03-18 15:45:16.776,74
will-left,0,0,2,2016-03-18 15:45:17.287,72
will-left,0,0,2,2016-03-18 15:45:17.813,72
will-left,0,0,2,2016-03-18 15:45:18.299,68
will-left,0,0,2,2016-03-18 15:45:18.774,73
will-left,0,0,2,2016-03-18 15:45:19.287,77
will-left,0,0,2,2016-03-18 15:45:19.784,93
will-left,0,0,2,2016-03-18 15:45:20.278,98
will-left,0,0,2,2016-03-18 15:45:20.770,95
will-left,0,0,2,2016-03-18 15:45:21.288,74
will-left,0,0,2,2016-03-18 15:45:21.775,87
will-left,0,0,2,2016-03-18 15:45:22.297,54
will-left,0,0,2,2016-03-18 15:45:22.769,35
will-left,0,0,2,2016-03-18 15:45:23.283,73
will-left,0,0,2,2016-03-18 15:45:23.766,75
will-left,0,0,2,2016-03-18 15:45:24.279,74
will-left,0,0,2,2016-03-18 15:45:24.772,73
will-left,0,0,2,2016-03-18 15:45:25.290,74
will-left,0,0,2,2016-03-18 15:45:25.763,75
will-left,0,0,2,2016-03-18 15:45:26.294,74
will-left,0,0,2,2016-03-18 15:45:26.766,67
will-left,0,0,2,2016-03-18 15:45:27.278,84
will-left,0,0,2,2016-03-18 15:45:27.765,82
will-left,0,0,2,2016-03-18 15:45:28.289,77
will-left,0,0,2,2016-03-18 15:45:28.764,83
will-left,0,0,2,2016-03-18 15:45:29.278,75
will-left,0,0,2,2016-03-18 15:45:29.773,55
will-left,0,0,2,2016-03-18 15:45:30.307,55
will-left,0,0,2,2016-03-18 15:45:30.771,68
will-left,0,0,2,2016-03-18 15:45:31.291,66
will-left,0,0,2,2016-03-18 15:45:31.765,69
will-left,0,0,2,2016-03-18 15:45:32.286,74
will-left,0,0,2,2016-03-18 15:45:32.778,50
will-left,0,0,2,2016-03-18 15:45:33.273,63
will-left,0,0,2,2016-03-18 15:45:33.792,46
will-left,0,0,2,2016-03-18 15:45:34.292,51
will-left,0,0,2,2016-03-18 15:45:34.776,58
will-left,0,0,2,2016-03-18 15:45:35.280,42
will-left,0,0,2,2016-03-18 15:45:35.767,62
will-left,0,0,2,2016-03-18 15:45:36.279,48
will-left,0,0,2,2016-03-18 15:45:36.778,59
will-left,0,0,2,2016-03-18 15:45:37.298,41
will-left,0,0,2,2016-03-18 15:45:37.768,87
will-left,0,0,2,2016-03-18 15:45:38.279,48
will-left,0,0,2,2016-03-18 15:45:38.777,101
will-left,0,0,2,2016-03-18 15:45:39.285,55
will-left,0,0,2,2016-03-18 15:45:39.778,47
will-left,0,0,2,2016-03-18 15:45:40.278,41
will-left,0,0,2,2016-03-18 15:45:40.767,59
will-left,0,0,2,2016-03-18 15:45:41.280,66
will-left,0,0,2,2016-03-18 15:45:41.766,53
will-left,0,0,2,2016-03-18 15:45:42.302,34
will-left,0,0,2,2016-03-18 15:45:42.821,23
will-left,0,0,2,2016-03-18 15:45:43.315,24
will-left,0,0,2,2016-03-18 15:45:43.799,34
will-left,0,0,2,2016-03-18 15:45:44.321,22
will-left,0,0,2,2016-03-18 15:45:44.826,15
will-left,0,0,2,2016-03-18 15:45:45.320,76
will-left,0,0,2,2016-03-18 15:45:45.801,79
will-left,0,0,2,2016-03-18 15:45:46.296,81
will-left,0,0,2,2016-03-18 15:45:46.794,91
will-left,0,0,2,2016-03-18 15:45:47.315,93
will-left,0,0,2,2016-03-18 15:45:47.801,92
will-left,0,0,2,2016-03-18 15:45:48.313,93
will-left,0,0,2,2016-03-18 15:45:48.801,93
will-left,0,0,2,2016-03-18 15:45:49.312,92
will-left,0,0,2,2016-03-18 15:45:49.801,91
will-left,0,0,2,2016-03-18 15:45:50.303,87
will-left,0,0,2,2016-03-18 15:45:50.795,91
will-left,0,0,2,2016-03-18 15:45:51.302,91
will-left,0,0,2,2016-03-18 15:45:51.803,92
will-left,0,0,2,2016-03-18 15:45:52.335,72
will-left,0,0,2,2016-03-18 15:45:52.805,80
will-left,0,0,2,2016-03-18 15:45:53.301,88
will-left,0,0,2,2016-03-18 15:45:53.817,28
will-left,0,0,2,2016-03-18 15:45:54.317,67
will-left,0,0,2,2016-03-18 15:45:54.801,67
will-left,0,0,2,2016-03-18 15:45:55.301,73
will-left,0,0,2,2016-03-18 15:45:55.796,86
will-left,0,0,2,2016-03-18 15:45:56.312,79
will-left,0,0,2,2016-03-18 15:45:56.801,90
will-left,0,0,2,2016-03-18 15:45:57.320,91
will-left,0,0,2,2016-03-18 15:45:57.800,95
will-left,0,0,2,2016-03-18 15:45:58.328,88
will-left,0,0,2,2016-03-18 15:45:58.801,73
will-left,0,0,2,2016-03-18 15:45:59.312,73
will-left,0,0,2,2016-03-18 15:45:59.804,73
will-left,0,0,2,2016-03-18 15:46:00.305,64
will-left,0,0,2,2016-03-18 15:46:00.802,31
will-left,0,0,2,2016-03-18 15:46:01.301,16
will-left,0,0,2,2016-03-18 15:46:01.803,23
will-left,0,0,2,2016-03-18 15:46:02.303,37
will-left,0,0,2,2016-03-18 15:46:02.801,64
will-left,0,0,2,2016-03-18 15:46:03.303,67
will-left,0,0,2,2016-03-18 15:46:03.793,47
will-left,0,0,2,2016-03-18 15:46:04.301,51
will-left,0,0,2,2016-03-18 15:46:04.801,53
will-left,0,0,2,2016-03-18 15:46:05.328,47
will-left,0,0,2,2016-03-18 15:46:05.786,53
will-left,0,0,2,2016-03-18 15:46:06.295,54
will-left,0,0,2,2016-03-18 15:46:06.793,55
will-left,0,0,2,2016-03-18 15:46:07.314,54
will-left,0,0,2,2016-03-18 15:46:07.799,53
will-left,0,0,2,2016-03-18 15:46:08.321,53
will-left,0,0,2,2016-03-18 15:46:08.811,54
will-left,0,0,2,2016-03-18 15:46:09.312,58
will-left,0,0,2,2016-03-18 15:46:09.801,63
will-left,0,0,2,2016-03-18 15:46:10.317,56
will-left,0,0,2,2016-03-18 15:46:10.798,53
will-left,0,0,2,2016-03-18 15:46:11.312,55
will-left,0,0,2,2016-03-18 15:46:11.817,54
will-left,0,0,2,2016-03-18 15:46:12.317,56
will-left,0,0,2,2016-03-18 15:46:12.812,57
will-left,0,0,2,2016-03-18 15:46:13.302,59
will-left,0,0,2,2016-03-18 15:46:13.819,59
will-left,0,0,2,2016-03-18 15:46:14.317,59
will-left,0,0,2,2016-03-18 15:46:14.797,59
will-left,0,0,2,2016-03-18 15:46:15.328,59
will-left,0,0,2,2016-03-18 15:46:15.803,59
will-left,0,0,2,2016-03-18 15:46:16.302,59
will-left,0,0,2,2016-03-18 15:46:16.813,58
will-left,0,0,2,2016-03-18 15:46:17.307,58
will-left,0,0,2,2016-03-18 15:46:17.803,58
will-left,0,0,2,2016-03-18 15:46:18.328,57
will-left,0,0,2,2016-03-18 15:46:18.828,57
will-left,0,0,2,2016-03-18 15:46:19.302,57
will-left,0,0,2,2016-03-18 15:46:19.801,57
will-left,0,0,2,2016-03-18 15:46:20.314,57
will-left,0,0,2,2016-03-18 15:46:20.813,59
will-left,0,0,2,2016-03-18 15:46:21.317,58
will-left,0,0,2,2016-03-18 15:46:21.802,58
will-left,0,0,2,2016-03-18 15:46:22.327,58
will-left,0,0,2,2016-03-18 15:46:22.816,58
will-left,0,0,2,2016-03-18 15:46:23.316,58
will-left,0,0,2,2016-03-18 15:46:23.812,57
will-left,0,0,2,2016-03-18 15:46:24.311,64
will-left,0,0,2,2016-03-18 15:46:24.801,62
will-left,0,0,2,2016-03-18 15:46:25.303,62
will-left,0,0,2,2016-03-18 15:46:25.814,57
will-left,0,0,2,2016-03-18 15:46:26.330,54
will-left,0,0,2,2016-03-18 15:46:26.802,54
will-left,0,0,2,2016-03-18 15:46:27.301,55
will-left,0,0,2,2016-03-18 15:46:27.811,55
will-left,0,0,2,2016-03-18 15:46:28.334,56
will-left,0,0,2,2016-03-18 15:46:28.802,56
will-left,0,0,2,2016-03-18 15:46:29.301,56
will-left,0,0,2,2016-03-18 15:46:29.828,56
will-left,0,0,2,2016-03-18 15:46:30.312,56
will-left,0,0,2,2016-03-18 15:46:30.849,56
will-left,0,0,2,2016-03-18 15:46:31.313,56
will-left,0,0,2,2016-03-18 15:46:31.828,56
will-left,0,0,2,2016-03-18 15:46:32.301,58
will-left,0,0,2,2016-03-18 15:46:32.802,56
will-left,0,0,2,2016-03-18 15:46:33.312,57
will-left,0,0,2,2016-03-18 15:46:33.802,56
will-left,0,0,2,2016-03-18 15:46:34.301,57
will-left,0,0,2,2016-03-18 15:46:34.813,56
will-left,0,0,2,2016-03-18 15:46:35.311,54
will-left,0,0,2,2016-03-18 15:46:35.800,49
will-left,0,0,2,2016-03-18 15:46:36.316,43
will-left,0,0,2,2016-03-18 15:46:36.814,44
will-left,0,0,2,2016-03-18 15:46:37.329,50
will-left,0,0,2,2016-03-18 15:46:37.817,50
will-left,0,0,2,2016-03-18 15:46:38.313,49
will-left,0,0,2,2016-03-18 15:46:38.813,50
will-left,0,0,2,2016-03-18 15:46:39.312,50
will-left,0,0,2,2016-03-18 15:46:39.802,50
will-left,0,0,2,2016-03-18 15:46:40.301,48
will-left,0,0,2,2016-03-18 15:46:40.828,49
will-left,0,0,2,2016-03-18 15:46:41.304,49
will-left,0,0,2,2016-03-18 15:46:41.817,49
will-left,0,0,2,2016-03-18 15:46:42.325,49
will-left,0,0,2,2016-03-18 15:46:42.812,50
will-left,0,0,2,2016-03-18 15:46:43.302,40
will-left,0,0,2,2016-03-18 15:46:43.801,39
will-left,0,0,2,2016-03-18 15:46:44.313,44
will-left,0,0,2,2016-03-18 15:46:44.813,48
will-left,0,0,2,2016-03-18 15:46:45.302,49
will-left,0,0,2,2016-03-18 15:46:45.823,48
will-left,0,0,2,2016-03-18 15:46:46.317,48
will-left,0,0,2,2016-03-18 15:46:46.804,49
will-left,0,0,2,2016-03-18 15:46:47.302,49
will-left,0,0,2,2016-03-18 15:46:47.829,49
will-left,0,0,2,2016-03-18 15:46:48.311,49
will-left,0,0,2,2016-03-18 15:46:48.804,49
will-left,0,0,2,2016-03-18 15:46:49.326,48
will-left,0,0,2,2016-03-18 15:46:49.829,48
will-left,0,0,2,2016-03-18 15:46:50.328,49
will-left,0,0,2,2016-03-18 15:46:50.787,49
will-left,0,0,2,2016-03-18 15:46:51.301,49
will-left,0,0,2,2016-03-18 15:46:51.812,48
will-left,0,0,2,2016-03-18 15:46:52.311,48
will-left,0,0,2,2016-03-18 15:46:52.824,48
will-left,0,0,2,2016-03-18 15:46:53.314,47
will-left,0,0,2,2016-03-18 15:46:53.828,41
will-left,0,0,2,2016-03-18 15:46:54.328,40
will-left,0,0,2,2016-03-18 15:46:54.803,40
will-left,0,0,2,2016-03-18 15:46:55.301,38
will-left,0,0,2,2016-03-18 15:46:55.806,48
will-left,0,0,2,2016-03-18 15:46:56.301,38
will-left,0,0,2,2016-03-18 15:46:56.802,47
will-left,0,0,2,2016-03-18 15:46:57.317,48
will-left,0,0,2,2016-03-18 15:46:57.812,48
will-left,0,0,2,2016-03-18 15:46:58.319,47
will-left,0,0,2,2016-03-18 15:46:58.803,47
will-left,0,0,2,2016-03-18 15:46:59.311,47
will-left,0,0,2,2016-03-18 15:46:59.818,47
will-left,0,0,2,2016-03-18 15:47:00.289,47
will-left,0,0,2,2016-03-18 15:47:00.797,47
will-left,0,0,2,2016-03-18 15:47:01.328,47
will-left,0,0,2,2016-03-18 15:47:01.811,47
will-left,0,0,2,2016-03-18 15:47:02.295,47
will-left,0,0,2,2016-03-18 15:47:02.829,45
will-left,0,0,2,2016-03-18 15:47:03.295,45
will-left,0,0,2,2016-03-18 15:47:03.801,45
will-left,0,0,2,2016-03-18 15:47:04.296,45
will-left,0,0,2,2016-03-18 15:47:04.812,44
will-left,0,0,2,2016-03-18 15:47:05.311,49
will-left,0,0,2,2016-03-18 15:47:05.788,48
will-left,0,0,2,2016-03-18 15:47:06.306,43
will-left,0,0,2,2016-03-18 15:47:06.816,43
will-left,0,0,2,2016-03-18 15:47:07.292,48
will-left,0,0,2,2016-03-18 15:47:07.802,43
will-left,0,0,2,2016-03-18 15:47:08.326,44
will-left,0,0,2,2016-03-18 15:47:08.828,45
will-left,0,0,2,2016-03-18 15:47:09.340,43
will-left,0,0,2,2016-03-18 15:47:09.817,44
will-left,0,0,2,2016-03-18 15:47:10.363,44
will-left,0,0,2,2016-03-18 15:47:10.795,45
will-left,0,0,2,2016-03-18 15:47:11.353,45
will-left,0,0,2,2016-03-18 15:47:11.824,45
will-left,0,0,2,2016-03-18 15:47:12.355,37
will-left,0,0,2,2016-03-18 15:47:12.801,38
will-left,0,0,2,2016-03-18 15:47:13.299,39
will-left,0,0,2,2016-03-18 15:47:13.812,42
will-left,0,0,2,2016-03-18 15:47:14.364,46
will-left,0,0,2,2016-03-18 15:47:14.784,87
will-left,0,0,2,2016-03-18 15:47:15.292,78
will-left,0,0,2,2016-03-18 15:47:15.811,79
will-left,0,0,2,2016-03-18 15:47:16.304,82
will-left,0,0,2,2016-03-18 15:47:16.818,84
will-left,0,0,2,2016-03-18 15:47:17.309,84
will-left,0,0,2,2016-03-18 15:47:17.825,84
will-left,0,0,2,2016-03-18 15:47:18.314,85
will-left,0,0,2,2016-03-18 15:47:18.809,86
will-left,0,0,2,2016-03-18 15:47:19.305,89
will-left,0,0,2,2016-03-18 15:47:19.815,88
will-left,0,0,2,2016-03-18 15:47:20.327,88
will-left,0,0,2,2016-03-18 15:47:20.801,88
will-left,0,0,2,2016-03-18 15:47:21.292,88
will-left,0,0,2,2016-03-18 15:47:21.812,88
will-left,0,0,2,2016-03-18 15:47:22.291,91
will-left,0,0,2,2016-03-18 15:47:22.804,89
will-left,0,0,2,2016-03-18 15:47:23.303,90
will-left,0,0,2,2016-03-18 15:47:23.855,90
will-left,0,0,2,2016-03-18 15:47:24.316,90
will-left,0,0,2,2016-03-18 15:47:24.827,90
will-left,0,0,2,2016-03-18 15:47:25.315,90
will-left,0,0,2,2016-03-18 15:47:25.841,90
will-left,0,0,2,2016-03-18 15:47:26.296,89
will-left,0,0,2,2016-03-18 15:47:26.848,89
will-left,0,0,2,2016-03-18 15:47:27.316,90
will-left,0,0,2,2016-03-18 15:47:27.841,89
will-left,0,0,2,2016-03-18 15:47:28.318,90
will-left,0,0,2,2016-03-18 15:47:28.838,90
will-left,0,0,2,2016-03-18 15:47:29.303,90
will-left,0,0,2,2016-03-18 15:47:29.827,90
will-left,0,0,2,2016-03-18 15:47:30.323,90
will-left,0,0,2,2016-03-18 15:47:30.847,90
will-left,0,0,2,2016-03-18 15:47:31.328,90
will-left,0,0,2,2016-03-18 15:47:31.828,90
will-left,0,0,2,2016-03-18 15:47:32.315,90
will-left,0,0,2,2016-03-18 15:47:32.859,90
will-left,0,0,2,2016-03-18 15:47:33.321,90
will-left,0,0,2,2016-03-18 15:47:33.827,90
will-left,0,0,2,2016-03-18 15:47:34.318,90
will-left,0,0,2,2016-03-18 15:47:34.833,90
will-left,0,0,2,2016-03-18 15:47:35.328,90
will-left,0,0,2,2016-03-18 15:47:35.823,90
will-left,0,0,2,2016-03-18 15:47:36.340,88
will-left,0,0,2,2016-03-18 15:47:36.850,90
will-left,0,0,2,2016-03-18 15:47:37.312,90
will-left,0,0,2,2016-03-18 15:47:37.839,90
will-left,0,0,2,2016-03-18 15:47:38.325,90
will-left,0,0,2,2016-03-18 15:47:38.827,90
will-left,0,0,2,2016-03-18 15:47:39.317,90
will-left,0,0,2,2016-03-18 15:47:39.853,91
will-left,0,0,2,2016-03-18 15:47:40.348,91
will-left,0,0,2,2016-03-18 15:47:40.829,90
will-left,0,0,2,2016-03-18 15:47:41.336,90
will-left,0,0,2,2016-03-18 15:47:41.837,90
will-left,0,0,2,2016-03-18 15:47:42.322,90
will-left,0,0,2,2016-03-18 15:47:42.842,90
will-left,0,0,2,2016-03-18 15:47:43.328,90
will-left,0,0,2,2016-03-18 15:47:43.838,90
will-left,0,0,2,2016-03-18 15:47:44.361,90
will-left,0,0,2,2016-03-18 15:47:44.829,90
will-left,0,0,2,2016-03-18 15:47:45.330,90
will-left,0,0,2,2016-03-18 15:47:45.851,90
will-left,0,0,2,2016-03-18 15:47:46.327,90
will-left,0,0,2,2016-03-18 15:47:46.822,90
will-left,0,0,2,2016-03-18 15:47:47.325,91
will-left,0,0,2,2016-03-18 15:47:47.857,91
will-left,0,0,2,2016-03-18 15:47:48.327,90
will-left,0,0,2,2016-03-18 15:47:48.828,90
will-left,0,0,2,2016-03-18 15:47:49.346,90
will-left,0,0,2,2016-03-18 15:47:49.833,90
will-left,0,0,2,2016-03-18 15:47:50.328,91
will-left,0,0,2,2016-03-18 15:47:50.827,90
will-left,0,0,2,2016-03-18 15:47:51.323,91
will-left,0,0,2,2016-03-18 15:47:51.827,91
will-left,0,0,2,2016-03-18 15:47:52.329,91
will-left,0,0,2,2016-03-18 15:47:52.838,92
will-left,0,0,2,2016-03-18 15:47:53.323,92
will-left,0,0,2,2016-03-18 15:47:53.841,93
will-left,0,0,2,2016-03-18 15:47:54.327,91
will-left,0,0,2,2016-03-18 15:47:54.863,92
will-left,0,0,2,2016-03-18 15:47:55.326,92
will-left,0,0,2,2016-03-18 15:47:55.828,91
will-left,0,0,2,2016-03-18 15:47:56.323,92
will-left,0,0,2,2016-03-18 15:47:56.837,92
will-left,0,0,2,2016-03-18 15:47:57.328,92
will-left,0,0,2,2016-03-18 15:47:57.828,91
will-left,0,0,2,2016-03-18 15:47:58.339,91
will-left,0,0,2,2016-03-18 15:47:58.835,91
will-left,0,0,2,2016-03-18 15:47:59.328,91
will-left,0,0,2,2016-03-18 15:47:59.841,91
will-left,0,0,2,2016-03-18 15:48:00.321,91
will-left,0,0,2,2016-03-18 15:48:00.840,91
will-left,0,0,2,2016-03-18 15:48:01.327,91
will-left,0,0,2,2016-03-18 15:48:01.843,91
will-left,0,0,2,2016-03-18 15:48:02.327,91
will-left,0,0,2,2016-03-18 15:48:02.823,91
will-left,0,0,2,2016-03-18 15:48:03.309,91
will-left,0,0,2,2016-03-18 15:48:03.818,91
will-left,0,0,2,2016-03-18 15:48:04.310,91
will-left,0,0,2,2016-03-18 15:48:04.813,92
will-left,0,0,2,2016-03-18 15:48:05.329,92
will-left,0,0,2,2016-03-18 15:48:05.832,92
will-left,0,0,2,2016-03-18 15:48:06.328,91
will-left,0,0,2,2016-03-18 15:48:06.818,91
will-left,0,0,2,2016-03-18 15:48:07.329,91
will-left,0,0,2,2016-03-18 15:48:07.837,91
will-left,0,0,2,2016-03-18 15:48:08.322,92
will-left,0,0,2,2016-03-18 15:48:08.831,92
will-left,0,0,2,2016-03-18 15:48:09.325,92
will-left,0,0,2,2016-03-18 15:48:09.850,92
will-left,0,0,2,2016-03-18 15:48:10.342,91
will-left,0,0,2,2016-03-18 15:48:10.823,91
will-left,0,0,2,2016-03-18 15:48:11.328,91
will-left,0,0,2,2016-03-18 15:48:11.838,92
will-left,0,0,2,2016-03-18 15:48:12.326,91
will-left,0,0,2,2016-03-18 15:48:12.827,91
will-left,0,0,2,2016-03-18 15:48:13.354,91
will-left,0,0,2,2016-03-18 15:48:13.856,91
will-left,0,0,2,2016-03-18 15:48:14.313,91
will-left,0,0,2,2016-03-18 15:48:14.816,91
will-left,0,0,2,2016-03-18 15:48:15.337,91
will-left,0,0,2,2016-03-18 15:48:15.825,91
will-left,0,0,2,2016-03-18 15:48:16.342,91
will-left,0,0,2,2016-03-18 15:48:16.837,90
will-left,0,0,2,2016-03-18 15:48:17.353,90
will-left,0,0,2,2016-03-18 15:48:17.827,90
will-left,0,0,2,2016-03-18 15:48:18.328,90
will-left,0,0,2,2016-03-18 15:48:18.839,90
will-left,0,0,2,2016-03-18 15:48:19.337,90
will-left,0,0,2,2016-03-18 15:48:19.840,86
will-left,0,0,2,2016-03-18 15:48:20.326,86
will-left,0,0,2,2016-03-18 15:48:20.835,86
will-left,0,0,2,2016-03-18 15:48:21.339,87
will-left,0,0,2,2016-03-18 15:48:21.847,90
will-left,0,0,2,2016-03-18 15:48:22.338,91
will-left,0,0,2,2016-03-18 15:48:22.837,90
will-left,0,0,2,2016-03-18 15:48:23.328,90
will-left,0,0,2,2016-03-18 15:48:23.819,90
will-left,0,0,2,2016-03-18 15:48:24.337,90
will-left,0,0,2,2016-03-18 15:48:24.836,90
will-left,0,0,2,2016-03-18 15:48:25.323,90
will-left,0,0,2,2016-03-18 15:48:25.827,90
will-left,0,0,2,2016-03-18 15:48:26.339,90
will-left,0,0,2,2016-03-18 15:48:26.833,90
will-left,0,0,2,2016-03-18 15:48:27.339,90
will-left,0,0,2,2016-03-18 15:48:27.840,90
will-left,0,0,2,2016-03-18 15:48:28.333,90
will-left,0,0,2,2016-03-18 15:48:28.836,91
will-left,0,0,2,2016-03-18 15:48:29.323,91
will-left,0,0,2,2016-03-18 15:48:29.823,91
will-left,0,0,2,2016-03-18 15:48:30.374,91
will-left,0,0,2,2016-03-18 15:48:30.827,91
will-left,0,0,2,2016-03-18 15:48:31.347,91
will-left,0,0,2,2016-03-18 15:48:31.850,91
will-left,0,0,2,2016-03-18 15:48:32.351,69
will-left,0,0,2,2016-03-18 15:48:32.825,60
will-left,0,0,2,2016-03-18 15:48:33.323,37
will-left,0,0,2,2016-03-18 15:48:33.837,22
will-left,0,0,2,2016-03-18 15:48:34.323,24
will-left,0,0,2,2016-03-18 15:48:34.827,23
will-left,0,0,2,2016-03-18 15:48:35.385,15
will-left,0,0,2,2016-03-18 15:48:35.852,80
will-left,0,0,2,2016-03-18 15:48:36.350,73
will-left,0,0,2,2016-03-18 15:48:36.827,70
will-left,0,0,2,2016-03-18 15:48:37.337,77
will-left,0,0,2,2016-03-18 15:48:37.833,79
will-left,0,0,2,2016-03-18 15:48:38.322,79
will-left,0,0,2,2016-03-18 15:48:38.826,79
will-left,0,0,2,2016-03-18 15:48:39.352,69
will-left,0,0,2,2016-03-18 15:48:39.854,67
will-left,0,0,2,2016-03-18 15:48:40.370,67
will-left,0,0,2,2016-03-18 15:48:40.841,68
will-left,0,0,2,2016-03-18 15:48:41.359,73
will-left,0,0,2,2016-03-18 15:48:41.841,75
will-left,0,0,2,2016-03-18 15:48:42.340,75
will-left,0,0,2,2016-03-18 15:48:42.835,77
will-left,0,0,2,2016-03-18 15:48:43.335,78
will-left,0,0,2,2016-03-18 15:48:43.824,82
will-left,0,0,2,2016-03-18 15:48:44.341,81
will-left,0,0,2,2016-03-18 15:48:44.860,82
will-left,0,0,2,2016-03-18 15:48:45.356,82
will-left,0,0,2,2016-03-18 15:48:45.840,81
will-left,0,0,2,2016-03-18 15:48:46.331,82
will-left,0,0,2,2016-03-18 15:48:46.860,81
will-left,0,0,2,2016-03-18 15:48:47.328,82
will-left,0,0,2,2016-03-18 15:48:47.822,80
will-left,0,0,2,2016-03-18 15:48:48.358,80
will-left,0,0,2,2016-03-18 15:48:48.835,81
will-left,0,0,2,2016-03-18 15:48:49.343,81
will-left,0,0,2,2016-03-18 15:48:49.828,81
will-left,0,0,2,2016-03-18 15:48:50.316,81
will-left,0,0,2,2016-03-18 15:48:50.838,81
will-left,0,0,2,2016-03-18 15:48:51.326,81
will-left,0,0,2,2016-03-18 15:48:51.824,81
will-left,0,0,2,2016-03-18 15:48:52.336,81
will-left,0,0,2,2016-03-18 15:48:52.837,81
will-left,0,0,2,2016-03-18 15:48:53.328,81
will-left,0,0,2,2016-03-18 15:48:53.822,82
will-left,0,0,2,2016-03-18 15:48:54.336,82
will-left,0,0,2,2016-03-18 15:48:54.856,82
will-left,0,0,2,2016-03-18 15:48:55.311,82
will-left,0,0,2,2016-03-18 15:48:55.840,81
will-left,0,0,2,2016-03-18 15:48:56.337,82
will-left,0,0,2,2016-03-18 15:48:56.829,81
will-left,0,0,2,2016-03-18 15:48:57.325,80
will-left,0,0,2,2016-03-18 15:48:57.851,80
will-left,0,0,2,2016-03-18 15:48:58.337,81
will-left,0,0,2,2016-03-18 15:48:58.828,80
will-left,0,0,2,2016-03-18 15:48:59.340,80
will-left,0,0,2,2016-03-18 15:48:59.873,80
will-left,0,0,2,2016-03-18 15:49:00.311,80
will-left,0,0,2,2016-03-18 15:49:00.827,80
will-left,0,0,2,2016-03-18 15:49:01.323,80
will-left,0,0,2,2016-03-18 15:49:01.838,80
will-left,0,0,2,2016-03-18 15:49:02.341,80
will-left,0,0,2,2016-03-18 15:49:02.826,81
will-left,0,0,2,2016-03-18 15:49:03.334,81
will-left,0,0,2,2016-03-18 15:49:03.823,81
will-left,0,0,2,2016-03-18 15:49:04.330,82
will-left,0,0,2,2016-03-18 15:49:04.823,81
will-left,0,0,2,2016-03-18 15:49:05.313,82
will-left,0,0,2,2016-03-18 15:49:05.827,83
will-left,0,0,2,2016-03-18 15:49:06.327,83
will-left,0,0,2,2016-03-18 15:49:06.867,82
will-left,0,0,2,2016-03-18 15:49:07.328,83
will-left,0,0,2,2016-03-18 15:49:07.820,80
will-left,0,0,2,2016-03-18 15:49:08.326,83
will-left,0,0,2,2016-03-18 15:49:08.869,83
will-left,0,0,2,2016-03-18 15:49:09.338,84
will-left,0,0,2,2016-03-18 15:49:09.857,84
will-left,0,0,2,2016-03-18 15:49:10.313,83
will-left,0,0,2,2016-03-18 15:49:10.878,83
will-left,0,0,2,2016-03-18 15:49:11.325,83
will-left,0,0,2,2016-03-18 15:49:11.866,83
will-left,0,0,2,2016-03-18 15:49:12.338,82
will-left,0,0,2,2016-03-18 15:49:12.867,83
will-left,0,0,2,2016-03-18 15:49:13.328,83
will-left,0,0,2,2016-03-18 15:49:13.850,83
will-left,0,0,2,2016-03-18 15:49:14.338,83
will-left,0,0,2,2016-03-18 15:49:14.881,82
will-left,0,0,2,2016-03-18 15:49:15.344,82
will-left,0,0,2,2016-03-18 15:49:15.848,83
will-left,0,0,2,2016-03-18 15:49:16.363,83
will-left,0,0,2,2016-03-18 15:49:16.840,83
will-left,0,0,2,2016-03-18 15:49:17.351,83
will-left,0,0,2,2016-03-18 15:49:17.842,83
will-left,0,0,2,2016-03-18 15:49:18.378,83
will-left,0,0,2,2016-03-18 15:49:18.852,83
will-left,0,0,2,2016-03-18 15:49:19.330,83
will-left,0,0,2,2016-03-18 15:49:19.840,83
will-left,0,0,2,2016-03-18 15:49:20.345,83
will-left,0,0,2,2016-03-18 15:49:20.838,83
will-left,0,0,2,2016-03-18 15:49:21.363,83
will-left,0,0,2,2016-03-18 15:49:21.875,83
will-left,0,0,2,2016-03-18 15:49:22.377,83
will-left,0,0,2,2016-03-18 15:49:22.846,82
will-left,0,0,2,2016-03-18 15:49:23.350,82
will-left,0,0,2,2016-03-18 15:49:23.840,83
will-left,0,0,2,2016-03-18 15:49:24.361,83
will-left,0,0,2,2016-03-18 15:49:24.837,83
will-left,0,0,2,2016-03-18 15:49:25.350,82
will-left,0,0,2,2016-03-18 15:49:25.837,83
will-left,0,0,2,2016-03-18 15:49:26.366,82
will-left,0,0,2,2016-03-18 15:49:26.840,82
will-left,0,0,2,2016-03-18 15:49:27.363,82
will-left,0,0,2,2016-03-18 15:49:27.821,81
will-left,0,0,2,2016-03-18 15:49:28.351,81
will-left,0,0,2,2016-03-18 15:49:28.842,81
will-left,0,0,2,2016-03-18 15:49:29.361,85
will-left,0,0,2,2016-03-18 15:49:29.853,84
will-left,0,0,2,2016-03-18 15:49:30.351,81
will-left,0,0,2,2016-03-18 15:49:30.851,78
will-left,0,0,2,2016-03-18 15:49:31.379,83
will-left,0,0,2,2016-03-18 15:49:31.851,84
will-left,0,0,2,2016-03-18 15:49:32.352,84
will-left,0,0,2,2016-03-18 15:49:32.837,85
will-left,0,0,2,2016-03-18 15:49:33.362,84
will-left,0,0,2,2016-03-18 15:49:33.847,80
will-left,0,0,2,2016-03-18 15:49:34.363,84
will-left,0,0,2,2016-03-18 15:49:34.844,85
will-left,0,0,2,2016-03-18 15:49:35.350,82
will-left,0,0,2,2016-03-18 15:49:35.851,85
will-left,0,0,2,2016-03-18 15:49:36.351,83
will-left,0,0,2,2016-03-18 15:49:36.840,84
will-left,0,0,2,2016-03-18 15:49:37.351,84
will-left,0,0,2,2016-03-18 15:49:37.839,84
will-left,0,0,2,2016-03-18 15:49:38.362,85
will-left,0,0,2,2016-03-18 15:49:38.853,84
will-left,0,0,2,2016-03-18 15:49:39.343,83
will-left,0,0,2,2016-03-18 15:49:39.842,84
will-left,0,0,2,2016-03-18 15:49:40.362,84
will-left,0,0,2,2016-03-18 15:49:40.836,84
will-left,0,0,2,2016-03-18 15:49:41.346,84
will-left,0,0,2,2016-03-18 15:49:41.870,84
will-left,0,0,2,2016-03-18 15:49:42.379,84
will-left,0,0,2,2016-03-18 15:49:42.841,83
will-left,0,0,2,2016-03-18 15:49:43.372,82
will-left,0,0,2,2016-03-18 15:49:43.887,81
will-left,0,0,2,2016-03-18 15:49:44.376,82
will-left,0,0,2,2016-03-18 15:49:44.840,82
will-left,0,0,2,2016-03-18 15:49:45.352,82
will-left,0,0,2,2016-03-18 15:49:45.871,81
will-left,0,0,2,2016-03-18 15:49:46.361,82
will-left,0,0,2,2016-03-18 15:49:46.839,81
will-left,0,0,2,2016-03-18 15:49:47.352,77
will-left,0,0,2,2016-03-18 15:49:47.849,81
will-left,0,0,2,2016-03-18 15:49:48.375,81
will-left,0,0,2,2016-03-18 15:49:48.841,82
will-left,0,0,2,2016-03-18 15:49:49.352,81
will-left,0,0,2,2016-03-18 15:49:49.851,81
will-left,0,0,2,2016-03-18 15:49:50.351,82
will-left,0,0,2,2016-03-18 15:49:50.862,81
will-left,0,0,2,2016-03-18 15:49:51.361,82
will-left,0,0,2,2016-03-18 15:49:51.851,82
will-left,0,0,2,2016-03-18 15:49:52.359,82
will-left,0,0,2,2016-03-18 15:49:52.852,78
will-left,0,0,2,2016-03-18 15:49:53.361,82
will-left,0,0,2,2016-03-18 15:49:53.853,82
will-left,0,0,2,2016-03-18 15:49:54.351,83
will-left,0,0,2,2016-03-18 15:49:54.850,83
will-left,0,0,2,2016-03-18 15:49:55.362,83
will-left,0,0,2,2016-03-18 15:49:55.851,83
will-left,0,0,2,2016-03-18 15:49:56.350,83
will-left,0,0,2,2016-03-18 15:49:56.851,83
will-left,0,0,2,2016-03-18 15:49:57.373,83
will-left,0,0,2,2016-03-18 15:49:57.850,83
will-left,0,0,2,2016-03-18 15:49:58.363,84
will-left,0,0,2,2016-03-18 15:49:58.853,84
will-left,0,0,2,2016-03-18 15:49:59.361,84
will-left,0,0,2,2016-03-18 15:49:59.861,84
will-left,0,0,2,2016-03-18 15:50:00.350,84
will-left,0,0,2,2016-03-18 15:50:00.851,82
will-left,0,0,2,2016-03-18 15:50:01.378,83
will-left,0,0,2,2016-03-18 15:50:01.855,83
will-left,0,0,2,2016-03-18 15:50:02.351,83
will-left,0,0,2,2016-03-18 15:50:02.866,83
will-left,0,0,2,2016-03-18 15:50:03.350,83
will-left,0,0,2,2016-03-18 15:50:03.862,83
will-left,0,0,2,2016-03-18 15:50:04.361,83
will-left,0,0,2,2016-03-18 15:50:04.835,83
will-left,0,0,2,2016-03-18 15:50:05.342,83
will-left,0,0,2,2016-03-18 15:50:05.833,84
will-left,0,0,2,2016-03-18 15:50:06.382,84
will-left,0,0,2,2016-03-18 15:50:06.850,84
will-left,0,0,2,2016-03-18 15:50:07.362,84
will-left,0,0,2,2016-03-18 15:50:07.855,84
will-left,0,0,2,2016-03-18 15:50:08.360,84
will-left,0,0,2,2016-03-18 15:50:08.840,84
will-left,0,0,2,2016-03-18 15:50:09.343,83
will-left,0,0,2,2016-03-18 15:50:09.853,83
will-left,0,0,2,2016-03-18 15:50:10.351,83
will-left,0,0,2,2016-03-18 15:50:10.851,83
will-left,0,0,2,2016-03-18 15:50:11.366,83
will-left,0,0,2,2016-03-18 15:50:11.862,83
will-left,0,0,2,2016-03-18 15:50:12.361,83
will-left,0,0,2,2016-03-18 15:50:12.850,83
will-left,0,0,2,2016-03-18 15:50:13.350,83
will-left,0,0,2,2016-03-18 15:50:13.861,83
will-left,0,0,2,2016-03-18 15:50:14.361,83
will-left,0,0,2,2016-03-18 15:50:14.872,83
will-left,0,0,2,2016-03-18 15:50:15.351,83
will-left,0,0,2,2016-03-18 15:50:15.860,84
will-left,0,0,2,2016-03-18 15:50:16.351,84
will-left,0,0,2,2016-03-18 15:50:16.850,83
will-left,0,0,2,2016-03-18 15:50:17.360,83
will-left,0,0,2,2016-03-18 15:50:17.873,82
will-left,0,0,2,2016-03-18 15:50:18.351,82
will-left,0,0,2,2016-03-18 15:50:18.852,82
will-left,0,0,2,2016-03-18 15:50:19.380,83
will-left,0,0,2,2016-03-18 15:50:19.860,83
will-left,0,0,2,2016-03-18 15:50:20.363,82
will-left,0,0,2,2016-03-18 15:50:20.863,83
will-left,0,0,2,2016-03-18 15:50:21.378,83
will-left,0,0,2,2016-03-18 15:50:21.867,83
will-left,0,0,2,2016-03-18 15:50:22.367,82
will-left,0,0,2,2016-03-18 15:50:22.877,82
will-left,0,0,2,2016-03-18 15:50:23.377,82
will-left,0,0,2,2016-03-18 15:50:23.850,81
will-left,0,0,2,2016-03-18 15:50:24.345,81
will-left,0,0,2,2016-03-18 15:50:24.878,82
will-left,0,0,2,2016-03-18 15:50:25.361,82
will-left,0,0,2,2016-03-18 15:50:25.852,81
will-left,0,0,2,2016-03-18 15:50:26.351,81
will-left,0,0,2,2016-03-18 15:50:26.877,81
will-left,0,0,2,2016-03-18 15:50:27.379,81
will-left,0,0,2,2016-03-18 15:50:27.850,81
will-left,0,0,2,2016-03-18 15:50:28.351,81
will-left,0,0,2,2016-03-18 15:50:28.861,81
will-left,0,0,2,2016-03-18 15:50:29.361,81
will-left,0,0,2,2016-03-18 15:50:29.850,84
will-left,0,0,2,2016-03-18 15:50:30.351,72
will-left,0,0,2,2016-03-18 15:50:30.877,67
will-left,0,0,2,2016-03-18 15:50:31.350,68
will-left,0,0,2,2016-03-18 15:50:31.851,78
will-left,0,0,2,2016-03-18 15:50:32.377,75
will-left,0,0,2,2016-03-18 15:50:32.837,81
will-left,0,0,2,2016-03-18 15:50:33.364,85
will-left,0,0,2,2016-03-18 15:50:33.867,84
will-left,0,0,2,2016-03-18 15:50:34.378,85
will-left,0,0,2,2016-03-18 15:50:34.852,83
will-left,0,0,2,2016-03-18 15:50:35.364,84
will-left,0,0,2,2016-03-18 15:50:35.875,81
will-left,0,0,2,2016-03-18 15:50:36.361,88
will-left,0,0,2,2016-03-18 15:50:36.850,88
will-left,0,0,2,2016-03-18 15:50:37.352,88
will-left,0,0,2,2016-03-18 15:50:37.862,88
will-left,0,0,2,2016-03-18 15:50:38.363,89
will-left,0,0,2,2016-03-18 15:50:38.870,89
will-left,0,0,2,2016-03-18 15:50:39.372,89
will-left,0,0,2,2016-03-18 15:50:39.893,89
will-left,0,0,2,2016-03-18 15:50:40.363,89
will-left,0,0,2,2016-03-18 15:50:40.874,89
will-left,0,0,2,2016-03-18 15:50:41.369,89
will-left,0,0,2,2016-03-18 15:50:41.876,88
will-left,0,0,2,2016-03-18 15:50:42.362,89
will-left,0,0,2,2016-03-18 15:50:42.851,89
will-left,0,0,2,2016-03-18 15:50:43.362,89
will-left,0,0,2,2016-03-18 15:50:43.861,89
will-left,0,0,2,2016-03-18 15:50:44.370,89
will-left,0,0,2,2016-03-18 15:50:44.852,89
will-left,0,0,2,2016-03-18 15:50:45.363,89
will-left,0,0,2,2016-03-18 15:50:45.863,89
will-left,0,0,2,2016-03-18 15:50:46.360,89
will-left,0,0,2,2016-03-18 15:50:46.862,89
will-left,0,0,2,2016-03-18 15:50:47.378,89
will-left,0,0,2,2016-03-18 15:50:47.851,89
will-left,0,0,2,2016-03-18 15:50:48.350,89
will-left,0,0,2,2016-03-18 15:50:48.859,89
will-left,0,0,2,2016-03-18 15:50:49.377,89
will-left,0,0,2,2016-03-18 15:50:49.840,89
will-left,0,0,2,2016-03-18 15:50:50.364,89
will-left,0,0,2,2016-03-18 15:50:50.862,89
will-left,0,0,2,2016-03-18 15:50:51.380,89
will-left,0,0,2,2016-03-18 15:50:51.851,89
will-left,0,0,2,2016-03-18 15:50:52.351,88
will-left,0,0,2,2016-03-18 15:50:52.877,89
will-left,0,0,2,2016-03-18 15:50:53.377,89
will-left,0,0,2,2016-03-18 15:50:53.852,89
will-left,0,0,2,2016-03-18 15:50:54.338,89
will-left,0,0,2,2016-03-18 15:50:54.842,89
will-left,0,0,2,2016-03-18 15:50:55.350,89
will-left,0,0,2,2016-03-18 15:50:55.863,89
will-left,0,0,2,2016-03-18 15:50:56.381,89
will-left,0,0,2,2016-03-18 15:50:56.871,89
will-left,0,0,2,2016-03-18 15:50:57.350,89
will-left,0,0,2,2016-03-18 15:50:57.869,89
will-left,0,0,2,2016-03-18 15:50:58.360,89
will-left,0,0,2,2016-03-18 15:50:58.863,89
will-left,0,0,2,2016-03-18 15:50:59.351,89
will-left,0,0,2,2016-03-18 15:50:59.839,89
will-left,0,0,2,2016-03-18 15:51:00.427,87
will-left,0,0,2,2016-03-18 15:51:00.872,85
will-left,0,0,2,2016-03-18 15:51:01.372,89
will-left,0,0,2,2016-03-18 15:51:01.901,88
will-left,0,0,2,2016-03-18 15:51:02.384,86
will-left,0,0,2,2016-03-18 15:51:02.876,92
will-left,0,0,2,2016-03-18 15:51:03.410,91
will-left,0,0,2,2016-03-18 15:51:03.901,91
will-left,0,0,2,2016-03-18 15:51:04.387,91
will-left,0,0,2,2016-03-18 15:51:04.875,91
will-left,0,0,2,2016-03-18 15:51:05.420,91
will-left,0,0,2,2016-03-18 15:51:05.897,90
will-left,0,0,2,2016-03-18 15:51:06.369,90
will-left,0,0,2,2016-03-18 15:51:06.878,90
will-left,0,0,2,2016-03-18 15:51:07.388,90
will-left,0,0,2,2016-03-18 15:51:07.879,90
will-left,0,0,2,2016-03-18 15:51:08.373,90
will-left,0,0,2,2016-03-18 15:51:08.863,90
will-left,0,0,2,2016-03-18 15:51:09.383,90
will-left,0,0,2,2016-03-18 15:51:09.864,90
will-left,0,0,2,2016-03-18 15:51:10.398,90
will-left,0,0,2,2016-03-18 15:51:10.877,90
will-left,0,0,2,2016-03-18 15:51:11.407,91
will-left,0,0,2,2016-03-18 15:51:11.873,90
will-left,0,0,2,2016-03-18 15:51:12.379,91
will-left,0,0,2,2016-03-18 15:51:12.873,91
