_id,sensor_id,date,steps
1,5,2016-03-13 10:33:09.120,22926
2,5,2016-03-13 10:33:10.185,22926
3,5,2016-03-13 10:33:11.210,22926
4,5,2016-03-13 10:33:12.210,22926
5,5,2016-03-13 10:33:13.229,22926
6,5,2016-03-13 10:33:14.232,22926
7,5,2016-03-13 10:33:15.230,22926
8,5,2016-03-13 10:33:16.230,22926
9,5,2016-03-13 10:33:17.260,22926
10,5,2016-03-13 10:33:18.267,22926
11,5,2016-03-13 10:33:19.281,22926
12,5,2016-03-13 10:33:20.262,22926
13,5,2016-03-13 10:33:21.279,22926
14,5,2016-03-13 10:33:22.283,22926
15,5,2016-03-13 10:33:23.304,22926
16,5,2016-03-13 10:33:24.305,22926
17,5,2016-03-13 10:33:25.305,22926
18,5,2016-03-13 10:33:26.338,22926
19,5,2016-03-13 10:33:27.343,22926
20,5,2016-03-13 10:33:28.332,22926
21,5,2016-03-13 10:33:29.355,22926
22,5,2016-03-13 10:33:30.362,22926
23,5,2016-03-13 10:33:31.380,22926
24,5,2016-03-13 10:33:32.386,22926
25,5,2016-03-13 10:33:33.386,22926
26,5,2016-03-13 10:33:34.404,22926
27,5,2016-03-13 10:33:35.405,22926
28,5,2016-03-13 10:33:36.404,22926
29,5,2016-03-13 10:33:37.437,22926
30,5,2016-03-13 10:33:38.430,22926
31,5,2016-03-13 10:33:39.455,22926
32,5,2016-03-13 10:33:40.444,22926
33,5,2016-03-13 10:33:41.443,22926
34,5,2016-03-13 10:33:42.454,22926
35,5,2016-03-13 10:33:43.454,22926
36,5,2016-03-13 10:33:44.480,22926
37,5,2016-03-13 10:33:45.463,22926
38,5,2016-03-13 10:33:46.480,22926
39,5,2016-03-13 10:33:47.506,22926
40,5,2016-03-13 10:33:48.505,22926
41,5,2016-03-13 10:33:49.517,22926
42,5,2016-03-13 10:33:50.510,22926
43,5,2016-03-13 10:33:51.541,22926
44,5,2016-03-13 10:33:52.530,22926
45,5,2016-03-13 10:33:53.538,22926
46,5,2016-03-13 10:33:54.565,22926
47,5,2016-03-13 10:33:55.565,22926
48,5,2016-03-13 10:33:56.581,22926
49,5,2016-03-13 10:33:57.581,22926
50,5,2016-03-13 10:33:58.588,22926
51,5,2016-03-13 10:33:59.605,22926
52,5,2016-03-13 10:34:00.614,22926
53,5,2016-03-13 10:34:01.604,22926
54,5,2016-03-13 10:34:02.612,22926
55,5,2016-03-13 10:34:03.626,22926
56,5,2016-03-13 10:34:04.654,22926
57,5,2016-03-13 10:34:05.637,22926
58,5,2016-03-13 10:34:06.634,22926
59,5,2016-03-13 10:34:07.655,22926
60,5,2016-03-13 10:34:08.654,22926
61,5,2016-03-13 10:34:09.680,22926
62,5,2016-03-13 10:34:10.686,22926
63,5,2016-03-13 10:34:11.679,22926
64,5,2016-03-13 10:34:12.687,22926
65,5,2016-03-13 10:34:13.704,22926
66,5,2016-03-13 10:34:14.705,22926
67,5,2016-03-13 10:34:15.745,22926
68,5,2016-03-13 10:34:16.733,22926
69,5,2016-03-13 10:34:17.743,22926
70,5,2016-03-13 10:34:18.735,22926
71,5,2016-03-13 10:34:19.758,22926
72,5,2016-03-13 10:34:20.761,22926
73,5,2016-03-13 10:34:21.789,22926
74,5,2016-03-13 10:34:22.781,22926
75,5,2016-03-13 10:34:23.780,22926
76,5,2016-03-13 10:34:24.822,22926
77,5,2016-03-13 10:34:25.806,22926
78,5,2016-03-13 10:34:26.805,22926
79,5,2016-03-13 10:34:27.810,22926
80,5,2016-03-13 10:34:28.830,22926
81,5,2016-03-13 10:34:29.835,22926
82,5,2016-03-13 10:34:30.841,22926
83,5,2016-03-13 10:34:31.856,22926
84,5,2016-03-13 10:34:32.870,22926
85,5,2016-03-13 10:34:33.861,22926
86,5,2016-03-13 10:34:34.887,22926
87,5,2016-03-13 10:34:35.883,22926
88,5,2016-03-13 10:34:36.888,22926
89,5,2016-03-13 10:34:37.913,22926
90,5,2016-03-13 10:34:38.906,22926
91,5,2016-03-13 10:34:39.929,22926
92,5,2016-03-13 10:34:40.911,22926
93,5,2016-03-13 10:34:41.929,22926
94,5,2016-03-13 10:34:42.934,22926
95,5,2016-03-13 10:34:43.954,22926
96,5,2016-03-13 10:34:44.954,22926
97,5,2016-03-13 10:34:45.954,22926
98,5,2016-03-13 10:34:46.982,22926
99,5,2016-03-13 10:34:47.986,22926
100,5,2016-03-13 10:34:48.985,22926
101,5,2016-03-13 10:34:50.005,22926
102,5,2016-03-13 10:34:51.032,22926
103,5,2016-03-13 10:34:52.008,22926
104,5,2016-03-13 10:34:53.041,22926
105,5,2016-03-13 10:34:54.029,22926
106,5,2016-03-13 10:34:55.055,22926
107,5,2016-03-13 10:34:56.036,22926
108,5,2016-03-13 10:34:57.054,22926
109,5,2016-03-13 10:34:58.054,22926
110,5,2016-03-13 10:34:59.063,22926
111,5,2016-03-13 10:35:00.079,22926
112,5,2016-03-13 10:35:01.079,22926
113,5,2016-03-13 10:35:02.083,22926
114,5,2016-03-13 10:35:03.107,22926
115,5,2016-03-13 10:35:04.104,22926
116,5,2016-03-13 10:35:05.129,22926
117,5,2016-03-13 10:35:06.115,22926
118,5,2016-03-13 10:35:07.131,22926
119,5,2016-03-13 10:35:08.154,22926
120,5,2016-03-13 10:35:09.154,22926
121,5,2016-03-13 10:35:10.156,22926
122,5,2016-03-13 10:35:11.159,22926
123,5,2016-03-13 10:35:12.180,22926
124,5,2016-03-13 10:35:13.179,22926
125,5,2016-03-13 10:35:14.185,22926
126,5,2016-03-13 10:35:15.205,22926
127,5,2016-03-13 10:35:16.209,22926
128,5,2016-03-13 10:35:17.229,22926
129,5,2016-03-13 10:35:18.232,22926
130,5,2016-03-13 10:35:19.229,22926
131,5,2016-03-13 10:35:20.254,22926
132,5,2016-03-13 10:35:21.254,22926
133,5,2016-03-13 10:35:22.261,22926
134,5,2016-03-13 10:35:23.261,22926
135,5,2016-03-13 10:35:24.254,22926
136,5,2016-03-13 10:35:25.279,22926
137,5,2016-03-13 10:35:26.285,22926
138,5,2016-03-13 10:35:27.285,22926
139,5,2016-03-13 10:35:28.305,22926
140,5,2016-03-13 10:35:29.304,22926
141,5,2016-03-13 10:35:30.329,22926
142,5,2016-03-13 10:35:31.337,22926
143,5,2016-03-13 10:35:32.331,22926
144,5,2016-03-13 10:35:33.355,22926
145,5,2016-03-13 10:35:34.354,22926
146,5,2016-03-13 10:35:35.368,22926
147,5,2016-03-13 10:35:36.365,22926
148,5,2016-03-13 10:35:37.379,22926
149,5,2016-03-13 10:35:38.404,22926
150,5,2016-03-13 10:35:39.386,22926
151,5,2016-03-13 10:35:40.411,22926
152,5,2016-03-13 10:35:41.410,22926
153,5,2016-03-13 10:35:42.435,22926
154,5,2016-03-13 10:35:43.435,22926
155,5,2016-03-13 10:35:44.429,22926
156,5,2016-03-13 10:35:45.466,22926
157,5,2016-03-13 10:35:46.460,22926
158,5,2016-03-13 10:35:47.460,22926
159,5,2016-03-13 10:35:48.460,22926
160,5,2016-03-13 10:35:49.465,22926
161,5,2016-03-13 10:35:50.480,22926
162,5,2016-03-13 10:35:51.480,22926
163,5,2016-03-13 10:35:52.596,22926
164,5,2016-03-13 10:35:53.510,22926
165,5,2016-03-13 10:35:54.510,22926
166,5,2016-03-13 10:35:55.530,22926
167,5,2016-03-13 10:35:56.529,22926
168,5,2016-03-13 10:35:57.534,22926
169,5,2016-03-13 10:35:58.555,22926
170,5,2016-03-13 10:35:59.554,22926
171,5,2016-03-13 10:36:00.554,22926
172,5,2016-03-13 10:36:01.580,22926
173,5,2016-03-13 10:36:02.579,22926
174,5,2016-03-13 10:36:03.588,22926
175,5,2016-03-13 10:36:04.584,22926
176,5,2016-03-13 10:36:05.604,22926
177,5,2016-03-13 10:36:06.604,22926
178,5,2016-03-13 10:36:07.634,22926
179,5,2016-03-13 10:36:08.621,22926
180,5,2016-03-13 10:36:09.638,22926
181,5,2016-03-13 10:36:10.654,22926
182,5,2016-03-13 10:36:11.655,22926
183,5,2016-03-13 10:36:12.657,22926
184,5,2016-03-13 10:36:13.669,22926
185,5,2016-03-13 10:36:14.658,22926
186,5,2016-03-13 10:36:15.679,22926
187,5,2016-03-13 10:36:16.704,22926
188,5,2016-03-13 10:36:17.704,22926
189,5,2016-03-13 10:36:18.697,22926
190,5,2016-03-13 10:36:19.710,22926
191,5,2016-03-13 10:36:20.736,22926
192,5,2016-03-13 10:36:21.739,22926
193,5,2016-03-13 10:36:22.735,22926
194,5,2016-03-13 10:36:23.756,22926
195,5,2016-03-13 10:36:24.760,22926
196,5,2016-03-13 10:36:25.779,22926
197,5,2016-03-13 10:36:26.760,22926
198,5,2016-03-13 10:36:27.781,22926
199,5,2016-03-13 10:36:28.784,22926
200,5,2016-03-13 10:36:29.804,22926
201,5,2016-03-13 10:36:30.804,22926
202,5,2016-03-13 10:36:31.805,22926
203,5,2016-03-13 10:36:32.825,22926
204,5,2016-03-13 10:36:33.830,22926
205,5,2016-03-13 10:36:34.829,22926
206,5,2016-03-13 10:36:35.837,22926
207,5,2016-03-13 10:36:36.854,22926
208,5,2016-03-13 10:36:37.861,22926
209,5,2016-03-13 10:36:38.879,22926
210,5,2016-03-13 10:36:39.861,22926
211,5,2016-03-13 10:36:40.884,22926
212,5,2016-03-13 10:36:41.879,22926
213,5,2016-03-13 10:36:42.879,22926
214,5,2016-03-13 10:36:43.906,22926
215,5,2016-03-13 10:36:44.905,22926
216,5,2016-03-13 10:36:45.904,22926
217,5,2016-03-13 10:36:46.902,22926
218,5,2016-03-13 10:36:47.932,22926
219,5,2016-03-13 10:36:48.904,22926
220,5,2016-03-13 10:36:49.929,22926
221,5,2016-03-13 10:36:50.929,22926
222,5,2016-03-13 10:36:51.929,22926
223,5,2016-03-13 10:36:52.929,22926
224,5,2016-03-13 10:36:53.954,22926
225,5,2016-03-13 10:36:54.954,22926
226,5,2016-03-13 10:36:55.954,22926
227,5,2016-03-13 10:36:56.979,22926
228,5,2016-03-13 10:36:57.954,22926
229,5,2016-03-13 10:36:58.980,22926
230,5,2016-03-13 10:36:59.981,22926
231,5,2016-03-13 10:37:00.981,22926
232,5,2016-03-13 10:37:01.981,22926
233,5,2016-03-13 10:37:02.979,22926
234,5,2016-03-13 10:37:03.979,22926
235,5,2016-03-13 10:37:05.004,22926
236,5,2016-03-13 10:37:06.004,22926
237,5,2016-03-13 10:37:07.003,22926
238,5,2016-03-13 10:37:08.010,22926
239,5,2016-03-13 10:37:09.029,22926
240,5,2016-03-13 10:37:10.004,22926
241,5,2016-03-13 10:37:11.029,22926
242,5,2016-03-13 10:37:12.030,22926
243,5,2016-03-13 10:37:13.029,22926
244,5,2016-03-13 10:37:14.056,22926
245,5,2016-03-13 10:37:15.062,22926
246,5,2016-03-13 10:37:16.054,22926
247,5,2016-03-13 10:37:17.055,22926
248,5,2016-03-13 10:37:18.081,22926
249,5,2016-03-13 10:37:19.054,22926
250,5,2016-03-13 10:37:20.057,22926
251,5,2016-03-13 10:37:21.079,22926
252,5,2016-03-13 10:37:22.079,22926
253,5,2016-03-13 10:37:23.080,22926
254,5,2016-03-13 10:37:24.079,22926
255,5,2016-03-13 10:37:25.084,22926
256,5,2016-03-13 10:37:26.104,22926
257,5,2016-03-13 10:37:27.106,22926
258,5,2016-03-13 10:37:28.104,22926
259,5,2016-03-13 10:37:29.108,22926
260,5,2016-03-13 10:37:30.134,22926
261,5,2016-03-13 10:37:31.105,22926
262,5,2016-03-13 10:37:32.136,22926
263,5,2016-03-13 10:37:33.141,22926
264,5,2016-03-13 10:37:34.146,22926
265,5,2016-03-13 10:37:35.169,22926
266,5,2016-03-13 10:37:36.167,22926
267,5,2016-03-13 10:37:37.161,22926
268,5,2016-03-13 10:37:38.163,22926
269,5,2016-03-13 10:37:39.159,22926
270,5,2016-03-13 10:37:40.162,22926
271,5,2016-03-13 10:37:41.167,22926
272,5,2016-03-13 10:37:42.185,22926
273,5,2016-03-13 10:37:43.188,22926
274,5,2016-03-13 10:37:44.195,22926
275,5,2016-03-13 10:37:45.214,22926
276,5,2016-03-13 10:37:46.216,22926
277,5,2016-03-13 10:37:47.235,22926
278,5,2016-03-13 10:37:48.213,22926
279,5,2016-03-13 10:37:49.236,22926
280,5,2016-03-13 10:37:50.248,22926
281,5,2016-03-13 10:37:51.270,22926
282,5,2016-03-13 10:37:52.264,22926
283,5,2016-03-13 10:37:53.283,22926
284,5,2016-03-13 10:37:54.285,22926
285,5,2016-03-13 10:37:55.288,22926
286,5,2016-03-13 10:37:56.287,22926
287,5,2016-03-13 10:37:57.317,22926
288,5,2016-03-13 10:37:58.312,22926
289,5,2016-03-13 10:37:59.319,22926
290,5,2016-03-13 10:38:00.331,22926
291,5,2016-03-13 10:38:01.339,22926
292,5,2016-03-13 10:38:02.338,22926
293,5,2016-03-13 10:38:03.337,22926
294,5,2016-03-13 10:38:04.363,22926
295,5,2016-03-13 10:38:05.362,22926
296,5,2016-03-13 10:38:06.367,22926
297,5,2016-03-13 10:38:07.390,22926
298,5,2016-03-13 10:38:08.403,22926
299,5,2016-03-13 10:38:09.413,22926
300,5,2016-03-13 10:38:10.422,22926
301,5,2016-03-13 10:38:11.410,22926
302,5,2016-03-13 10:38:12.433,22926
303,5,2016-03-13 10:38:13.432,22926
304,5,2016-03-13 10:38:14.432,22926
305,5,2016-03-13 10:38:15.460,22926
306,5,2016-03-13 10:38:16.432,22926
307,5,2016-03-13 10:38:17.459,22926
308,5,2016-03-13 10:38:18.461,22926
309,5,2016-03-13 10:38:19.484,22926
310,5,2016-03-13 10:38:20.485,22926
311,5,2016-03-13 10:38:21.490,22926
312,5,2016-03-13 10:38:22.515,22926
313,5,2016-03-13 10:38:23.513,22926
314,5,2016-03-13 10:38:24.512,22926
315,5,2016-03-13 10:38:25.533,22926
316,5,2016-03-13 10:38:26.541,22926
317,5,2016-03-13 10:38:27.537,22926
318,5,2016-03-13 10:38:28.537,22926
319,5,2016-03-13 10:38:29.562,22926
320,5,2016-03-13 10:38:30.559,22926
321,5,2016-03-13 10:38:31.563,22926
322,5,2016-03-13 10:38:32.596,22926
323,5,2016-03-13 10:38:33.584,22926
324,5,2016-03-13 10:38:35.098,22926
325,5,2016-03-13 10:38:35.887,22926
326,5,2016-03-13 10:38:36.896,22926
327,5,2016-03-13 10:38:37.888,22926
328,5,2016-03-13 10:38:38.915,22926
329,5,2016-03-13 10:38:39.938,22926
330,5,2016-03-13 10:38:41.149,22926
331,5,2016-03-13 10:38:42.110,22926
332,5,2016-03-13 10:38:43.132,22926
333,5,2016-03-13 10:38:44.137,22926
334,5,2016-03-13 10:38:45.135,22926
335,5,2016-03-13 10:38:46.152,22926
336,5,2016-03-13 10:38:47.155,22926
337,5,2016-03-13 10:38:48.179,22926
338,5,2016-03-13 10:38:49.179,22926
339,5,2016-03-13 10:38:50.303,22926
340,5,2016-03-13 10:38:51.227,22926
341,5,2016-03-13 10:38:52.178,22926
342,5,2016-03-13 10:38:53.218,22926
343,5,2016-03-13 10:38:54.217,22926
344,5,2016-03-13 10:38:55.227,22926
345,5,2016-03-13 10:38:56.235,22926
346,5,2016-03-13 10:38:57.342,22926
347,5,2016-03-13 10:38:58.369,22926
348,5,2016-03-13 10:38:59.369,22926
349,5,2016-03-13 10:39:00.368,22926
350,5,2016-03-13 10:39:02.281,22926
351,5,2016-03-13 10:39:02.392,22926
352,5,2016-03-13 10:39:03.394,22926
353,5,2016-03-13 10:39:04.421,22926
354,5,2016-03-13 10:39:05.419,22926
355,5,2016-03-13 10:39:06.462,22926
356,5,2016-03-13 10:39:07.418,22926
357,5,2016-03-13 10:39:08.451,22926
358,5,2016-03-13 10:39:09.449,22926
359,5,2016-03-13 10:39:10.666,22926
360,5,2016-03-13 10:39:11.473,22926
361,5,2016-03-13 10:39:12.478,22926
362,5,2016-03-13 10:39:13.510,22926
363,5,2016-03-13 10:39:14.514,22926
364,5,2016-03-13 10:39:15.497,22926
365,5,2016-03-13 10:39:16.522,22926
366,5,2016-03-13 10:39:17.521,22926
367,5,2016-03-13 10:39:18.535,22926
368,5,2016-03-13 10:39:19.564,22926
369,5,2016-03-13 10:39:20.544,22926
370,5,2016-03-13 10:39:21.548,22926
371,5,2016-03-13 10:39:22.543,22926
372,5,2016-03-13 10:39:23.572,22926
373,5,2016-03-13 10:39:24.575,22926
374,5,2016-03-13 10:39:25.570,22926
375,5,2016-03-13 10:39:26.693,22926
376,5,2016-03-13 10:39:27.600,22926
377,5,2016-03-13 10:39:28.899,22926
378,5,2016-03-13 10:39:29.623,22926
379,5,2016-03-13 10:39:30.624,22926
380,5,2016-03-13 10:39:31.624,22926
381,5,2016-03-13 10:39:32.624,22926
382,5,2016-03-13 10:39:33.641,22926
383,5,2016-03-13 10:39:34.674,22926
384,5,2016-03-13 10:39:35.928,22926
385,5,2016-03-13 10:39:36.674,22926
386,5,2016-03-13 10:39:37.676,22926
387,5,2016-03-13 10:39:38.674,22926
388,5,2016-03-13 10:39:39.701,22926
389,5,2016-03-13 10:39:40.699,22926
390,5,2016-03-13 10:39:41.707,22926
391,5,2016-03-13 10:39:42.725,22926
392,5,2016-03-13 10:39:43.974,22926
393,5,2016-03-13 10:39:44.750,22926
394,5,2016-03-13 10:39:45.724,22926
395,5,2016-03-13 10:39:46.751,22926
396,5,2016-03-13 10:39:47.751,22926
397,5,2016-03-13 10:39:48.777,22926
398,5,2016-03-13 10:39:49.777,22926
399,5,2016-03-13 10:39:51.040,22926
400,5,2016-03-13 10:39:51.831,22926
401,5,2016-03-13 10:39:52.816,22926
402,5,2016-03-13 10:39:53.824,22926
403,5,2016-03-13 10:39:54.842,22926
404,5,2016-03-13 10:39:55.842,22926
405,5,2016-03-13 10:39:56.851,22926
406,5,2016-03-13 10:39:57.867,22926
407,5,2016-03-13 10:39:58.866,22926
408,5,2016-03-13 10:40:00.164,22926
409,5,2016-03-13 10:40:00.866,22926
410,5,2016-03-13 10:40:01.898,22926
411,5,2016-03-13 10:40:02.892,22926
412,5,2016-03-13 10:40:03.892,22926
413,5,2016-03-13 10:40:04.922,22926
414,5,2016-03-13 10:40:05.921,22926
415,5,2016-03-13 10:40:06.957,22926
416,5,2016-03-13 10:40:07.941,22926
417,5,2016-03-13 10:40:09.256,22926
418,5,2016-03-13 10:40:09.967,22926
419,5,2016-03-13 10:40:10.949,22926
420,5,2016-03-13 10:40:11.968,22926
421,5,2016-03-13 10:40:12.967,22926
422,5,2016-03-13 10:40:13.991,22926
423,5,2016-03-13 10:40:14.994,22926
424,5,2016-03-13 10:40:16.055,22926
425,5,2016-03-13 10:40:17.028,22926
426,5,2016-03-13 10:40:18.019,22926
427,5,2016-03-13 10:40:19.057,22926
428,5,2016-03-13 10:40:20.038,22926
429,5,2016-03-13 10:40:21.036,22926
430,5,2016-03-13 10:40:22.035,22926
431,5,2016-03-13 10:40:23.060,22926
432,5,2016-03-13 10:40:24.060,22926
433,5,2016-03-13 10:40:25.059,22926
434,5,2016-03-13 10:40:26.061,22926
435,5,2016-03-13 10:40:27.090,22926
436,5,2016-03-13 10:40:28.094,22926
437,5,2016-03-13 10:40:29.091,22926
438,5,2016-03-13 10:40:30.112,22926
439,5,2016-03-13 10:40:31.125,22926
440,5,2016-03-13 10:40:32.112,22926
441,5,2016-03-13 10:40:33.411,22926
442,5,2016-03-13 10:40:34.149,22926
443,5,2016-03-13 10:40:35.171,22926
444,5,2016-03-13 10:40:36.165,22926
445,5,2016-03-13 10:40:37.167,22926
446,5,2016-03-13 10:40:38.190,22926
447,5,2016-03-13 10:40:39.167,22926
448,5,2016-03-13 10:40:40.370,22926
449,5,2016-03-13 10:40:41.200,22926
450,5,2016-03-13 10:40:42.223,22926
451,5,2016-03-13 10:40:43.222,22926
452,5,2016-03-13 10:40:44.215,22926
453,5,2016-03-13 10:40:45.241,22926
454,5,2016-03-13 10:40:46.239,22926
455,5,2016-03-13 10:40:47.241,22926
456,5,2016-03-13 10:40:48.333,22926
457,5,2016-03-13 10:40:49.305,22926
458,5,2016-03-13 10:40:50.283,22926
459,5,2016-03-13 10:40:51.314,22926
460,5,2016-03-13 10:40:52.292,22926
461,5,2016-03-13 10:40:53.299,22926
462,5,2016-03-13 10:40:54.286,22926
463,5,2016-03-13 10:40:55.312,22926
464,5,2016-03-13 10:40:56.315,22926
465,5,2016-03-13 10:40:57.318,22926
466,5,2016-03-13 10:40:58.461,22926
467,5,2016-03-13 10:40:59.336,22926
468,5,2016-03-13 10:41:00.336,22926
469,5,2016-03-13 10:41:01.363,22926
470,5,2016-03-13 10:41:02.361,22926
471,5,2016-03-13 10:41:03.391,22926
472,5,2016-03-13 10:41:04.360,22926
473,5,2016-03-13 10:41:05.389,22926
474,5,2016-03-13 10:41:06.685,22926
475,5,2016-03-13 10:41:07.400,22926
476,5,2016-03-13 10:41:08.423,22926
477,5,2016-03-13 10:41:09.420,22926
478,5,2016-03-13 10:41:10.438,22926
479,5,2016-03-13 10:41:11.439,22926
480,5,2016-03-13 10:41:12.439,22926
481,5,2016-03-13 10:41:13.466,22926
482,5,2016-03-13 10:41:14.470,22926
483,5,2016-03-13 10:41:15.707,22926
484,5,2016-03-13 10:41:16.491,22926
485,5,2016-03-13 10:41:17.487,22926
486,5,2016-03-13 10:41:18.518,22926
487,5,2016-03-13 10:41:19.494,22926
488,5,2016-03-13 10:41:20.511,22926
489,5,2016-03-13 10:41:21.525,22926
490,5,2016-03-13 10:41:22.538,22926
491,5,2016-03-13 10:41:23.558,22926
492,5,2016-03-13 10:41:24.692,22926
493,5,2016-03-13 10:41:25.560,22926
494,5,2016-03-13 10:41:26.588,22926
495,5,2016-03-13 10:41:27.567,22926
496,5,2016-03-13 10:41:28.620,22926
497,5,2016-03-13 10:41:29.595,22926
498,5,2016-03-13 10:41:30.619,22926
499,5,2016-03-13 10:41:31.936,22926
500,5,2016-03-13 10:41:32.649,22926
501,5,2016-03-13 10:41:33.924,22926
502,5,2016-03-13 10:41:34.650,22926
503,5,2016-03-13 10:41:35.673,22926
504,5,2016-03-13 10:41:36.671,22926
505,5,2016-03-13 10:41:37.674,22926
506,5,2016-03-13 10:41:38.699,22926
507,5,2016-03-13 10:41:39.973,22926
508,5,2016-03-13 10:41:40.705,22926
509,5,2016-03-13 10:41:41.718,22926
510,5,2016-03-13 10:41:42.720,22926
511,5,2016-03-13 10:41:43.720,22926
512,5,2016-03-13 10:41:44.748,22926
513,5,2016-03-13 10:41:45.743,22926
514,5,2016-03-13 10:41:46.743,22926
515,5,2016-03-13 10:41:47.744,22926
516,5,2016-03-13 10:41:49.023,22926
517,5,2016-03-13 10:41:49.776,22926
518,5,2016-03-13 10:41:50.774,22926
519,5,2016-03-13 10:41:51.806,22926
520,5,2016-03-13 10:41:52.797,22926
521,5,2016-03-13 10:41:53.830,22926
522,5,2016-03-13 10:41:54.831,22926
523,5,2016-03-13 10:41:55.824,22926
524,5,2016-03-13 10:41:56.851,22926
525,5,2016-03-13 10:41:57.824,22926
526,5,2016-03-13 10:41:59.109,22926
527,5,2016-03-13 10:41:59.885,22926
528,5,2016-03-13 10:42:00.904,22926
529,5,2016-03-13 10:42:01.896,22926
530,5,2016-03-13 10:42:02.894,22926
531,5,2016-03-13 10:42:03.920,22926
532,5,2016-03-13 10:42:04.919,22926
533,5,2016-03-13 10:42:06.119,22926
534,5,2016-03-13 10:42:06.974,22926
535,5,2016-03-13 10:42:07.973,22926
536,5,2016-03-13 10:42:08.974,22926
537,5,2016-03-13 10:42:09.978,22926
538,5,2016-03-13 10:42:10.997,22926
539,5,2016-03-13 10:42:11.996,22926
540,5,2016-03-13 10:42:13.023,22926
541,5,2016-03-13 10:42:14.030,22926
542,5,2016-03-13 10:42:15.040,22926
543,5,2016-03-13 10:42:16.023,22926
544,5,2016-03-13 10:42:17.047,22926
545,5,2016-03-13 10:42:18.050,22926
546,5,2016-03-13 10:42:19.048,22926
547,5,2016-03-13 10:42:20.067,22926
548,5,2016-03-13 10:42:21.073,22926
549,5,2016-03-13 10:42:22.099,22926
550,5,2016-03-13 10:42:23.067,22926
551,5,2016-03-13 10:42:24.096,22926
552,5,2016-03-13 10:42:25.099,22926
553,5,2016-03-13 10:42:26.108,22926
554,5,2016-03-13 10:42:27.126,22926
555,5,2016-03-13 10:42:28.141,22926
556,5,2016-03-13 10:42:29.149,22926
557,5,2016-03-13 10:42:30.136,22926
558,5,2016-03-13 10:42:31.142,22926
559,5,2016-03-13 10:42:32.167,22926
560,5,2016-03-13 10:42:33.144,22926
561,5,2016-03-13 10:42:34.167,22926
562,5,2016-03-13 10:42:35.169,22926
563,5,2016-03-13 10:42:36.213,22926
564,5,2016-03-13 10:42:37.192,22926
565,5,2016-03-13 10:42:38.193,22926
566,5,2016-03-13 10:42:39.492,22926
567,5,2016-03-13 10:42:40.221,22926
568,5,2016-03-13 10:42:41.222,22926
569,5,2016-03-13 10:42:42.250,22926
570,5,2016-03-13 10:42:43.247,22926
571,5,2016-03-13 10:42:44.247,22926
572,5,2016-03-13 10:42:45.273,22926
573,5,2016-03-13 10:42:46.280,22926
574,5,2016-03-13 10:42:47.275,22926
575,5,2016-03-13 10:42:48.307,22926
576,5,2016-03-13 10:42:49.299,22926
577,5,2016-03-13 10:42:50.306,22926
578,5,2016-03-13 10:42:51.301,22926
579,5,2016-03-13 10:42:52.331,22926
580,5,2016-03-13 10:42:53.332,22926
581,5,2016-03-13 10:42:54.386,22926
582,5,2016-03-13 10:42:55.350,22926
583,5,2016-03-13 10:42:56.350,22926
584,5,2016-03-13 10:42:57.413,22926
585,5,2016-03-13 10:42:58.397,22926
586,5,2016-03-13 10:42:59.416,22926
587,5,2016-03-13 10:43:00.419,22926
588,5,2016-03-13 10:43:01.375,22926
589,5,2016-03-13 10:43:02.410,22926
590,5,2016-03-13 10:43:03.615,22926
591,5,2016-03-13 10:43:04.417,22926
592,5,2016-03-13 10:43:05.428,22926
593,5,2016-03-13 10:43:06.432,22926
594,5,2016-03-13 10:43:07.441,22926
595,5,2016-03-13 10:43:08.443,22926
596,5,2016-03-13 10:43:09.439,22926
597,5,2016-03-13 10:43:10.469,22926
598,5,2016-03-13 10:43:11.468,22926
599,5,2016-03-13 10:43:12.492,22926
600,5,2016-03-13 10:43:13.468,22926
601,5,2016-03-13 10:43:14.829,22926
602,5,2016-03-13 10:43:15.493,22926
603,5,2016-03-13 10:43:16.493,22926
604,5,2016-03-13 10:43:17.519,22926
605,5,2016-03-13 10:43:18.522,22926
606,5,2016-03-13 10:43:19.610,22926
607,5,2016-03-13 10:43:20.553,22926
608,5,2016-03-13 10:43:21.540,22926
609,5,2016-03-13 10:43:22.568,22926
610,5,2016-03-13 10:43:23.572,22926
611,5,2016-03-13 10:43:24.572,22926
612,5,2016-03-13 10:43:25.598,22926
613,5,2016-03-13 10:43:26.594,22926
614,5,2016-03-13 10:43:27.598,22926
615,5,2016-03-13 10:43:28.590,22926
616,5,2016-03-13 10:43:29.623,22926
617,5,2016-03-13 10:43:30.635,22926
618,5,2016-03-13 10:43:31.683,22926
619,5,2016-03-13 10:43:32.672,22926
620,5,2016-03-13 10:43:33.666,22926
621,5,2016-03-13 10:43:34.670,22926
622,5,2016-03-13 10:43:35.676,22926
623,5,2016-03-13 10:43:36.669,22926
624,5,2016-03-13 10:43:37.673,22926
625,5,2016-03-13 10:43:38.693,22926
626,5,2016-03-13 10:43:39.695,22926
627,5,2016-03-13 10:43:40.720,22926
628,5,2016-03-13 10:43:41.720,22926
629,5,2016-03-13 10:43:42.721,22926
630,5,2016-03-13 10:43:43.722,22926
631,5,2016-03-13 10:43:44.745,22926
632,5,2016-03-13 10:43:45.744,22926
633,5,2016-03-13 10:43:46.745,22926
634,5,2016-03-13 10:43:47.770,22926
635,5,2016-03-13 10:43:48.774,22926
636,5,2016-03-13 10:43:49.774,22926
637,5,2016-03-13 10:43:50.796,22926
638,5,2016-03-13 10:43:51.811,22926
639,5,2016-03-13 10:43:52.795,22926
640,5,2016-03-13 10:43:53.803,22926
641,5,2016-03-13 10:43:54.824,22926
642,5,2016-03-13 10:43:55.825,22926
643,5,2016-03-13 10:43:56.823,22926
644,5,2016-03-13 10:43:57.848,22926
645,5,2016-03-13 10:43:58.841,22926
646,5,2016-03-13 10:43:59.839,22926
647,5,2016-03-13 10:44:00.865,22926
648,5,2016-03-13 10:44:01.866,22926
649,5,2016-03-13 10:44:02.891,22926
650,5,2016-03-13 10:44:03.887,22926
651,5,2016-03-13 10:44:04.899,22926
652,5,2016-03-13 10:44:05.930,22926
653,5,2016-03-13 10:44:06.897,22926
654,5,2016-03-13 10:44:07.956,22926
655,5,2016-03-13 10:44:08.923,22926
656,5,2016-03-13 10:44:09.948,22926
657,5,2016-03-13 10:44:10.959,22926
658,5,2016-03-13 10:44:11.943,22926
659,5,2016-03-13 10:44:12.993,22926
660,5,2016-03-13 10:44:13.974,22926
661,5,2016-03-13 10:44:14.981,22926
662,5,2016-03-13 10:44:15.998,22926
663,5,2016-03-13 10:44:17.004,22926
664,5,2016-03-13 10:44:18.023,22926
665,5,2016-03-13 10:44:19.032,22926
666,5,2016-03-13 10:44:20.032,22926
667,5,2016-03-13 10:44:21.048,22926
668,5,2016-03-13 10:44:22.024,22926
669,5,2016-03-13 10:44:23.056,22926
670,5,2016-03-13 10:44:24.048,22926
671,5,2016-03-13 10:44:25.081,22926
672,5,2016-03-13 10:44:26.072,22926
673,5,2016-03-13 10:44:27.074,22926
674,5,2016-03-13 10:44:28.122,22926
675,5,2016-03-13 10:44:29.233,22926
676,5,2016-03-13 10:44:30.098,22926
677,5,2016-03-13 10:44:31.125,22926
678,5,2016-03-13 10:44:32.122,22926
679,5,2016-03-13 10:44:33.121,22926
680,5,2016-03-13 10:44:34.117,22926
681,5,2016-03-13 10:44:35.143,22926
682,5,2016-03-13 10:44:36.274,22926
683,5,2016-03-13 10:44:37.158,22926
684,5,2016-03-13 10:44:38.524,22926
685,5,2016-03-13 10:44:39.167,22926
686,5,2016-03-13 10:44:40.171,22926
687,5,2016-03-13 10:44:41.189,22926
688,5,2016-03-13 10:44:42.194,22926
689,5,2016-03-13 10:44:43.192,22926
690,5,2016-03-13 10:44:44.279,22926
691,5,2016-03-13 10:44:45.216,22926
692,5,2016-03-13 10:44:46.242,22926
693,5,2016-03-13 10:44:47.219,22926
694,5,2016-03-13 10:44:48.242,22926
695,5,2016-03-13 10:44:49.253,22926
696,5,2016-03-13 10:44:50.247,22926
697,5,2016-03-13 10:44:51.311,22926
698,5,2016-03-13 10:44:52.281,22926
699,5,2016-03-13 10:44:53.460,22926
700,5,2016-03-13 10:44:54.298,22926
701,5,2016-03-13 10:44:55.300,22926
702,5,2016-03-13 10:44:56.323,22926
703,5,2016-03-13 10:44:57.327,22926
704,5,2016-03-13 10:44:58.330,22926
705,5,2016-03-13 10:44:59.353,22926
706,5,2016-03-13 10:45:00.323,22926
707,5,2016-03-13 10:45:01.395,22926
708,5,2016-03-13 10:45:02.347,22926
709,5,2016-03-13 10:45:03.382,22926
710,5,2016-03-13 10:45:04.396,22926
711,5,2016-03-13 10:45:05.412,22926
712,5,2016-03-13 10:45:06.409,22926
713,5,2016-03-13 10:45:07.395,22926
714,5,2016-03-13 10:45:08.396,22926
715,5,2016-03-13 10:45:09.425,22926
716,5,2016-03-13 10:45:10.421,22926
717,5,2016-03-13 10:45:11.442,22926
718,5,2016-03-13 10:45:12.416,22926
719,5,2016-03-13 10:45:13.442,22926
720,5,2016-03-13 10:45:14.444,22926
721,5,2016-03-13 10:45:15.444,22926
722,5,2016-03-13 10:45:16.469,22926
723,5,2016-03-13 10:45:17.467,22926
724,5,2016-03-13 10:45:18.493,22926
725,5,2016-03-13 10:45:19.496,22926
726,5,2016-03-13 10:45:20.495,22926
727,5,2016-03-13 10:45:21.517,22926
728,5,2016-03-13 10:45:22.518,22926
729,5,2016-03-13 10:45:23.522,22926
730,5,2016-03-13 10:45:24.550,22926
731,5,2016-03-13 10:45:25.548,22926
732,5,2016-03-13 10:45:26.546,22926
733,5,2016-03-13 10:45:27.548,22926
734,5,2016-03-13 10:45:28.572,22926
735,5,2016-03-13 10:45:29.572,22926
736,5,2016-03-13 10:45:30.572,22926
737,5,2016-03-13 10:45:31.598,22926
738,5,2016-03-13 10:45:32.603,22926
739,5,2016-03-13 10:45:33.598,22926
740,5,2016-03-13 10:45:34.623,22926
741,5,2016-03-13 10:45:35.640,22926
742,5,2016-03-13 10:45:36.632,22926
743,5,2016-03-13 10:45:37.653,22926
744,5,2016-03-13 10:45:38.653,22926
745,5,2016-03-13 10:45:39.647,22926
746,5,2016-03-13 10:45:40.678,22926
747,5,2016-03-13 10:45:41.685,22926
748,5,2016-03-13 10:45:42.686,22926
749,5,2016-03-13 10:45:43.698,22926
750,5,2016-03-13 10:45:44.699,22926
751,5,2016-03-13 10:45:45.691,22926
752,5,2016-03-13 10:45:46.691,22926
753,5,2016-03-13 10:45:47.722,22926
754,5,2016-03-13 10:45:48.723,22926
755,5,2016-03-13 10:45:49.752,22926
756,5,2016-03-13 10:45:50.742,22926
757,5,2016-03-13 10:45:51.742,22926
758,5,2016-03-13 10:45:52.761,22926
759,5,2016-03-13 10:45:53.767,22926
760,5,2016-03-13 10:45:54.770,22926
761,5,2016-03-13 10:45:55.774,22926
762,5,2016-03-13 10:45:56.794,22926
763,5,2016-03-13 10:45:57.794,22926
764,5,2016-03-13 10:45:58.795,22926
765,5,2016-03-13 10:45:59.835,22926
766,5,2016-03-13 10:46:00.817,22926
767,5,2016-03-13 10:46:02.146,22926
768,5,2016-03-13 10:46:02.855,22926
769,5,2016-03-13 10:46:03.847,22926
770,5,2016-03-13 10:46:04.875,22926
771,5,2016-03-13 10:46:05.840,22926
772,5,2016-03-13 10:46:06.873,22926
773,5,2016-03-13 10:46:07.879,22926
774,5,2016-03-13 10:46:08.880,22926
775,5,2016-03-13 10:46:09.898,22926
776,5,2016-03-13 10:46:10.905,22926
777,5,2016-03-13 10:46:12.134,22926
778,5,2016-03-13 10:46:12.925,22926
779,5,2016-03-13 10:46:13.932,22926
780,5,2016-03-13 10:46:14.949,22926
781,5,2016-03-13 10:46:15.928,22926
782,5,2016-03-13 10:46:17.110,22926
783,5,2016-03-13 10:46:17.973,22926
784,5,2016-03-13 10:46:19.120,22926
785,5,2016-03-13 10:46:19.974,22926
786,5,2016-03-13 10:46:20.981,22926
787,5,2016-03-13 10:46:22.007,22926
788,5,2016-03-13 10:46:22.999,22926
789,5,2016-03-13 10:46:24.080,22926
790,5,2016-03-13 10:46:25.022,22926
791,5,2016-03-13 10:46:26.023,22926
792,5,2016-03-13 10:46:27.052,22926
793,5,2016-03-13 10:46:28.068,22926
794,5,2016-03-13 10:46:29.054,22926
795,5,2016-03-13 10:46:30.074,22926
796,5,2016-03-13 10:46:31.055,22926
797,5,2016-03-13 10:46:32.073,22926
798,5,2016-03-13 10:46:33.082,22926
799,5,2016-03-13 10:46:34.105,22926
800,5,2016-03-13 10:46:35.128,22926
801,5,2016-03-13 10:46:36.105,22926
802,5,2016-03-13 10:46:37.125,22926
803,5,2016-03-13 10:46:38.123,22926
804,5,2016-03-13 10:46:39.124,22926
805,5,2016-03-13 10:46:40.156,22926
806,5,2016-03-13 10:46:41.148,22926
807,5,2016-03-13 10:46:42.145,22926
808,5,2016-03-13 10:46:43.193,22926
809,5,2016-03-13 10:46:44.173,22926
810,5,2016-03-13 10:46:45.173,22926
811,5,2016-03-13 10:46:46.190,22926
812,5,2016-03-13 10:46:47.228,22926
813,5,2016-03-13 10:46:48.215,22926
814,5,2016-03-13 10:46:49.228,22926
815,5,2016-03-13 10:46:50.210,22926
816,5,2016-03-13 10:46:51.225,22926
817,5,2016-03-13 10:46:52.221,22926
818,5,2016-03-13 10:46:53.243,22926
819,5,2016-03-13 10:46:54.243,22926
820,5,2016-03-13 10:46:55.243,22926
821,5,2016-03-13 10:46:56.270,22926
822,5,2016-03-13 10:46:57.269,22926
823,5,2016-03-13 10:46:58.298,22926
824,5,2016-03-13 10:46:59.386,22926
825,5,2016-03-13 10:47:00.293,22926
826,5,2016-03-13 10:47:01.306,22926
827,5,2016-03-13 10:47:02.292,22926
828,5,2016-03-13 10:47:03.321,22926
829,5,2016-03-13 10:47:04.332,22926
830,5,2016-03-13 10:47:05.346,22926
831,5,2016-03-13 10:47:06.348,22926
832,5,2016-03-13 10:47:07.348,22926
833,5,2016-03-13 10:47:08.395,22926
834,5,2016-03-13 10:47:09.628,22926
835,5,2016-03-13 10:47:10.383,22926
836,5,2016-03-13 10:47:11.373,22926
837,5,2016-03-13 10:47:12.380,22926
838,5,2016-03-13 10:47:13.418,22926
839,5,2016-03-13 10:47:14.419,22926
840,5,2016-03-13 10:47:15.441,22926
841,5,2016-03-13 10:47:16.433,22926
842,5,2016-03-13 10:47:17.651,22926
843,5,2016-03-13 10:47:18.451,22926
844,5,2016-03-13 10:47:19.442,22926
845,5,2016-03-13 10:47:20.467,22926
846,5,2016-03-13 10:47:21.470,22926
847,5,2016-03-13 10:47:22.469,22926
848,5,2016-03-13 10:47:23.491,22926
849,5,2016-03-13 10:47:24.471,22926
850,5,2016-03-13 10:47:25.627,22926
851,5,2016-03-13 10:47:26.492,22926
852,5,2016-03-13 10:47:27.490,22926
853,5,2016-03-13 10:47:28.838,22926
854,5,2016-03-13 10:47:29.518,22926
855,5,2016-03-13 10:47:30.541,22926
856,5,2016-03-13 10:47:31.544,22926
857,5,2016-03-13 10:47:32.543,22926
858,5,2016-03-13 10:47:33.664,22926
859,5,2016-03-13 10:47:34.543,22926
860,5,2016-03-13 10:47:35.568,22926
861,5,2016-03-13 10:47:36.826,22926
862,5,2016-03-13 10:47:37.596,22926
863,5,2016-03-13 10:47:38.603,22926
864,5,2016-03-13 10:47:39.597,22926
865,5,2016-03-13 10:47:40.673,22926
866,5,2016-03-13 10:47:41.623,22926
867,5,2016-03-13 10:47:42.626,22926
868,5,2016-03-13 10:47:43.671,22926
869,5,2016-03-13 10:47:44.649,22926
870,5,2016-03-13 10:47:45.649,22926
871,5,2016-03-13 10:47:46.684,22926
872,5,2016-03-13 10:47:47.683,22926
873,5,2016-03-13 10:47:48.665,22926
874,5,2016-03-13 10:47:49.684,22926
875,5,2016-03-13 10:47:50.723,22926
876,5,2016-03-13 10:47:51.824,22926
877,5,2016-03-13 10:47:52.727,22926
878,5,2016-03-13 10:47:53.720,22926
879,5,2016-03-13 10:47:54.718,22926
880,5,2016-03-13 10:47:55.749,22926
881,5,2016-03-13 10:47:56.742,22926
882,5,2016-03-13 10:47:57.746,22926
883,5,2016-03-13 10:47:58.836,22926
884,5,2016-03-13 10:47:59.777,22926
885,5,2016-03-13 10:48:00.769,22926
886,5,2016-03-13 10:48:01.800,22926
887,5,2016-03-13 10:48:02.793,22926
888,5,2016-03-13 10:48:03.798,22926
889,5,2016-03-13 10:48:04.791,22926
890,5,2016-03-13 10:48:05.822,22926
891,5,2016-03-13 10:48:06.824,22926
892,5,2016-03-13 10:48:07.836,22926
893,5,2016-03-13 10:48:08.854,22926
894,5,2016-03-13 10:48:09.847,22926
895,5,2016-03-13 10:48:10.844,22926
896,5,2016-03-13 10:48:11.881,22926
897,5,2016-03-13 10:48:12.881,22926
898,5,2016-03-13 10:48:13.882,22926
899,5,2016-03-13 10:48:14.882,22926
900,5,2016-03-13 10:48:15.900,22926
901,5,2016-03-13 10:48:17.133,22926
902,5,2016-03-13 10:48:17.897,22926
903,5,2016-03-13 10:48:18.931,22926
904,5,2016-03-13 10:48:19.924,22926
905,5,2016-03-13 10:48:20.932,22926
906,5,2016-03-13 10:48:21.955,22926
907,5,2016-03-13 10:48:22.947,22926
908,5,2016-03-13 10:48:24.174,22926
909,5,2016-03-13 10:48:24.973,22926
910,5,2016-03-13 10:48:25.975,22926
911,5,2016-03-13 10:48:26.998,22926
912,5,2016-03-13 10:48:27.997,22926
913,5,2016-03-13 10:48:29.004,22926
914,5,2016-03-13 10:48:30.005,22926
915,5,2016-03-13 10:48:31.023,22926
916,5,2016-03-13 10:48:32.028,22926
917,5,2016-03-13 10:48:33.023,22926
918,5,2016-03-13 10:48:34.048,22926
919,5,2016-03-13 10:48:35.054,22926
920,5,2016-03-13 10:48:36.048,22926
921,5,2016-03-13 10:48:37.073,22926
922,5,2016-03-13 10:48:38.075,22926
923,5,2016-03-13 10:48:39.132,22926
924,5,2016-03-13 10:48:40.096,22926
925,5,2016-03-13 10:48:41.101,22926
926,5,2016-03-13 10:48:42.125,22926
927,5,2016-03-13 10:48:43.114,22926
928,5,2016-03-13 10:48:44.118,22926
929,5,2016-03-13 10:48:45.121,22926
930,5,2016-03-13 10:48:46.123,22926
931,5,2016-03-13 10:48:47.143,22926
932,5,2016-03-13 10:48:48.308,22926
933,5,2016-03-13 10:48:49.172,22926
934,5,2016-03-13 10:48:50.172,22926
935,5,2016-03-13 10:48:51.170,22926
936,5,2016-03-13 10:48:52.198,22926
937,5,2016-03-13 10:48:53.215,22926
938,5,2016-03-13 10:48:54.222,22926
939,5,2016-03-13 10:48:55.216,22926
940,5,2016-03-13 10:48:56.239,22926
941,5,2016-03-13 10:48:57.236,22926
942,5,2016-03-13 10:48:58.504,22926
943,5,2016-03-13 10:48:59.244,22926
944,5,2016-03-13 10:49:00.244,22926
945,5,2016-03-13 10:49:01.251,22926
946,5,2016-03-13 10:49:02.267,22926
947,5,2016-03-13 10:49:03.269,22926
948,5,2016-03-13 10:49:04.293,22926
949,5,2016-03-13 10:49:05.295,22926
950,5,2016-03-13 10:49:06.298,22926
951,5,2016-03-13 10:49:07.469,22926
952,5,2016-03-13 10:49:08.301,22926
953,5,2016-03-13 10:49:09.368,22926
954,5,2016-03-13 10:49:10.323,22926
955,5,2016-03-13 10:49:11.345,22926
956,5,2016-03-13 10:49:12.343,22926
957,5,2016-03-13 10:49:13.348,22926
958,5,2016-03-13 10:49:14.373,22926
959,5,2016-03-13 10:49:15.372,22926
960,5,2016-03-13 10:49:16.649,22926
961,5,2016-03-13 10:49:17.400,22926
962,5,2016-03-13 10:49:18.417,22926
963,5,2016-03-13 10:49:19.427,22926
964,5,2016-03-13 10:49:20.418,22926
965,5,2016-03-13 10:49:21.419,22926
966,5,2016-03-13 10:49:22.442,22926
967,5,2016-03-13 10:49:23.442,22926
968,5,2016-03-13 10:49:24.451,22926
969,5,2016-03-13 10:49:25.442,22926
970,5,2016-03-13 10:49:26.823,22926
971,5,2016-03-13 10:49:27.469,22926
972,5,2016-03-13 10:49:28.470,22926
973,5,2016-03-13 10:49:29.499,22926
974,5,2016-03-13 10:49:30.491,22926
975,5,2016-03-13 10:49:31.592,22926
976,5,2016-03-13 10:49:32.517,22926
977,5,2016-03-13 10:49:33.854,22926
978,5,2016-03-13 10:49:34.518,22926
979,5,2016-03-13 10:49:35.546,22926
980,5,2016-03-13 10:49:36.542,22926
981,5,2016-03-13 10:49:37.572,22926
982,5,2016-03-13 10:49:38.649,22926
983,5,2016-03-13 10:49:39.572,22926
984,5,2016-03-13 10:49:40.572,22926
985,5,2016-03-13 10:49:41.608,22926
986,5,2016-03-13 10:49:42.601,22926
987,5,2016-03-13 10:49:43.599,22926
988,5,2016-03-13 10:49:44.629,22926
989,5,2016-03-13 10:49:45.623,22926
990,5,2016-03-13 10:49:46.623,22926
991,5,2016-03-13 10:49:47.709,22926
992,5,2016-03-13 10:49:48.648,22926
993,5,2016-03-13 10:49:49.647,22926
994,5,2016-03-13 10:49:50.647,22926
995,5,2016-03-13 10:49:51.672,22926
996,5,2016-03-13 10:49:52.681,22926
997,5,2016-03-13 10:49:53.664,22926
998,5,2016-03-13 10:49:54.712,22926
999,5,2016-03-13 10:49:55.699,22926
1000,5,2016-03-13 10:49:56.692,22926
1001,5,2016-03-13 10:49:58.156,22926
1002,5,2016-03-13 10:49:58.746,22926
1003,5,2016-03-13 10:49:59.744,22926
1004,5,2016-03-13 10:50:00.741,22926
1005,5,2016-03-13 10:50:01.744,22926
1006,5,2016-03-13 10:50:02.770,22926
1007,5,2016-03-13 10:50:03.745,22926
1008,5,2016-03-13 10:50:04.791,22926
1009,5,2016-03-13 10:50:05.780,22926
1010,5,2016-03-13 10:50:06.863,22926
1011,5,2016-03-13 10:50:07.795,22926
1012,5,2016-03-13 10:50:08.791,22926
1013,5,2016-03-13 10:50:09.819,22926
1014,5,2016-03-13 10:50:10.818,22926
1015,5,2016-03-13 10:50:11.845,22926
1016,5,2016-03-13 10:50:12.848,22926
1017,5,2016-03-13 10:50:13.845,22926
1018,5,2016-03-13 10:50:14.854,22926
1019,5,2016-03-13 10:50:15.877,22926
1020,5,2016-03-13 10:50:17.174,22926
1021,5,2016-03-13 10:50:17.897,22926
1022,5,2016-03-13 10:50:18.902,22926
1023,5,2016-03-13 10:50:19.898,22926
1024,5,2016-03-13 10:50:20.899,22926
1025,5,2016-03-13 10:50:21.924,22926
1026,5,2016-03-13 10:50:22.922,22926
1027,5,2016-03-13 10:50:24.157,22926
1028,5,2016-03-13 10:50:24.948,22926
1029,5,2016-03-13 10:50:25.946,22926
1030,5,2016-03-13 10:50:26.954,22926
1031,5,2016-03-13 10:50:27.981,22926
1032,5,2016-03-13 10:50:28.972,22926
1033,5,2016-03-13 10:50:29.969,22926
1034,5,2016-03-13 10:50:30.982,22926
1035,5,2016-03-13 10:50:32.346,22926
1036,5,2016-03-13 10:50:32.997,22926
1037,5,2016-03-13 10:50:34.032,22926
1038,5,2016-03-13 10:50:35.030,22926
1039,5,2016-03-13 10:50:36.032,22926
1040,5,2016-03-13 10:50:37.042,22926
1041,5,2016-03-13 10:50:38.128,22926
1042,5,2016-03-13 10:50:39.047,22926
1043,5,2016-03-13 10:50:40.054,22926
1044,5,2016-03-13 10:50:41.074,22926
1045,5,2016-03-13 10:50:42.073,22926
1046,5,2016-03-13 10:50:43.098,22926
1047,5,2016-03-13 10:50:44.107,22926
1048,5,2016-03-13 10:50:45.106,22926
1049,5,2016-03-13 10:50:46.091,22926
1050,5,2016-03-13 10:50:47.130,22926
1051,5,2016-03-13 10:50:48.131,22926
1052,5,2016-03-13 10:50:49.132,22926
1053,5,2016-03-13 10:50:50.156,22926
1054,5,2016-03-13 10:50:51.155,22926
1055,5,2016-03-13 10:50:52.155,22926
1056,5,2016-03-13 10:50:53.173,22926
1057,5,2016-03-13 10:50:54.175,22926
1058,5,2016-03-13 10:50:55.198,22926
1059,5,2016-03-13 10:50:56.239,22926
1060,5,2016-03-13 10:50:57.198,22926
1061,5,2016-03-13 10:50:58.223,22926
1062,5,2016-03-13 10:50:59.199,22926
1063,5,2016-03-13 10:51:00.223,22926
1064,5,2016-03-13 10:51:01.231,22926
1065,5,2016-03-13 10:51:02.268,22926
1066,5,2016-03-13 10:51:03.244,22926
1067,5,2016-03-13 10:51:04.265,22926
1068,5,2016-03-13 10:51:05.264,22926
1069,5,2016-03-13 10:51:06.283,22926
1070,5,2016-03-13 10:51:07.265,22926
1071,5,2016-03-13 10:51:08.270,22926
1072,5,2016-03-13 10:51:09.293,22926
1073,5,2016-03-13 10:51:10.309,22926
1074,5,2016-03-13 10:51:11.292,22926
1075,5,2016-03-13 10:51:12.663,22926
1076,5,2016-03-13 10:51:13.323,22926
1077,5,2016-03-13 10:51:14.319,22926
1078,5,2016-03-13 10:51:15.331,22926
1079,5,2016-03-13 10:51:16.348,22926
1080,5,2016-03-13 10:51:17.355,22926
1081,5,2016-03-13 10:51:18.372,22926
1082,5,2016-03-13 10:51:19.372,22926
1083,5,2016-03-13 10:51:20.372,22926
1084,5,2016-03-13 10:51:21.676,22926
1085,5,2016-03-13 10:51:22.379,22926
1086,5,2016-03-13 10:51:23.403,22926
1087,5,2016-03-13 10:51:24.398,22926
1088,5,2016-03-13 10:51:25.439,22926
1089,5,2016-03-13 10:51:26.447,22926
1090,5,2016-03-13 10:51:27.444,22926
1091,5,2016-03-13 10:51:28.440,22926
1092,5,2016-03-13 10:51:29.772,22926
1093,5,2016-03-13 10:51:30.436,22926
1094,5,2016-03-13 10:51:31.459,22926
1095,5,2016-03-13 10:51:32.468,22926
1096,5,2016-03-13 10:51:33.490,22926
1097,5,2016-03-13 10:51:34.469,22926
1098,5,2016-03-13 10:51:35.492,22926
1099,5,2016-03-13 10:51:36.491,22926
1100,5,2016-03-13 10:51:37.725,22926
1101,5,2016-03-13 10:51:38.520,22926
1102,5,2016-03-13 10:51:39.516,22926
1103,5,2016-03-13 10:51:40.860,22926
1104,5,2016-03-13 10:51:41.541,22926
1105,5,2016-03-13 10:51:42.542,22926
1106,5,2016-03-13 10:51:43.541,22926
1107,5,2016-03-13 10:51:44.717,22926
1108,5,2016-03-13 10:51:45.572,22926
1109,5,2016-03-13 10:51:46.567,22926
1110,5,2016-03-13 10:51:47.873,22926
1111,5,2016-03-13 10:51:48.598,22926
1112,5,2016-03-13 10:51:49.599,22926
1113,5,2016-03-13 10:51:50.597,22926
1114,5,2016-03-13 10:51:51.622,22926
1115,5,2016-03-13 10:51:52.677,22926
1116,5,2016-03-13 10:51:53.622,22926
1117,5,2016-03-13 10:51:54.648,22926
1118,5,2016-03-13 10:51:55.648,22926
1119,5,2016-03-13 10:51:56.874,22926
1120,5,2016-03-13 10:51:57.683,22926
1121,5,2016-03-13 10:51:58.673,22926
1122,5,2016-03-13 10:51:59.699,22926
1123,5,2016-03-13 10:52:00.671,22926
1124,5,2016-03-13 10:52:01.697,22926
1125,5,2016-03-13 10:52:02.698,22926
1126,5,2016-03-13 10:52:03.831,22926
1127,5,2016-03-13 10:52:04.723,22926
1128,5,2016-03-13 10:52:05.723,22926
1129,5,2016-03-13 10:52:06.747,22926
1130,5,2016-03-13 10:52:07.749,22926
1131,5,2016-03-13 10:52:08.767,22926
1132,5,2016-03-13 10:52:09.788,22926
1133,5,2016-03-13 10:52:10.766,22926
1134,5,2016-03-13 10:52:11.769,22926
1135,5,2016-03-13 10:52:12.768,22926
1136,5,2016-03-13 10:52:13.794,22926
1137,5,2016-03-13 10:52:14.792,22926
1138,5,2016-03-13 10:52:15.818,22926
1139,5,2016-03-13 10:52:16.820,22926
1140,5,2016-03-13 10:52:17.819,22926
1141,5,2016-03-13 10:52:18.845,22926
1142,5,2016-03-13 10:52:19.846,22926
1143,5,2016-03-13 10:52:20.836,22926
1144,5,2016-03-13 10:52:21.889,22926
1145,5,2016-03-13 10:52:22.880,22926
1146,5,2016-03-13 10:52:23.880,22926
1147,5,2016-03-13 10:52:24.896,22926
1148,5,2016-03-13 10:52:25.904,22926
1149,5,2016-03-13 10:52:26.904,22926
1150,5,2016-03-13 10:52:27.894,22926
1151,5,2016-03-13 10:52:29.196,22926
1152,5,2016-03-13 10:52:29.931,22926
1153,5,2016-03-13 10:52:31.179,22926
1154,5,2016-03-13 10:52:31.949,22926
1155,5,2016-03-13 10:52:32.953,22926
1156,5,2016-03-13 10:52:33.973,22926
1157,5,2016-03-13 10:52:34.973,22926
1158,5,2016-03-13 10:52:35.974,22926
1159,5,2016-03-13 10:52:36.974,22926
1160,5,2016-03-13 10:52:38.205,22926
1161,5,2016-03-13 10:52:38.997,22926
1162,5,2016-03-13 10:52:40.023,22926
1163,5,2016-03-13 10:52:41.035,22926
1164,5,2016-03-13 10:52:42.021,22926
1165,5,2016-03-13 10:52:43.023,22926
1166,5,2016-03-13 10:52:44.047,22926
1167,5,2016-03-13 10:52:45.055,22926
1168,5,2016-03-13 10:52:46.222,22926
1169,5,2016-03-13 10:52:47.079,22926
1170,5,2016-03-13 10:52:48.080,22926
1171,5,2016-03-13 10:52:49.074,22926
1172,5,2016-03-13 10:52:50.097,22926
1173,5,2016-03-13 10:52:51.098,22926
1174,5,2016-03-13 10:52:52.103,22926
1175,5,2016-03-13 10:52:53.197,22926
1176,5,2016-03-13 10:52:54.138,22926
1177,5,2016-03-13 10:52:55.138,22926
1178,5,2016-03-13 10:52:56.138,22926
1179,5,2016-03-13 10:52:57.144,22926
1180,5,2016-03-13 10:52:58.143,22926
1181,5,2016-03-13 10:52:59.182,22926
1182,5,2016-03-13 10:53:00.167,22926
1183,5,2016-03-13 10:53:01.245,22926
1184,5,2016-03-13 10:53:02.204,22926
1185,5,2016-03-13 10:53:03.204,22926
1186,5,2016-03-13 10:53:04.196,22926
1187,5,2016-03-13 10:53:05.221,22926
1188,5,2016-03-13 10:53:06.194,22926
1189,5,2016-03-13 10:53:07.253,22926
1190,5,2016-03-13 10:53:08.229,22926
1191,5,2016-03-13 10:53:09.241,22926
1192,5,2016-03-13 10:53:10.254,22926
1193,5,2016-03-13 10:53:11.522,22926
1194,5,2016-03-13 10:53:12.290,22926
1195,5,2016-03-13 10:53:13.275,22926
1196,5,2016-03-13 10:53:14.303,22926
1197,5,2016-03-13 10:53:15.291,22926
1198,5,2016-03-13 10:53:16.297,22926
1199,5,2016-03-13 10:53:17.313,22926
1200,5,2016-03-13 10:53:18.313,22926
1201,5,2016-03-13 10:53:19.316,22926
1202,5,2016-03-13 10:53:20.706,22926
1203,5,2016-03-13 10:53:21.343,22926
1204,5,2016-03-13 10:53:22.341,22926
1205,5,2016-03-13 10:53:23.341,22926
1206,5,2016-03-13 10:53:24.365,22926
1207,5,2016-03-13 10:53:25.368,22926
1208,5,2016-03-13 10:53:26.372,22926
1209,5,2016-03-13 10:53:27.395,22926
1210,5,2016-03-13 10:53:28.395,22926
1211,5,2016-03-13 10:53:29.397,22926
1212,5,2016-03-13 10:53:30.423,22926
1213,5,2016-03-13 10:53:31.420,22926
1214,5,2016-03-13 10:53:32.445,22926
1215,5,2016-03-13 10:53:33.440,22926
1216,5,2016-03-13 10:53:34.448,22926
1217,5,2016-03-13 10:53:35.439,22926
1218,5,2016-03-13 10:53:36.443,22926
1219,5,2016-03-13 10:53:37.468,22926
1220,5,2016-03-13 10:53:38.467,22926
1221,5,2016-03-13 10:53:39.468,22926
1222,5,2016-03-13 10:53:40.491,22926
1223,5,2016-03-13 10:53:41.492,22926
1224,5,2016-03-13 10:53:42.688,22926
1225,5,2016-03-13 10:53:43.517,22926
1226,5,2016-03-13 10:53:44.519,22926
1227,5,2016-03-13 10:53:45.862,22926
1228,5,2016-03-13 10:53:46.515,22926
1229,5,2016-03-13 10:53:47.541,22926
1230,5,2016-03-13 10:53:48.543,22926
1231,5,2016-03-13 10:53:49.566,22926
1232,5,2016-03-13 10:53:50.571,22926
1233,5,2016-03-13 10:53:51.793,22926
1234,5,2016-03-13 10:53:52.597,22926
1235,5,2016-03-13 10:53:53.593,22926
1236,5,2016-03-13 10:53:54.600,22926
1237,5,2016-03-13 10:53:55.628,22926
1238,5,2016-03-13 10:53:56.627,22926
1239,5,2016-03-13 10:53:57.649,22926
1240,5,2016-03-13 10:53:58.639,22926
1241,5,2016-03-13 10:53:59.646,22926
1242,5,2016-03-13 10:54:00.672,22926
1243,5,2016-03-13 10:54:01.846,22926
1244,5,2016-03-13 10:54:02.672,22926
1245,5,2016-03-13 10:54:03.671,22926
1246,5,2016-03-13 10:54:04.704,22926
1247,5,2016-03-13 10:54:05.697,22926
1248,5,2016-03-13 10:54:06.701,22926
1249,5,2016-03-13 10:54:07.719,22926
1250,5,2016-03-13 10:54:08.730,22926
1251,5,2016-03-13 10:54:09.721,22926
1252,5,2016-03-13 10:54:10.859,22926
1253,5,2016-03-13 10:54:11.747,22926
1254,5,2016-03-13 10:54:12.748,22926
1255,5,2016-03-13 10:54:13.764,22926
1256,5,2016-03-13 10:54:14.773,22926
1257,5,2016-03-13 10:54:15.774,22926
1258,5,2016-03-13 10:54:16.790,22926
1259,5,2016-03-13 10:54:18.201,22926
1260,5,2016-03-13 10:54:18.808,22926
1261,5,2016-03-13 10:54:19.832,22926
1262,5,2016-03-13 10:54:20.818,22926
1263,5,2016-03-13 10:54:21.818,22926
1264,5,2016-03-13 10:54:22.822,22926
1265,5,2016-03-13 10:54:23.841,22926
1266,5,2016-03-13 10:54:24.840,22926
1267,5,2016-03-13 10:54:25.867,22926
1268,5,2016-03-13 10:54:26.890,22926
1269,5,2016-03-13 10:54:27.868,22926
1270,5,2016-03-13 10:54:28.867,22926
1271,5,2016-03-13 10:54:30.251,22926
1272,5,2016-03-13 10:54:30.892,22926
1273,5,2016-03-13 10:54:31.910,22926
1274,5,2016-03-13 10:54:32.922,22926
1275,5,2016-03-13 10:54:33.916,22926
1276,5,2016-03-13 10:54:34.926,22926
1277,5,2016-03-13 10:54:36.147,22926
1278,5,2016-03-13 10:54:36.947,22926
1279,5,2016-03-13 10:54:37.952,22926
1280,5,2016-03-13 10:54:38.953,22926
1281,5,2016-03-13 10:54:39.978,22926
1282,5,2016-03-13 10:54:40.997,22926
1283,5,2016-03-13 10:54:41.972,22926
1284,5,2016-03-13 10:54:42.997,22926
1285,5,2016-03-13 10:54:43.998,22926
1286,5,2016-03-13 10:54:45.241,22926
1287,5,2016-03-13 10:54:46.022,22926
1288,5,2016-03-13 10:54:47.022,22926
1289,5,2016-03-13 10:54:48.046,22926
1290,5,2016-03-13 10:54:49.051,22926
1291,5,2016-03-13 10:54:50.061,22926
1292,5,2016-03-13 10:54:51.108,22926
1293,5,2016-03-13 10:54:52.047,22926
1294,5,2016-03-13 10:54:53.092,22926
1295,5,2016-03-13 10:54:54.081,22926
1296,5,2016-03-13 10:54:55.104,22926
1297,5,2016-03-13 10:54:56.099,22926
1298,5,2016-03-13 10:54:57.104,22926
1299,5,2016-03-13 10:54:58.122,22926
1300,5,2016-03-13 10:54:59.131,22926
1301,5,2016-03-13 10:55:00.116,22926
1302,5,2016-03-13 10:55:01.561,22926
1303,5,2016-03-13 10:55:02.149,22926
1304,5,2016-03-13 10:55:03.147,22926
1305,5,2016-03-13 10:55:04.180,22926
1306,5,2016-03-13 10:55:05.172,22926
1307,5,2016-03-13 10:55:06.182,22926
1308,5,2016-03-13 10:55:07.182,22926
1309,5,2016-03-13 10:55:08.193,22926
1310,5,2016-03-13 10:55:09.198,22926
1311,5,2016-03-13 10:55:10.238,22926
1312,5,2016-03-13 10:55:11.223,22926
1313,5,2016-03-13 10:55:12.244,22926
1314,5,2016-03-13 10:55:13.231,22926
1315,5,2016-03-13 10:55:14.248,22926
1316,5,2016-03-13 10:55:15.253,22926
1317,5,2016-03-13 10:55:16.244,22926
1318,5,2016-03-13 10:55:17.451,22926
1319,5,2016-03-13 10:55:18.282,22926
1320,5,2016-03-13 10:55:19.297,22926
1321,5,2016-03-13 10:55:20.272,22926
1322,5,2016-03-13 10:55:21.320,22926
1323,5,2016-03-13 10:55:22.337,22926
1324,5,2016-03-13 10:55:23.312,22926
1325,5,2016-03-13 10:55:24.321,22926
1326,5,2016-03-13 10:55:25.338,22926
1327,5,2016-03-13 10:55:26.340,22926
1328,5,2016-03-13 10:55:27.342,22926
1329,5,2016-03-13 10:55:28.343,22926
1330,5,2016-03-13 10:55:29.366,22926
1331,5,2016-03-13 10:55:30.348,22926
1332,5,2016-03-13 10:55:31.368,22926
1333,5,2016-03-13 10:55:32.372,22926
1334,5,2016-03-13 10:55:33.395,22926
1335,5,2016-03-13 10:55:34.401,22926
1336,5,2016-03-13 10:55:35.395,22926
1337,5,2016-03-13 10:55:36.420,22926
1338,5,2016-03-13 10:55:37.422,22926
1339,5,2016-03-13 10:55:38.440,22926
1340,5,2016-03-13 10:55:39.475,22926
1341,5,2016-03-13 10:55:40.491,22926
1342,5,2016-03-13 10:55:41.737,22926
1343,5,2016-03-13 10:55:42.485,22926
1344,5,2016-03-13 10:55:43.465,22926
1345,5,2016-03-13 10:55:44.477,22926
1346,5,2016-03-13 10:55:45.477,22926
1347,5,2016-03-13 10:55:46.477,22926
1348,5,2016-03-13 10:55:47.490,22926
1349,5,2016-03-13 10:55:48.751,22926
1350,5,2016-03-13 10:55:49.514,22926
1351,5,2016-03-13 10:55:50.514,22926
1352,5,2016-03-13 10:55:51.864,22926
1353,5,2016-03-13 10:55:52.541,22926
1354,5,2016-03-13 10:55:53.542,22926
1355,5,2016-03-13 10:55:54.542,22926
1356,5,2016-03-13 10:55:55.543,22926
1357,5,2016-03-13 10:55:56.566,22926
1358,5,2016-03-13 10:55:57.773,22926
1359,5,2016-03-13 10:55:58.567,22926
1360,5,2016-03-13 10:55:59.590,22926
1361,5,2016-03-13 10:56:00.863,22926
1362,5,2016-03-13 10:56:01.602,22926
1363,5,2016-03-13 10:56:02.618,22926
1364,5,2016-03-13 10:56:03.616,22926
1365,5,2016-03-13 10:56:04.644,22926
1366,5,2016-03-13 10:56:05.646,22926
1367,5,2016-03-13 10:56:06.648,22926
1368,5,2016-03-13 10:56:07.824,22926
1369,5,2016-03-13 10:56:08.645,22926
1370,5,2016-03-13 10:56:09.881,22926
1371,5,2016-03-13 10:56:10.683,22926
1372,5,2016-03-13 10:56:11.702,22926
1373,5,2016-03-13 10:56:12.696,22926
1374,5,2016-03-13 10:56:13.704,22926
1375,5,2016-03-13 10:56:14.726,22926
1376,5,2016-03-13 10:56:15.762,22926
1377,5,2016-03-13 10:56:16.732,22926
1378,5,2016-03-13 10:56:17.748,22926
1379,5,2016-03-13 10:56:18.747,22926
1380,5,2016-03-13 10:56:19.772,22926
1381,5,2016-03-13 10:56:20.772,22926
1382,5,2016-03-13 10:56:21.774,22926
1383,5,2016-03-13 10:56:22.789,22926
1384,5,2016-03-13 10:56:23.780,22926
1385,5,2016-03-13 10:56:24.877,22926
1386,5,2016-03-13 10:56:25.792,22926
1387,5,2016-03-13 10:56:26.859,22926
1388,5,2016-03-13 10:56:27.849,22926
1389,5,2016-03-13 10:56:28.834,22926
1390,5,2016-03-13 10:56:29.844,22926
1391,5,2016-03-13 10:56:30.853,22926
1392,5,2016-03-13 10:56:31.868,22926
1393,5,2016-03-13 10:56:32.871,22926
1394,5,2016-03-13 10:56:33.868,22926
1395,5,2016-03-13 10:56:35.254,22926
1396,5,2016-03-13 10:56:35.895,22926
1397,5,2016-03-13 10:56:36.891,22926
1398,5,2016-03-13 10:56:37.895,22926
1399,5,2016-03-13 10:56:38.892,22926
1400,5,2016-03-13 10:56:39.921,22926
1401,5,2016-03-13 10:56:40.920,22926
1402,5,2016-03-13 10:56:42.261,22926
1403,5,2016-03-13 10:56:42.943,22926
1404,5,2016-03-13 10:56:43.945,22926
1405,5,2016-03-13 10:56:44.964,22926
1406,5,2016-03-13 10:56:45.969,22926
1407,5,2016-03-13 10:56:46.971,22926
1408,5,2016-03-13 10:56:47.994,22926
1409,5,2016-03-13 10:56:48.994,22926
1410,5,2016-03-13 10:56:49.994,22926
1411,5,2016-03-13 10:56:50.995,22926
1412,5,2016-03-13 10:56:52.019,22926
1413,5,2016-03-13 10:56:53.019,22926
1414,5,2016-03-13 10:56:54.019,22926
1415,5,2016-03-13 10:56:55.044,22926
1416,5,2016-03-13 10:56:56.046,22926
1417,5,2016-03-13 10:56:57.055,22926
1418,5,2016-03-13 10:56:58.250,22926
1419,5,2016-03-13 10:56:59.071,22926
1420,5,2016-03-13 10:57:00.080,22926
1421,5,2016-03-13 10:57:01.104,22926
1422,5,2016-03-13 10:57:02.096,22926
1423,5,2016-03-13 10:57:03.117,22926
1424,5,2016-03-13 10:57:04.123,22926
1425,5,2016-03-13 10:57:05.154,22926
1426,5,2016-03-13 10:57:06.206,22926
1427,5,2016-03-13 10:57:07.122,22926
1428,5,2016-03-13 10:57:08.140,22926
1429,5,2016-03-13 10:57:09.142,22926
1430,5,2016-03-13 10:57:10.172,22926
1431,5,2016-03-13 10:57:11.166,22926
1432,5,2016-03-13 10:57:12.174,22926
1433,5,2016-03-13 10:57:13.194,22926
1434,5,2016-03-13 10:57:14.197,22926
1435,5,2016-03-13 10:57:15.219,22926
1436,5,2016-03-13 10:57:16.191,22926
1437,5,2016-03-13 10:57:17.222,22926
1438,5,2016-03-13 10:57:18.244,22926
1439,5,2016-03-13 10:57:19.230,22926
1440,5,2016-03-13 10:57:20.233,22926
1441,5,2016-03-13 10:57:21.245,22926
1442,5,2016-03-13 10:57:22.282,22926
1443,5,2016-03-13 10:57:23.269,22926
1444,5,2016-03-13 10:57:24.278,22926
1445,5,2016-03-13 10:57:25.305,22926
1446,5,2016-03-13 10:57:26.306,22926
1447,5,2016-03-13 10:57:27.305,22926
1448,5,2016-03-13 10:57:28.323,22926
1449,5,2016-03-13 10:57:29.298,22926
1450,5,2016-03-13 10:57:30.323,22926
1451,5,2016-03-13 10:57:31.353,22926
1452,5,2016-03-13 10:57:32.372,22926
1453,5,2016-03-13 10:57:33.344,22926
1454,5,2016-03-13 10:57:34.344,22926
1455,5,2016-03-13 10:57:35.375,22926
1456,5,2016-03-13 10:57:36.366,22926
1457,5,2016-03-13 10:57:37.391,22926
1458,5,2016-03-13 10:57:38.395,22926
1459,5,2016-03-13 10:57:39.396,22926
1460,5,2016-03-13 10:57:40.390,22926
1461,5,2016-03-13 10:57:41.435,22926
1462,5,2016-03-13 10:57:42.421,22926
1463,5,2016-03-13 10:57:43.422,22926
1464,5,2016-03-13 10:57:44.457,22926
1465,5,2016-03-13 10:57:45.445,22926
1466,5,2016-03-13 10:57:46.460,22926
1467,5,2016-03-13 10:57:47.468,22926
1468,5,2016-03-13 10:57:48.471,22926
1469,5,2016-03-13 10:57:49.466,22926
1470,5,2016-03-13 10:57:50.493,22926
1471,5,2016-03-13 10:57:51.492,22926
1472,5,2016-03-13 10:57:52.491,22926
1473,5,2016-03-13 10:57:53.510,22926
1474,5,2016-03-13 10:57:54.517,22926
1475,5,2016-03-13 10:57:55.516,22926
1476,5,2016-03-13 10:57:56.518,22926
1477,5,2016-03-13 10:57:57.545,22926
1478,5,2016-03-13 10:57:58.572,22926
1479,5,2016-03-13 10:57:59.542,22926
1480,5,2016-03-13 10:58:00.570,22926
1481,5,2016-03-13 10:58:01.566,22926
1482,5,2016-03-13 10:58:02.567,22926
1483,5,2016-03-13 10:58:03.591,22926
1484,5,2016-03-13 10:58:04.593,22926
1485,5,2016-03-13 10:58:05.615,22926
1486,5,2016-03-13 10:58:06.630,22926
1487,5,2016-03-13 10:58:07.618,22926
1488,5,2016-03-13 10:58:08.648,22926
1489,5,2016-03-13 10:58:09.619,22926
1490,5,2016-03-13 10:58:10.654,22926
1491,5,2016-03-13 10:58:11.643,22926
1492,5,2016-03-13 10:58:12.645,22926
1493,5,2016-03-13 10:58:13.669,22926
1494,5,2016-03-13 10:58:14.666,22926
1495,5,2016-03-13 10:58:15.715,22926
1496,5,2016-03-13 10:58:16.695,22926
1497,5,2016-03-13 10:58:17.695,22926
1498,5,2016-03-13 10:58:18.731,22926
1499,5,2016-03-13 10:58:19.720,22926
1500,5,2016-03-13 10:58:20.777,22926
1501,5,2016-03-13 10:58:21.754,22926
1502,5,2016-03-13 10:58:22.753,22926
1503,5,2016-03-13 10:58:23.782,22926
1504,5,2016-03-13 10:58:24.754,22926
1505,5,2016-03-13 10:58:25.772,22926
1506,5,2016-03-13 10:58:26.795,22926
1507,5,2016-03-13 10:58:27.790,22926
1508,5,2016-03-13 10:58:28.823,22926
1509,5,2016-03-13 10:58:29.813,22926
1510,5,2016-03-13 10:58:30.866,22926
1511,5,2016-03-13 10:58:31.811,22926
1512,5,2016-03-13 10:58:33.066,22926
1513,5,2016-03-13 10:58:33.856,22926
1514,5,2016-03-13 10:58:34.859,22926
1515,5,2016-03-13 10:58:35.841,22926
1516,5,2016-03-13 10:58:36.846,22926
1517,5,2016-03-13 10:58:37.866,22926
1518,5,2016-03-13 10:58:38.859,22926
1519,5,2016-03-13 10:58:39.868,22926
1520,5,2016-03-13 10:58:40.897,22926
1521,5,2016-03-13 10:58:41.891,22926
1522,5,2016-03-13 10:58:42.900,22926
1523,5,2016-03-13 10:58:43.917,22926
1524,5,2016-03-13 10:58:44.920,22926
1525,5,2016-03-13 10:58:45.924,22926
1526,5,2016-03-13 10:58:46.949,22926
1527,5,2016-03-13 10:58:47.954,22926
1528,5,2016-03-13 10:58:48.951,22926
1529,5,2016-03-13 10:58:49.973,22926
1530,5,2016-03-13 10:58:50.981,22926
1531,5,2016-03-13 10:58:51.971,22926
1532,5,2016-03-13 10:58:52.971,22926
1533,5,2016-03-13 10:58:53.998,22926
1534,5,2016-03-13 10:58:55.009,22926
1535,5,2016-03-13 10:58:55.999,22926
1536,5,2016-03-13 10:58:57.022,22926
1537,5,2016-03-13 10:58:58.032,22926
1538,5,2016-03-13 10:58:59.039,22926
1539,5,2016-03-13 10:59:00.039,22926
1540,5,2016-03-13 10:59:01.039,22926
1541,5,2016-03-13 10:59:02.064,22926
1542,5,2016-03-13 10:59:03.039,22926
1543,5,2016-03-13 10:59:04.104,22926
1544,5,2016-03-13 10:59:05.085,22926
1545,5,2016-03-13 10:59:06.107,22926
1546,5,2016-03-13 10:59:07.098,22926
1547,5,2016-03-13 10:59:08.104,22926
1548,5,2016-03-13 10:59:09.124,22926
1549,5,2016-03-13 10:59:10.136,22926
1550,5,2016-03-13 10:59:11.145,22926
1551,5,2016-03-13 10:59:12.136,22926
1552,5,2016-03-13 10:59:13.147,22926
1553,5,2016-03-13 10:59:14.154,22926
1554,5,2016-03-13 10:59:15.147,22926
1555,5,2016-03-13 10:59:16.172,22926
1556,5,2016-03-13 10:59:17.172,22926
1557,5,2016-03-13 10:59:18.172,22926
1558,5,2016-03-13 10:59:19.198,22926
1559,5,2016-03-13 10:59:20.207,22926
1560,5,2016-03-13 10:59:21.223,22926
1561,5,2016-03-13 10:59:22.222,22926
1562,5,2016-03-13 10:59:23.230,22926
1563,5,2016-03-13 10:59:24.254,22926
1564,5,2016-03-13 10:59:25.254,22926
1565,5,2016-03-13 10:59:26.244,22926
1566,5,2016-03-13 10:59:27.272,22926
1567,5,2016-03-13 10:59:28.271,22926
1568,5,2016-03-13 10:59:29.303,22926
1569,5,2016-03-13 10:59:30.279,22926
1570,5,2016-03-13 10:59:31.304,22926
1571,5,2016-03-13 10:59:32.305,22926
1572,5,2016-03-13 10:59:33.322,22926
1573,5,2016-03-13 10:59:34.322,22926
1574,5,2016-03-13 10:59:35.326,22926
1575,5,2016-03-13 10:59:36.340,22926
1576,5,2016-03-13 10:59:37.369,22926
1577,5,2016-03-13 10:59:38.344,22926
1578,5,2016-03-13 10:59:39.348,22926
1579,5,2016-03-13 10:59:40.398,22926
1580,5,2016-03-13 10:59:41.406,22926
1581,5,2016-03-13 10:59:42.407,22926
1582,5,2016-03-13 10:59:43.391,22926
1583,5,2016-03-13 10:59:44.378,22926
1584,5,2016-03-13 10:59:45.393,22926
1585,5,2016-03-13 10:59:46.420,22926
1586,5,2016-03-13 10:59:47.438,22926
1587,5,2016-03-13 10:59:48.416,22926
1588,5,2016-03-13 10:59:49.445,22926
1589,5,2016-03-13 10:59:50.455,22926
1590,5,2016-03-13 10:59:51.444,22926
1591,5,2016-03-13 10:59:52.463,22926
1592,5,2016-03-13 10:59:53.859,22926
1593,5,2016-03-13 10:59:54.498,22926
1594,5,2016-03-13 10:59:55.504,22926
1595,5,2016-03-13 10:59:56.510,22926
1596,5,2016-03-13 10:59:57.515,22926
1597,5,2016-03-13 10:59:58.491,22926
1598,5,2016-03-13 10:59:59.518,22926
1599,5,2016-03-13 11:00:00.820,22926
1600,5,2016-03-13 11:00:01.514,22926
1601,5,2016-03-13 11:00:02.540,22926
1602,5,2016-03-13 11:00:03.539,22926
1603,5,2016-03-13 11:00:04.928,22926
1604,5,2016-03-13 11:00:05.572,22926
1605,5,2016-03-13 11:00:06.569,22926
1606,5,2016-03-13 11:00:07.591,22926
1607,5,2016-03-13 11:00:08.571,22926
1608,5,2016-03-13 11:00:09.591,22926
1609,5,2016-03-13 11:00:10.592,22926
1610,5,2016-03-13 11:00:11.877,22926
1611,5,2016-03-13 11:00:12.629,22926
1612,5,2016-03-13 11:00:13.616,22926
1613,5,2016-03-13 11:00:14.643,22926
1614,5,2016-03-13 11:00:15.647,22926
1615,5,2016-03-13 11:00:16.646,22926
1616,5,2016-03-13 11:00:17.672,22926
1617,5,2016-03-13 11:00:18.671,22926
1618,5,2016-03-13 11:00:19.913,22926
1619,5,2016-03-13 11:00:20.723,22926
1620,5,2016-03-13 11:00:21.698,22926
1621,5,2016-03-13 11:00:22.724,22926
1622,5,2016-03-13 11:00:23.697,22926
1623,5,2016-03-13 11:00:24.722,22926
1624,5,2016-03-13 11:00:25.814,22926
1625,5,2016-03-13 11:00:26.753,22926
1626,5,2016-03-13 11:00:27.747,22926
1627,5,2016-03-13 11:00:28.749,22926
1628,5,2016-03-13 11:00:29.779,22926
1629,5,2016-03-13 11:00:30.783,22926
1630,5,2016-03-13 11:00:31.779,22926
1631,5,2016-03-13 11:00:32.804,22926
1632,5,2016-03-13 11:00:33.826,22926
1633,5,2016-03-13 11:00:34.801,22926
1634,5,2016-03-13 11:00:35.796,22926
1635,5,2016-03-13 11:00:36.820,22926
1636,5,2016-03-13 11:00:37.821,22926
1637,5,2016-03-13 11:00:38.822,22926
1638,5,2016-03-13 11:00:39.839,22926
1639,5,2016-03-13 11:00:40.846,22926
1640,5,2016-03-13 11:00:41.891,22926
1641,5,2016-03-13 11:00:42.893,22926
1642,5,2016-03-13 11:00:43.882,22926
1643,5,2016-03-13 11:00:44.877,22926
1644,5,2016-03-13 11:00:45.893,22926
1645,5,2016-03-13 11:00:46.892,22926
1646,5,2016-03-13 11:00:47.922,22926
1647,5,2016-03-13 11:00:48.908,22926
1648,5,2016-03-13 11:00:49.916,22926
1649,5,2016-03-13 11:00:50.920,22926
1650,5,2016-03-13 11:00:51.917,22926
1651,5,2016-03-13 11:00:52.944,22926
1652,5,2016-03-13 11:00:53.946,22926
1653,5,2016-03-13 11:00:54.971,22926
1654,5,2016-03-13 11:00:55.964,22926
1655,5,2016-03-13 11:00:56.970,22926
1656,5,2016-03-13 11:00:57.998,22926
1657,5,2016-03-13 11:00:58.973,22926
1658,5,2016-03-13 11:01:00.035,22926
1659,5,2016-03-13 11:01:01.022,22926
1660,5,2016-03-13 11:01:02.022,22926
1661,5,2016-03-13 11:01:03.029,22926
1662,5,2016-03-13 11:01:04.031,22926
1663,5,2016-03-13 11:01:05.053,22926
1664,5,2016-03-13 11:01:06.053,22926
1665,5,2016-03-13 11:01:07.311,22926
1666,5,2016-03-13 11:01:08.083,22926
1667,5,2016-03-13 11:01:09.077,22926
1668,5,2016-03-13 11:01:10.083,22926
1669,5,2016-03-13 11:01:11.097,22926
1670,5,2016-03-13 11:01:12.123,22926
1671,5,2016-03-13 11:01:13.098,22926
1672,5,2016-03-13 11:01:14.094,22926
1673,5,2016-03-13 11:01:15.348,22926
1674,5,2016-03-13 11:01:16.122,22926
1675,5,2016-03-13 11:01:17.124,22926
1676,5,2016-03-13 11:01:18.158,22926
1677,5,2016-03-13 11:01:19.164,22926
1678,5,2016-03-13 11:01:20.161,22926
1679,5,2016-03-13 11:01:21.167,22926
1680,5,2016-03-13 11:01:22.329,22926
1681,5,2016-03-13 11:01:23.167,22926
1682,5,2016-03-13 11:01:24.565,22926
1683,5,2016-03-13 11:01:25.197,22926
1684,5,2016-03-13 11:01:26.216,22926
1685,5,2016-03-13 11:01:27.204,22926
1686,5,2016-03-13 11:01:28.222,22926
1687,5,2016-03-13 11:01:29.230,22926
1688,5,2016-03-13 11:01:30.333,22926
1689,5,2016-03-13 11:01:31.254,22926
1690,5,2016-03-13 11:01:32.252,22926
1691,5,2016-03-13 11:01:33.627,22926
1692,5,2016-03-13 11:01:34.279,22926
1693,5,2016-03-13 11:01:35.274,22926
1694,5,2016-03-13 11:01:36.305,22926
1695,5,2016-03-13 11:01:37.297,22926
1696,5,2016-03-13 11:01:38.299,22926
1697,5,2016-03-13 11:01:39.357,22926
1698,5,2016-03-13 11:01:40.329,22926
1699,5,2016-03-13 11:01:41.321,22926
1700,5,2016-03-13 11:01:42.331,22926
1701,5,2016-03-13 11:01:43.347,22926
1702,5,2016-03-13 11:01:44.348,22926
1703,5,2016-03-13 11:01:45.348,22926
1704,5,2016-03-13 11:01:46.364,22926
1705,5,2016-03-13 11:01:47.372,22926
1706,5,2016-03-13 11:01:48.473,22926
1707,5,2016-03-13 11:01:49.422,22926
1708,5,2016-03-13 11:01:50.410,22926
1709,5,2016-03-13 11:01:51.407,22926
1710,5,2016-03-13 11:01:52.408,22926
1711,5,2016-03-13 11:01:53.418,22926
1712,5,2016-03-13 11:01:54.415,22926
1713,5,2016-03-13 11:01:55.838,22926
1714,5,2016-03-13 11:01:56.443,22926
1715,5,2016-03-13 11:01:57.439,22926
1716,5,2016-03-13 11:01:58.441,22926
1717,5,2016-03-13 11:01:59.478,22926
1718,5,2016-03-13 11:02:00.470,22926
1719,5,2016-03-13 11:02:01.484,22926
1720,5,2016-03-13 11:02:02.514,22926
1721,5,2016-03-13 11:02:03.527,22926
1722,5,2016-03-13 11:02:04.514,22926
1723,5,2016-03-13 11:02:05.516,22926
1724,5,2016-03-13 11:02:06.817,22926
1725,5,2016-03-13 11:02:07.517,22926
1726,5,2016-03-13 11:02:08.540,22926
1727,5,2016-03-13 11:02:09.544,22926
1728,5,2016-03-13 11:02:10.543,22926
1729,5,2016-03-13 11:02:11.566,22926
1730,5,2016-03-13 11:02:12.565,22926
1731,5,2016-03-13 11:02:13.566,22926
1732,5,2016-03-13 11:02:14.593,22926
1733,5,2016-03-13 11:02:15.592,22926
1734,5,2016-03-13 11:02:16.615,22926
1735,5,2016-03-13 11:02:17.615,22926
1736,5,2016-03-13 11:02:18.616,22926
1737,5,2016-03-13 11:02:19.640,22926
1738,5,2016-03-13 11:02:20.617,22926
1739,5,2016-03-13 11:02:21.866,22926
1740,5,2016-03-13 11:02:22.641,22926
1741,5,2016-03-13 11:02:23.932,22926
1742,5,2016-03-13 11:02:24.674,22926
1743,5,2016-03-13 11:02:25.668,22926
1744,5,2016-03-13 11:02:26.693,22926
1745,5,2016-03-13 11:02:27.695,22926
1746,5,2016-03-13 11:02:28.711,22926
1747,5,2016-03-13 11:02:29.726,22926
1748,5,2016-03-13 11:02:30.857,22926
1749,5,2016-03-13 11:02:31.754,22926
1750,5,2016-03-13 11:02:32.721,22926
1751,5,2016-03-13 11:02:33.745,22926
1752,5,2016-03-13 11:02:34.745,22926
1753,5,2016-03-13 11:02:35.747,22926
1754,5,2016-03-13 11:02:36.771,22926
1755,5,2016-03-13 11:02:37.772,22926
1756,5,2016-03-13 11:02:38.857,22926
1757,5,2016-03-13 11:02:39.796,22926
1758,5,2016-03-13 11:02:40.797,22926
1759,5,2016-03-13 11:02:41.838,22926
1760,5,2016-03-13 11:02:42.821,22926
1761,5,2016-03-13 11:02:43.819,22926
1762,5,2016-03-13 11:02:44.843,22926
1763,5,2016-03-13 11:02:45.840,22926
1764,5,2016-03-13 11:02:46.964,22926
1765,5,2016-03-13 11:02:47.844,22926
1766,5,2016-03-13 11:02:49.251,22926
1767,5,2016-03-13 11:02:49.868,22926
1768,5,2016-03-13 11:02:50.870,22926
1769,5,2016-03-13 11:02:51.897,22926
1770,5,2016-03-13 11:02:52.918,22926
1771,5,2016-03-13 11:02:53.915,22926
1772,5,2016-03-13 11:02:54.920,22926
1773,5,2016-03-13 11:02:55.918,22926
1774,5,2016-03-13 11:02:56.921,22926
1775,5,2016-03-13 11:02:57.942,22926
1776,5,2016-03-13 11:02:58.946,22926
1777,5,2016-03-13 11:02:59.966,22926
1778,5,2016-03-13 11:03:00.971,22926
1779,5,2016-03-13 11:03:02.004,22926
1780,5,2016-03-13 11:03:02.972,22926
1781,5,2016-03-13 11:03:03.992,22926
1782,5,2016-03-13 11:03:05.003,22926
1783,5,2016-03-13 11:03:06.081,22926
1784,5,2016-03-13 11:03:07.029,22926
1785,5,2016-03-13 11:03:08.022,22926
1786,5,2016-03-13 11:03:09.017,22926
1787,5,2016-03-13 11:03:10.047,22926
1788,5,2016-03-13 11:03:11.041,22926
1789,5,2016-03-13 11:03:12.046,22926
1790,5,2016-03-13 11:03:13.039,22926
1791,5,2016-03-13 11:03:14.065,22926
1792,5,2016-03-13 11:03:15.063,22926
