_id,sensor_id,date,pressure
1,7,2016-03-13 10:33:09.605,988.457763671875
2,7,2016-03-13 10:33:10.605,988.466796875
3,7,2016-03-13 10:33:11.606,988.451904296875
4,7,2016-03-13 10:33:12.604,988.51171875
5,7,2016-03-13 10:33:13.605,988.532958984375
6,7,2016-03-13 10:33:14.605,988.55078125
7,7,2016-03-13 10:33:15.605,988.485595703125
8,7,2016-03-13 10:33:16.605,988.577880859375
9,7,2016-03-13 10:33:17.611,988.5810546875
10,7,2016-03-13 10:33:18.606,988.56884765625
11,7,2016-03-13 10:33:19.605,988.60107421875
12,7,2016-03-13 10:33:20.616,988.50244140625
13,7,2016-03-13 10:33:21.615,988.59130859375
14,7,2016-03-13 10:33:22.604,988.5693359375
15,7,2016-03-13 10:33:23.595,988.591064453125
16,7,2016-03-13 10:33:24.600,988.580322265625
17,7,2016-03-13 10:33:25.605,988.562744140625
18,7,2016-03-13 10:33:26.605,988.607177734375
19,7,2016-03-13 10:33:27.605,988.5869140625
20,7,2016-03-13 10:33:28.606,988.599365234375
21,7,2016-03-13 10:33:29.605,988.62060546875
22,7,2016-03-13 10:33:30.614,988.633544921875
23,7,2016-03-13 10:33:31.608,988.577880859375
24,7,2016-03-13 10:33:32.607,988.59130859375
25,7,2016-03-13 10:33:33.628,988.5966796875
26,7,2016-03-13 10:33:34.612,988.617919921875
27,7,2016-03-13 10:33:35.615,988.601806640625
28,7,2016-03-13 10:33:36.611,988.566162109375
29,7,2016-03-13 10:33:37.611,988.5986328125
30,7,2016-03-13 10:33:38.611,988.55615234375
31,7,2016-03-13 10:33:39.605,988.54541015625
32,7,2016-03-13 10:33:40.615,988.457763671875
33,7,2016-03-13 10:33:41.615,988.5078125
34,7,2016-03-13 10:33:42.605,988.583984375
35,7,2016-03-13 10:33:43.613,988.590087890625
36,7,2016-03-13 10:33:44.612,988.6123046875
37,7,2016-03-13 10:33:45.605,988.614013671875
38,7,2016-03-13 10:33:46.611,988.537109375
39,7,2016-03-13 10:33:47.611,988.609375
40,7,2016-03-13 10:33:48.605,988.541015625
41,7,2016-03-13 10:33:49.611,988.53564453125
42,7,2016-03-13 10:33:50.611,988.546630859375
43,7,2016-03-13 10:33:51.611,988.532470703125
44,7,2016-03-13 10:33:52.606,988.55029296875
45,7,2016-03-13 10:33:53.611,988.523193359375
46,7,2016-03-13 10:33:54.612,988.55859375
47,7,2016-03-13 10:33:55.605,988.48583984375
48,7,2016-03-13 10:33:56.609,988.503662109375
49,7,2016-03-13 10:33:57.612,988.500244140625
50,7,2016-03-13 10:33:58.609,988.49755859375
51,7,2016-03-13 10:33:59.612,988.563232421875
52,7,2016-03-13 10:34:00.606,988.5078125
53,7,2016-03-13 10:34:01.610,988.625
54,7,2016-03-13 10:34:02.605,988.461181640625
55,7,2016-03-13 10:34:03.613,988.50830078125
56,7,2016-03-13 10:34:04.615,988.480712890625
57,7,2016-03-13 10:34:05.621,988.544921875
58,7,2016-03-13 10:34:06.610,988.420654296875
59,7,2016-03-13 10:34:07.615,988.5283203125
60,7,2016-03-13 10:34:08.613,988.484130859375
61,7,2016-03-13 10:34:09.618,988.502197265625
62,7,2016-03-13 10:34:10.616,988.46630859375
63,7,2016-03-13 10:34:11.605,988.511962890625
64,7,2016-03-13 10:34:12.606,988.5048828125
65,7,2016-03-13 10:34:13.612,988.431396484375
66,7,2016-03-13 10:34:14.605,988.490234375
67,7,2016-03-13 10:34:15.604,988.49560546875
68,7,2016-03-13 10:34:16.605,988.53271484375
69,7,2016-03-13 10:34:17.605,988.513427734375
70,7,2016-03-13 10:34:18.605,988.537353515625
71,7,2016-03-13 10:34:19.606,988.516357421875
72,7,2016-03-13 10:34:20.605,988.520751953125
73,7,2016-03-13 10:34:21.612,988.46875
74,7,2016-03-13 10:34:22.606,988.455078125
75,7,2016-03-13 10:34:23.619,988.474609375
76,7,2016-03-13 10:34:24.613,988.464599609375
77,7,2016-03-13 10:34:25.605,988.48486328125
78,7,2016-03-13 10:34:26.613,988.45166015625
79,7,2016-03-13 10:34:27.610,988.480224609375
80,7,2016-03-13 10:34:28.615,988.49560546875
81,7,2016-03-13 10:34:29.604,988.419677734375
82,7,2016-03-13 10:34:30.611,988.512451171875
83,7,2016-03-13 10:34:31.604,988.417724609375
84,7,2016-03-13 10:34:32.605,988.43701171875
85,7,2016-03-13 10:34:33.604,988.475341796875
86,7,2016-03-13 10:34:34.614,988.4833984375
87,7,2016-03-13 10:34:35.606,988.477783203125
88,7,2016-03-13 10:34:36.604,988.479248046875
89,7,2016-03-13 10:34:37.634,988.509521484375
90,7,2016-03-13 10:34:38.610,988.481689453125
91,7,2016-03-13 10:34:39.604,988.461181640625
92,7,2016-03-13 10:34:40.611,988.476318359375
93,7,2016-03-13 10:34:41.613,988.493408203125
94,7,2016-03-13 10:34:42.604,988.50634765625
95,7,2016-03-13 10:34:43.609,988.47900390625
96,7,2016-03-13 10:34:44.605,988.54150390625
97,7,2016-03-13 10:34:45.605,988.53076171875
98,7,2016-03-13 10:34:46.611,988.47119140625
99,7,2016-03-13 10:34:47.614,988.39453125
100,7,2016-03-13 10:34:48.610,988.49462890625
101,7,2016-03-13 10:34:49.604,988.508544921875
102,7,2016-03-13 10:34:50.614,988.517333984375
103,7,2016-03-13 10:34:51.626,988.539794921875
104,7,2016-03-13 10:34:52.626,988.5341796875
105,7,2016-03-13 10:34:53.610,988.537109375
106,7,2016-03-13 10:34:54.610,988.452880859375
107,7,2016-03-13 10:34:55.604,988.521728515625
108,7,2016-03-13 10:34:56.609,988.5576171875
109,7,2016-03-13 10:34:57.610,988.5087890625
110,7,2016-03-13 10:34:58.610,988.4736328125
111,7,2016-03-13 10:34:59.609,988.489990234375
112,7,2016-03-13 10:35:00.609,988.48046875
113,7,2016-03-13 10:35:01.612,988.473388671875
114,7,2016-03-13 10:35:02.604,988.434326171875
115,7,2016-03-13 10:35:03.610,988.544677734375
116,7,2016-03-13 10:35:04.612,988.498046875
117,7,2016-03-13 10:35:05.605,988.462646484375
118,7,2016-03-13 10:35:06.614,988.4970703125
119,7,2016-03-13 10:35:07.621,988.492431640625
120,7,2016-03-13 10:35:08.637,988.566162109375
121,7,2016-03-13 10:35:09.626,988.501220703125
122,7,2016-03-13 10:35:10.621,988.4765625
123,7,2016-03-13 10:35:11.615,988.518798828125
124,7,2016-03-13 10:35:12.617,988.536865234375
125,7,2016-03-13 10:35:13.609,988.490966796875
126,7,2016-03-13 10:35:14.613,988.50634765625
127,7,2016-03-13 10:35:15.612,988.539794921875
128,7,2016-03-13 10:35:16.610,988.50830078125
129,7,2016-03-13 10:35:17.609,988.42529296875
130,7,2016-03-13 10:35:18.640,988.49609375
131,7,2016-03-13 10:35:19.611,988.48779296875
132,7,2016-03-13 10:35:20.609,988.498046875
133,7,2016-03-13 10:35:21.641,988.4609375
134,7,2016-03-13 10:35:22.630,988.434814453125
135,7,2016-03-13 10:35:23.638,988.438232421875
136,7,2016-03-13 10:35:24.630,988.512939453125
137,7,2016-03-13 10:35:25.610,988.44873046875
138,7,2016-03-13 10:35:26.630,988.477294921875
139,7,2016-03-13 10:35:27.613,988.4404296875
140,7,2016-03-13 10:35:28.614,988.460693359375
141,7,2016-03-13 10:35:29.630,988.42138671875
142,7,2016-03-13 10:35:30.609,988.449462890625
143,7,2016-03-13 10:35:31.611,988.4443359375
144,7,2016-03-13 10:35:32.611,988.478515625
145,7,2016-03-13 10:35:33.608,988.4453125
146,7,2016-03-13 10:35:34.609,988.40234375
147,7,2016-03-13 10:35:35.629,988.463623046875
148,7,2016-03-13 10:35:36.610,988.42138671875
149,7,2016-03-13 10:35:37.630,988.48828125
150,7,2016-03-13 10:35:38.642,988.49169921875
151,7,2016-03-13 10:35:39.636,988.525390625
152,7,2016-03-13 10:35:40.630,988.449462890625
153,7,2016-03-13 10:35:41.626,988.486572265625
154,7,2016-03-13 10:35:42.609,988.429443359375
155,7,2016-03-13 10:35:43.608,988.437744140625
156,7,2016-03-13 10:35:44.635,988.4521484375
157,7,2016-03-13 10:35:45.630,988.441162109375
158,7,2016-03-13 10:35:46.630,988.414306640625
159,7,2016-03-13 10:35:47.635,988.470458984375
160,7,2016-03-13 10:35:48.630,988.499755859375
161,7,2016-03-13 10:35:49.629,988.53515625
162,7,2016-03-13 10:35:50.636,988.522705078125
163,7,2016-03-13 10:35:51.646,988.35498046875
164,7,2016-03-13 10:35:52.666,988.455322265625
165,7,2016-03-13 10:35:53.629,988.430419921875
166,7,2016-03-13 10:35:54.629,988.433349609375
167,7,2016-03-13 10:35:55.632,988.428955078125
168,7,2016-03-13 10:35:56.638,988.427490234375
169,7,2016-03-13 10:35:57.629,988.523193359375
170,7,2016-03-13 10:35:58.629,988.47265625
171,7,2016-03-13 10:35:59.637,988.45947265625
172,7,2016-03-13 10:36:00.630,988.55078125
173,7,2016-03-13 10:36:01.615,988.455810546875
174,7,2016-03-13 10:36:02.636,988.494384765625
175,7,2016-03-13 10:36:03.629,988.447509765625
176,7,2016-03-13 10:36:04.630,988.459716796875
177,7,2016-03-13 10:36:05.615,988.502685546875
178,7,2016-03-13 10:36:06.629,988.541015625
179,7,2016-03-13 10:36:07.629,988.42919921875
180,7,2016-03-13 10:36:08.619,988.437255859375
181,7,2016-03-13 10:36:09.634,988.44580078125
182,7,2016-03-13 10:36:10.613,988.469482421875
183,7,2016-03-13 10:36:11.629,988.47802734375
184,7,2016-03-13 10:36:12.629,988.4951171875
185,7,2016-03-13 10:36:13.625,988.47412109375
186,7,2016-03-13 10:36:14.631,988.35546875
187,7,2016-03-13 10:36:15.635,988.408935546875
188,7,2016-03-13 10:36:16.629,988.50927734375
189,7,2016-03-13 10:36:17.637,988.447021484375
190,7,2016-03-13 10:36:18.629,988.492919921875
191,7,2016-03-13 10:36:19.629,988.47412109375
192,7,2016-03-13 10:36:20.629,988.52001953125
193,7,2016-03-13 10:36:21.630,988.458740234375
194,7,2016-03-13 10:36:22.636,988.435791015625
195,7,2016-03-13 10:36:23.632,988.4267578125
196,7,2016-03-13 10:36:24.629,988.501220703125
197,7,2016-03-13 10:36:25.635,988.503173828125
198,7,2016-03-13 10:36:26.635,988.433837890625
199,7,2016-03-13 10:36:27.629,988.468505859375
200,7,2016-03-13 10:36:28.629,988.495361328125
201,7,2016-03-13 10:36:29.635,988.499267578125
202,7,2016-03-13 10:36:30.636,988.428955078125
203,7,2016-03-13 10:36:31.629,988.439208984375
204,7,2016-03-13 10:36:32.629,988.48193359375
205,7,2016-03-13 10:36:33.631,988.46533203125
206,7,2016-03-13 10:36:34.629,988.4755859375
207,7,2016-03-13 10:36:35.629,988.45703125
208,7,2016-03-13 10:36:36.631,988.464111328125
209,7,2016-03-13 10:36:37.629,988.451171875
210,7,2016-03-13 10:36:38.629,988.48779296875
211,7,2016-03-13 10:36:39.637,988.53515625
212,7,2016-03-13 10:36:40.615,988.46435546875
213,7,2016-03-13 10:36:41.636,988.50390625
214,7,2016-03-13 10:36:42.624,988.49169921875
215,7,2016-03-13 10:36:43.631,988.472900390625
216,7,2016-03-13 10:36:44.642,988.413818359375
217,7,2016-03-13 10:36:45.621,988.46240234375
218,7,2016-03-13 10:36:46.630,988.529541015625
219,7,2016-03-13 10:36:47.629,988.4375
220,7,2016-03-13 10:36:48.629,988.44775390625
221,7,2016-03-13 10:36:49.629,988.450927734375
222,7,2016-03-13 10:36:50.629,988.43310546875
223,7,2016-03-13 10:36:51.639,988.50048828125
224,7,2016-03-13 10:36:52.630,988.43310546875
225,7,2016-03-13 10:36:53.639,988.431640625
226,7,2016-03-13 10:36:54.631,988.450439453125
227,7,2016-03-13 10:36:55.629,988.42529296875
228,7,2016-03-13 10:36:56.630,988.456298828125
229,7,2016-03-13 10:36:57.629,988.446533203125
230,7,2016-03-13 10:36:58.631,988.385009765625
231,7,2016-03-13 10:36:59.630,988.41064453125
232,7,2016-03-13 10:37:00.639,988.449951171875
233,7,2016-03-13 10:37:01.629,988.47216796875
234,7,2016-03-13 10:37:02.629,988.447509765625
235,7,2016-03-13 10:37:03.629,988.45458984375
236,7,2016-03-13 10:37:04.628,988.4375
237,7,2016-03-13 10:37:05.630,988.46484375
238,7,2016-03-13 10:37:06.632,988.4189453125
239,7,2016-03-13 10:37:07.629,988.428466796875
240,7,2016-03-13 10:37:08.631,988.405517578125
241,7,2016-03-13 10:37:09.639,988.389404296875
242,7,2016-03-13 10:37:10.630,988.415283203125
243,7,2016-03-13 10:37:11.629,988.470947265625
244,7,2016-03-13 10:37:12.632,988.470947265625
245,7,2016-03-13 10:37:13.629,988.453125
246,7,2016-03-13 10:37:14.629,988.459716796875
247,7,2016-03-13 10:37:15.629,988.454833984375
248,7,2016-03-13 10:37:16.639,988.4228515625
249,7,2016-03-13 10:37:17.621,988.450927734375
250,7,2016-03-13 10:37:18.629,988.44873046875
251,7,2016-03-13 10:37:19.631,988.520263671875
252,7,2016-03-13 10:37:20.633,988.423095703125
253,7,2016-03-13 10:37:21.630,988.46240234375
254,7,2016-03-13 10:37:22.629,988.4150390625
255,7,2016-03-13 10:37:23.629,988.41796875
256,7,2016-03-13 10:37:24.629,988.47412109375
257,7,2016-03-13 10:37:25.639,988.414794921875
258,7,2016-03-13 10:37:26.629,988.506103515625
259,7,2016-03-13 10:37:27.629,988.42236328125
260,7,2016-03-13 10:37:28.634,988.427490234375
261,7,2016-03-13 10:37:29.636,988.40869140625
262,7,2016-03-13 10:37:30.637,988.443359375
263,7,2016-03-13 10:37:31.637,988.455078125
264,7,2016-03-13 10:37:32.642,988.426025390625
265,7,2016-03-13 10:37:33.642,988.440673828125
266,7,2016-03-13 10:37:34.637,988.428466796875
267,7,2016-03-13 10:37:35.643,988.425537109375
268,7,2016-03-13 10:37:36.640,988.46533203125
269,7,2016-03-13 10:37:37.645,988.453857421875
270,7,2016-03-13 10:37:38.638,988.4365234375
271,7,2016-03-13 10:37:39.643,988.399169921875
272,7,2016-03-13 10:37:40.653,988.36474609375
273,7,2016-03-13 10:37:41.646,988.41748046875
274,7,2016-03-13 10:37:42.637,988.468994140625
275,7,2016-03-13 10:37:43.638,988.4755859375
276,7,2016-03-13 10:37:44.637,988.47314453125
277,7,2016-03-13 10:37:45.637,988.483154296875
278,7,2016-03-13 10:37:46.638,988.49853515625
279,7,2016-03-13 10:37:47.637,988.428466796875
280,7,2016-03-13 10:37:48.670,988.43994140625
281,7,2016-03-13 10:37:49.637,988.420654296875
282,7,2016-03-13 10:37:50.640,988.454833984375
283,7,2016-03-13 10:37:51.637,988.408203125
284,7,2016-03-13 10:37:52.636,988.4423828125
285,7,2016-03-13 10:37:53.645,988.4619140625
286,7,2016-03-13 10:37:54.640,988.417236328125
287,7,2016-03-13 10:37:55.637,988.45263671875
288,7,2016-03-13 10:37:56.638,988.437744140625
289,7,2016-03-13 10:37:57.636,988.34326171875
290,7,2016-03-13 10:37:58.637,988.432861328125
291,7,2016-03-13 10:37:59.636,988.412353515625
292,7,2016-03-13 10:38:00.636,988.404541015625
293,7,2016-03-13 10:38:01.637,988.4638671875
294,7,2016-03-13 10:38:02.637,988.41455078125
295,7,2016-03-13 10:38:03.650,988.390380859375
296,7,2016-03-13 10:38:04.637,988.4072265625
297,7,2016-03-13 10:38:05.643,988.4296875
298,7,2016-03-13 10:38:06.638,988.466552734375
299,7,2016-03-13 10:38:07.642,988.3671875
300,7,2016-03-13 10:38:08.639,988.341064453125
301,7,2016-03-13 10:38:09.637,988.36181640625
302,7,2016-03-13 10:38:10.635,988.488037109375
303,7,2016-03-13 10:38:11.635,988.408935546875
304,7,2016-03-13 10:38:12.637,988.45166015625
305,7,2016-03-13 10:38:13.636,988.45751953125
306,7,2016-03-13 10:38:14.636,988.355712890625
307,7,2016-03-13 10:38:15.640,988.40771484375
308,7,2016-03-13 10:38:16.636,988.48046875
309,7,2016-03-13 10:38:17.636,988.426025390625
310,7,2016-03-13 10:38:18.637,988.404052734375
311,7,2016-03-13 10:38:19.646,988.3935546875
312,7,2016-03-13 10:38:20.644,988.47021484375
313,7,2016-03-13 10:38:21.648,988.4375
314,7,2016-03-13 10:38:22.636,988.42236328125
315,7,2016-03-13 10:38:23.636,988.4599609375
316,7,2016-03-13 10:38:24.634,988.46435546875
317,7,2016-03-13 10:38:25.630,988.40234375
318,7,2016-03-13 10:38:26.632,988.378173828125
319,7,2016-03-13 10:38:27.632,988.406005859375
320,7,2016-03-13 10:38:28.634,988.37841796875
321,7,2016-03-13 10:38:29.632,988.3828125
322,7,2016-03-13 10:38:30.633,988.426513671875
323,7,2016-03-13 10:38:31.632,988.44384765625
324,7,2016-03-13 10:38:32.639,988.401123046875
325,7,2016-03-13 10:38:33.634,988.4482421875
326,7,2016-03-13 10:38:35.109,988.313232421875
327,7,2016-03-13 10:38:35.915,988.439697265625
328,7,2016-03-13 10:38:36.920,988.409423828125
329,7,2016-03-13 10:38:37.913,988.428466796875
330,7,2016-03-13 10:38:38.943,988.425537109375
331,7,2016-03-13 10:38:39.950,988.481201171875
332,7,2016-03-13 10:38:41.146,988.3896484375
333,7,2016-03-13 10:38:42.131,988.430908203125
334,7,2016-03-13 10:38:43.115,988.427734375
335,7,2016-03-13 10:38:44.117,988.424560546875
336,7,2016-03-13 10:38:45.110,988.447021484375
337,7,2016-03-13 10:38:46.110,988.455078125
338,7,2016-03-13 10:38:47.118,988.4052734375
339,7,2016-03-13 10:38:48.111,988.485107421875
340,7,2016-03-13 10:38:49.109,988.38037109375
341,7,2016-03-13 10:38:50.287,988.389892578125
342,7,2016-03-13 10:38:51.111,988.39306640625
343,7,2016-03-13 10:38:52.108,988.417724609375
344,7,2016-03-13 10:38:53.117,988.4072265625
345,7,2016-03-13 10:38:54.108,988.369384765625
346,7,2016-03-13 10:38:55.109,988.3837890625
347,7,2016-03-13 10:38:56.116,988.371337890625
348,7,2016-03-13 10:38:57.243,988.35888671875
349,7,2016-03-13 10:38:58.259,988.43115234375
350,7,2016-03-13 10:38:59.295,988.429931640625
351,7,2016-03-13 10:39:00.248,988.442138671875
352,7,2016-03-13 10:39:01.256,988.42236328125
353,7,2016-03-13 10:39:02.313,988.4033203125
354,7,2016-03-13 10:39:03.249,988.423095703125
355,7,2016-03-13 10:39:04.251,988.407958984375
356,7,2016-03-13 10:39:05.317,988.370361328125
357,7,2016-03-13 10:39:06.249,988.400390625
358,7,2016-03-13 10:39:07.244,988.414794921875
359,7,2016-03-13 10:39:08.249,988.45947265625
360,7,2016-03-13 10:39:09.252,988.40576171875
361,7,2016-03-13 10:39:10.251,988.4462890625
362,7,2016-03-13 10:39:11.248,988.386474609375
363,7,2016-03-13 10:39:12.260,988.436279296875
364,7,2016-03-13 10:39:13.251,988.452880859375
365,7,2016-03-13 10:39:14.274,988.43115234375
366,7,2016-03-13 10:39:15.454,988.434814453125
367,7,2016-03-13 10:39:16.239,988.3896484375
368,7,2016-03-13 10:39:17.239,988.380859375
369,7,2016-03-13 10:39:18.240,988.369140625
370,7,2016-03-13 10:39:19.243,988.4091796875
371,7,2016-03-13 10:39:20.242,988.35205078125
372,7,2016-03-13 10:39:21.241,988.43505859375
373,7,2016-03-13 10:39:22.471,988.386474609375
374,7,2016-03-13 10:39:23.253,988.43115234375
375,7,2016-03-13 10:39:24.434,988.458251953125
376,7,2016-03-13 10:39:25.243,988.43408203125
377,7,2016-03-13 10:39:26.250,988.399658203125
378,7,2016-03-13 10:39:27.243,988.34912109375
379,7,2016-03-13 10:39:28.245,988.421630859375
380,7,2016-03-13 10:39:29.243,988.413330078125
381,7,2016-03-13 10:39:30.249,988.3544921875
382,7,2016-03-13 10:39:31.458,988.34326171875
383,7,2016-03-13 10:39:32.243,988.3515625
384,7,2016-03-13 10:39:33.598,988.341552734375
385,7,2016-03-13 10:39:34.249,988.387939453125
386,7,2016-03-13 10:39:35.243,988.421875
387,7,2016-03-13 10:39:36.246,988.37255859375
388,7,2016-03-13 10:39:37.408,988.361083984375
389,7,2016-03-13 10:39:38.251,988.375244140625
390,7,2016-03-13 10:39:39.453,988.482421875
391,7,2016-03-13 10:39:40.252,988.382568359375
392,7,2016-03-13 10:39:41.254,988.413330078125
393,7,2016-03-13 10:39:42.251,988.412353515625
394,7,2016-03-13 10:39:43.249,988.410888671875
395,7,2016-03-13 10:39:44.248,988.34326171875
396,7,2016-03-13 10:39:45.249,988.384765625
397,7,2016-03-13 10:39:46.486,988.388916015625
398,7,2016-03-13 10:39:47.249,988.39794921875
399,7,2016-03-13 10:39:48.524,988.371337890625
400,7,2016-03-13 10:39:49.255,988.402587890625
401,7,2016-03-13 10:39:50.259,988.35693359375
402,7,2016-03-13 10:39:51.271,988.32421875
403,7,2016-03-13 10:39:52.276,988.385986328125
404,7,2016-03-13 10:39:53.267,988.4296875
405,7,2016-03-13 10:39:54.267,988.42333984375
406,7,2016-03-13 10:39:55.453,988.39111328125
407,7,2016-03-13 10:39:56.273,988.403564453125
408,7,2016-03-13 10:39:57.266,988.41357421875
409,7,2016-03-13 10:39:58.268,988.37939453125
410,7,2016-03-13 10:39:59.267,988.3876953125
411,7,2016-03-13 10:40:00.267,988.419921875
412,7,2016-03-13 10:40:01.267,988.356201171875
413,7,2016-03-13 10:40:02.276,988.371337890625
414,7,2016-03-13 10:40:03.265,988.459228515625
415,7,2016-03-13 10:40:04.527,988.450927734375
416,7,2016-03-13 10:40:05.275,988.333251953125
417,7,2016-03-13 10:40:06.267,988.4111328125
418,7,2016-03-13 10:40:07.269,988.399658203125
419,7,2016-03-13 10:40:08.268,988.419189453125
420,7,2016-03-13 10:40:09.276,988.410400390625
421,7,2016-03-13 10:40:10.280,988.43701171875
422,7,2016-03-13 10:40:11.268,988.374267578125
423,7,2016-03-13 10:40:12.267,988.4072265625
424,7,2016-03-13 10:40:13.425,988.447509765625
425,7,2016-03-13 10:40:14.263,988.407958984375
426,7,2016-03-13 10:40:15.278,988.392578125
427,7,2016-03-13 10:40:16.270,988.369384765625
428,7,2016-03-13 10:40:17.268,988.366455078125
429,7,2016-03-13 10:40:18.268,988.3583984375
430,7,2016-03-13 10:40:19.267,988.35546875
431,7,2016-03-13 10:40:20.468,988.361572265625
432,7,2016-03-13 10:40:21.274,988.453125
433,7,2016-03-13 10:40:22.270,988.416259765625
434,7,2016-03-13 10:40:23.263,988.340576171875
435,7,2016-03-13 10:40:24.266,988.36865234375
436,7,2016-03-13 10:40:25.264,988.359375
437,7,2016-03-13 10:40:26.268,988.348876953125
438,7,2016-03-13 10:40:27.268,988.4033203125
439,7,2016-03-13 10:40:28.503,988.425537109375
440,7,2016-03-13 10:40:29.267,988.3642578125
441,7,2016-03-13 10:40:30.266,988.333740234375
442,7,2016-03-13 10:40:31.269,988.374267578125
443,7,2016-03-13 10:40:32.267,988.447265625
444,7,2016-03-13 10:40:33.415,988.375732421875
445,7,2016-03-13 10:40:34.272,988.348388671875
446,7,2016-03-13 10:40:35.260,988.356201171875
447,7,2016-03-13 10:40:36.261,988.378662109375
448,7,2016-03-13 10:40:37.261,988.369384765625
449,7,2016-03-13 10:40:38.261,988.34375
450,7,2016-03-13 10:40:39.261,988.3525390625
451,7,2016-03-13 10:40:40.375,988.353271484375
452,7,2016-03-13 10:40:41.260,988.33642578125
453,7,2016-03-13 10:40:42.262,988.379638671875
454,7,2016-03-13 10:40:43.270,988.345703125
455,7,2016-03-13 10:40:44.263,988.333984375
456,7,2016-03-13 10:40:45.271,988.3876953125
457,7,2016-03-13 10:40:46.259,988.307373046875
458,7,2016-03-13 10:40:47.263,988.302490234375
459,7,2016-03-13 10:40:48.338,988.4208984375
460,7,2016-03-13 10:40:49.291,988.388671875
461,7,2016-03-13 10:40:50.302,988.40771484375
462,7,2016-03-13 10:40:51.293,988.363525390625
463,7,2016-03-13 10:40:52.267,988.465087890625
464,7,2016-03-13 10:40:53.274,988.352294921875
465,7,2016-03-13 10:40:54.268,988.358154296875
466,7,2016-03-13 10:40:55.276,988.425048828125
467,7,2016-03-13 10:40:56.312,988.428466796875
468,7,2016-03-13 10:40:57.266,988.394287109375
469,7,2016-03-13 10:40:58.451,988.3486328125
470,7,2016-03-13 10:40:59.275,988.3583984375
471,7,2016-03-13 10:41:00.273,988.342529296875
472,7,2016-03-13 10:41:01.269,988.371337890625
473,7,2016-03-13 10:41:02.266,988.350341796875
474,7,2016-03-13 10:41:03.267,988.380615234375
475,7,2016-03-13 10:41:04.304,988.3818359375
476,7,2016-03-13 10:41:05.271,988.37158203125
477,7,2016-03-13 10:41:06.276,988.35791015625
478,7,2016-03-13 10:41:07.268,988.45166015625
479,7,2016-03-13 10:41:08.276,988.40478515625
480,7,2016-03-13 10:41:09.264,988.35595703125
481,7,2016-03-13 10:41:10.267,988.422119140625
482,7,2016-03-13 10:41:11.265,988.419677734375
483,7,2016-03-13 10:41:12.276,988.379150390625
484,7,2016-03-13 10:41:13.259,988.289306640625
485,7,2016-03-13 10:41:14.292,988.445068359375
486,7,2016-03-13 10:41:15.281,988.38623046875
487,7,2016-03-13 10:41:16.267,988.380615234375
488,7,2016-03-13 10:41:17.273,988.367431640625
489,7,2016-03-13 10:41:18.266,988.39990234375
490,7,2016-03-13 10:41:19.268,988.352783203125
491,7,2016-03-13 10:41:20.407,988.361572265625
492,7,2016-03-13 10:41:21.264,988.378662109375
493,7,2016-03-13 10:41:22.272,988.427001953125
494,7,2016-03-13 10:41:23.267,988.3876953125
495,7,2016-03-13 10:41:24.275,988.3984375
496,7,2016-03-13 10:41:25.276,988.3994140625
497,7,2016-03-13 10:41:26.273,988.38623046875
498,7,2016-03-13 10:41:27.267,988.4228515625
499,7,2016-03-13 10:41:28.297,988.404296875
500,7,2016-03-13 10:41:29.302,988.3779296875
501,7,2016-03-13 10:41:30.489,988.380615234375
502,7,2016-03-13 10:41:31.300,988.35498046875
503,7,2016-03-13 10:41:32.299,988.364013671875
504,7,2016-03-13 10:41:33.299,988.395263671875
505,7,2016-03-13 10:41:34.300,988.34814453125
506,7,2016-03-13 10:41:35.301,988.376220703125
507,7,2016-03-13 10:41:36.297,988.400634765625
508,7,2016-03-13 10:41:37.299,988.38525390625
509,7,2016-03-13 10:41:38.496,988.309814453125
510,7,2016-03-13 10:41:39.305,988.364013671875
511,7,2016-03-13 10:41:40.307,988.3603515625
512,7,2016-03-13 10:41:41.299,988.457275390625
513,7,2016-03-13 10:41:42.297,988.3271484375
514,7,2016-03-13 10:41:43.308,988.336669921875
515,7,2016-03-13 10:41:44.293,988.402099609375
516,7,2016-03-13 10:41:45.591,988.375732421875
517,7,2016-03-13 10:41:46.297,988.372802734375
518,7,2016-03-13 10:41:47.309,988.35302734375
519,7,2016-03-13 10:41:48.309,988.297607421875
520,7,2016-03-13 10:41:49.307,988.347412109375
521,7,2016-03-13 10:41:50.305,988.29052734375
522,7,2016-03-13 10:41:51.297,988.2978515625
523,7,2016-03-13 10:41:52.300,988.390380859375
524,7,2016-03-13 10:41:53.295,988.374755859375
525,7,2016-03-13 10:41:54.309,988.3642578125
526,7,2016-03-13 10:41:55.307,988.349853515625
527,7,2016-03-13 10:41:56.307,988.3544921875
528,7,2016-03-13 10:41:57.312,988.432861328125
529,7,2016-03-13 10:41:58.299,988.4248046875
530,7,2016-03-13 10:41:59.319,988.362060546875
531,7,2016-03-13 10:42:00.326,988.39892578125
532,7,2016-03-13 10:42:01.485,988.38720703125
533,7,2016-03-13 10:42:02.330,988.341064453125
534,7,2016-03-13 10:42:03.319,988.43017578125
535,7,2016-03-13 10:42:04.329,988.341552734375
536,7,2016-03-13 10:42:05.329,988.3701171875
537,7,2016-03-13 10:42:06.348,988.308349609375
538,7,2016-03-13 10:42:07.378,988.271240234375
539,7,2016-03-13 10:42:08.361,988.35205078125
540,7,2016-03-13 10:42:09.418,988.3740234375
541,7,2016-03-13 10:42:10.347,988.333984375
542,7,2016-03-13 10:42:11.346,988.363525390625
543,7,2016-03-13 10:42:12.355,988.32421875
544,7,2016-03-13 10:42:13.360,988.37841796875
545,7,2016-03-13 10:42:14.351,988.3076171875
546,7,2016-03-13 10:42:15.358,988.374755859375
547,7,2016-03-13 10:42:16.350,988.399658203125
548,7,2016-03-13 10:42:17.350,988.36572265625
549,7,2016-03-13 10:42:18.548,988.3662109375
550,7,2016-03-13 10:42:19.348,988.397216796875
551,7,2016-03-13 10:42:20.358,988.3076171875
552,7,2016-03-13 10:42:21.348,988.380615234375
553,7,2016-03-13 10:42:22.349,988.337890625
554,7,2016-03-13 10:42:23.350,988.318359375
555,7,2016-03-13 10:42:24.354,988.35400390625
556,7,2016-03-13 10:42:25.564,988.3720703125
557,7,2016-03-13 10:42:26.570,988.350341796875
558,7,2016-03-13 10:42:27.355,988.4130859375
559,7,2016-03-13 10:42:28.348,988.40771484375
560,7,2016-03-13 10:42:29.356,988.310302734375
561,7,2016-03-13 10:42:30.349,988.384033203125
562,7,2016-03-13 10:42:31.375,988.340576171875
563,7,2016-03-13 10:42:32.373,988.35107421875
564,7,2016-03-13 10:42:33.373,988.303955078125
565,7,2016-03-13 10:42:34.719,988.347412109375
566,7,2016-03-13 10:42:35.378,988.347900390625
567,7,2016-03-13 10:42:36.371,988.32763671875
568,7,2016-03-13 10:42:37.379,988.317138671875
569,7,2016-03-13 10:42:38.373,988.306640625
570,7,2016-03-13 10:42:39.496,988.40234375
571,7,2016-03-13 10:42:40.370,988.486083984375
572,7,2016-03-13 10:42:41.659,988.439208984375
573,7,2016-03-13 10:42:42.368,988.386962890625
574,7,2016-03-13 10:42:43.369,988.349365234375
575,7,2016-03-13 10:42:44.372,988.369873046875
576,7,2016-03-13 10:42:45.368,988.321533203125
577,7,2016-03-13 10:42:46.367,988.364990234375
578,7,2016-03-13 10:42:47.368,988.39404296875
579,7,2016-03-13 10:42:48.369,988.385009765625
580,7,2016-03-13 10:42:49.372,988.33349609375
581,7,2016-03-13 10:42:50.371,988.37744140625
582,7,2016-03-13 10:42:51.367,988.374755859375
583,7,2016-03-13 10:42:52.388,988.377197265625
584,7,2016-03-13 10:42:53.368,988.3291015625
585,7,2016-03-13 10:42:54.390,988.2900390625
586,7,2016-03-13 10:42:55.372,988.31103515625
587,7,2016-03-13 10:42:56.376,988.34521484375
588,7,2016-03-13 10:42:57.399,988.343994140625
589,7,2016-03-13 10:42:58.376,988.386474609375
590,7,2016-03-13 10:42:59.398,988.325927734375
591,7,2016-03-13 10:43:00.402,988.472900390625
592,7,2016-03-13 10:43:01.354,988.394775390625
593,7,2016-03-13 10:43:02.378,988.385498046875
594,7,2016-03-13 10:43:03.605,988.368896484375
595,7,2016-03-13 10:43:04.383,988.335693359375
596,7,2016-03-13 10:43:05.384,988.296630859375
597,7,2016-03-13 10:43:06.374,988.365966796875
598,7,2016-03-13 10:43:07.374,988.35498046875
599,7,2016-03-13 10:43:08.381,988.338623046875
600,7,2016-03-13 10:43:09.370,988.320068359375
601,7,2016-03-13 10:43:10.369,988.329833984375
602,7,2016-03-13 10:43:11.385,988.333251953125
603,7,2016-03-13 10:43:12.374,988.355224609375
604,7,2016-03-13 10:43:13.381,988.340087890625
605,7,2016-03-13 10:43:14.373,988.290283203125
606,7,2016-03-13 10:43:15.382,988.35302734375
607,7,2016-03-13 10:43:16.373,988.38330078125
608,7,2016-03-13 10:43:17.373,988.352783203125
609,7,2016-03-13 10:43:18.373,988.3994140625
610,7,2016-03-13 10:43:19.595,988.326904296875
611,7,2016-03-13 10:43:20.398,988.32666015625
612,7,2016-03-13 10:43:21.374,988.317138671875
613,7,2016-03-13 10:43:22.375,988.27587890625
614,7,2016-03-13 10:43:23.390,988.268798828125
615,7,2016-03-13 10:43:24.390,988.337158203125
616,7,2016-03-13 10:43:25.371,988.32421875
617,7,2016-03-13 10:43:26.528,988.335205078125
618,7,2016-03-13 10:43:27.370,988.3251953125
619,7,2016-03-13 10:43:28.366,988.3818359375
620,7,2016-03-13 10:43:29.373,988.3544921875
621,7,2016-03-13 10:43:30.370,988.359619140625
622,7,2016-03-13 10:43:31.371,988.294677734375
623,7,2016-03-13 10:43:32.367,988.307373046875
624,7,2016-03-13 10:43:33.352,988.2685546875
625,7,2016-03-13 10:43:34.368,988.3017578125
626,7,2016-03-13 10:43:35.373,988.35888671875
627,7,2016-03-13 10:43:36.371,988.297607421875
628,7,2016-03-13 10:43:37.371,988.27099609375
629,7,2016-03-13 10:43:38.372,988.313232421875
630,7,2016-03-13 10:43:39.369,988.31298828125
631,7,2016-03-13 10:43:40.374,988.3720703125
632,7,2016-03-13 10:43:41.374,988.35498046875
633,7,2016-03-13 10:43:42.373,988.335205078125
634,7,2016-03-13 10:43:43.379,988.257568359375
635,7,2016-03-13 10:43:44.370,988.29443359375
636,7,2016-03-13 10:43:45.381,988.300048828125
637,7,2016-03-13 10:43:46.370,988.286376953125
638,7,2016-03-13 10:43:47.381,988.28662109375
639,7,2016-03-13 10:43:48.382,988.308349609375
640,7,2016-03-13 10:43:49.382,988.340576171875
641,7,2016-03-13 10:43:50.373,988.2958984375
642,7,2016-03-13 10:43:51.383,988.31201171875
643,7,2016-03-13 10:43:52.379,988.3779296875
644,7,2016-03-13 10:43:53.381,988.310791015625
645,7,2016-03-13 10:43:54.373,988.356689453125
646,7,2016-03-13 10:43:55.374,988.418701171875
647,7,2016-03-13 10:43:56.394,988.356689453125
648,7,2016-03-13 10:43:57.374,988.3359375
649,7,2016-03-13 10:43:58.367,988.3798828125
650,7,2016-03-13 10:43:59.365,988.278076171875
651,7,2016-03-13 10:44:00.386,988.334716796875
652,7,2016-03-13 10:44:01.365,988.352294921875
653,7,2016-03-13 10:44:02.364,988.293212890625
654,7,2016-03-13 10:44:03.368,988.294677734375
655,7,2016-03-13 10:44:04.372,988.336669921875
656,7,2016-03-13 10:44:05.373,988.275390625
657,7,2016-03-13 10:44:06.384,988.35107421875
658,7,2016-03-13 10:44:07.382,988.37646484375
659,7,2016-03-13 10:44:08.374,988.36181640625
660,7,2016-03-13 10:44:09.374,988.353759765625
661,7,2016-03-13 10:44:10.377,988.328857421875
662,7,2016-03-13 10:44:11.374,988.265625
663,7,2016-03-13 10:44:12.381,988.368408203125
664,7,2016-03-13 10:44:13.371,988.342529296875
665,7,2016-03-13 10:44:14.373,988.302490234375
666,7,2016-03-13 10:44:15.374,988.3251953125
667,7,2016-03-13 10:44:16.374,988.294189453125
668,7,2016-03-13 10:44:17.373,988.360595703125
669,7,2016-03-13 10:44:18.375,988.31298828125
670,7,2016-03-13 10:44:19.379,988.317626953125
671,7,2016-03-13 10:44:20.375,988.25146484375
672,7,2016-03-13 10:44:21.374,988.24462890625
673,7,2016-03-13 10:44:22.384,988.25244140625
674,7,2016-03-13 10:44:23.382,988.32470703125
675,7,2016-03-13 10:44:24.375,988.31982421875
676,7,2016-03-13 10:44:25.374,988.341552734375
677,7,2016-03-13 10:44:26.378,988.32421875
678,7,2016-03-13 10:44:27.382,988.30126953125
679,7,2016-03-13 10:44:28.394,988.3291015625
680,7,2016-03-13 10:44:29.370,988.283447265625
681,7,2016-03-13 10:44:30.371,988.35546875
682,7,2016-03-13 10:44:31.375,988.299560546875
683,7,2016-03-13 10:44:32.373,988.358642578125
684,7,2016-03-13 10:44:33.584,988.265380859375
685,7,2016-03-13 10:44:34.374,988.3359375
686,7,2016-03-13 10:44:35.373,988.31591796875
687,7,2016-03-13 10:44:36.368,988.282470703125
688,7,2016-03-13 10:44:37.374,988.357666015625
689,7,2016-03-13 10:44:38.530,988.354248046875
690,7,2016-03-13 10:44:39.380,988.2861328125
691,7,2016-03-13 10:44:40.374,988.24072265625
692,7,2016-03-13 10:44:41.380,988.30908203125
693,7,2016-03-13 10:44:42.384,988.3251953125
694,7,2016-03-13 10:44:43.377,988.273681640625
695,7,2016-03-13 10:44:44.367,988.386474609375
696,7,2016-03-13 10:44:45.373,988.279296875
697,7,2016-03-13 10:44:46.371,988.26513671875
698,7,2016-03-13 10:44:47.368,988.273193359375
699,7,2016-03-13 10:44:48.367,988.31494140625
700,7,2016-03-13 10:44:49.374,988.287109375
701,7,2016-03-13 10:44:50.368,988.255859375
702,7,2016-03-13 10:44:51.371,988.26708984375
703,7,2016-03-13 10:44:52.368,988.227294921875
704,7,2016-03-13 10:44:53.471,988.260986328125
705,7,2016-03-13 10:44:54.370,988.25341796875
706,7,2016-03-13 10:44:55.369,988.29052734375
707,7,2016-03-13 10:44:56.366,988.30224609375
708,7,2016-03-13 10:44:57.366,988.3193359375
709,7,2016-03-13 10:44:58.371,988.291259765625
710,7,2016-03-13 10:44:59.377,988.316162109375
711,7,2016-03-13 10:45:00.390,988.314208984375
712,7,2016-03-13 10:45:01.408,988.356689453125
713,7,2016-03-13 10:45:02.369,988.310546875
714,7,2016-03-13 10:45:03.398,988.26953125
715,7,2016-03-13 10:45:04.373,988.302734375
716,7,2016-03-13 10:45:05.393,988.351806640625
717,7,2016-03-13 10:45:06.384,988.327392578125
718,7,2016-03-13 10:45:07.374,988.243408203125
719,7,2016-03-13 10:45:08.380,988.275146484375
720,7,2016-03-13 10:45:09.380,988.338623046875
721,7,2016-03-13 10:45:10.371,988.375732421875
722,7,2016-03-13 10:45:11.372,988.31787109375
723,7,2016-03-13 10:45:12.373,988.360107421875
724,7,2016-03-13 10:45:13.373,988.31884765625
725,7,2016-03-13 10:45:14.373,988.34228515625
726,7,2016-03-13 10:45:15.373,988.326416015625
727,7,2016-03-13 10:45:16.382,988.378173828125
728,7,2016-03-13 10:45:17.375,988.31689453125
729,7,2016-03-13 10:45:18.373,988.331298828125
730,7,2016-03-13 10:45:19.373,988.347412109375
731,7,2016-03-13 10:45:20.379,988.2685546875
732,7,2016-03-13 10:45:21.378,988.2529296875
733,7,2016-03-13 10:45:22.373,988.2685546875
734,7,2016-03-13 10:45:23.372,988.369384765625
735,7,2016-03-13 10:45:24.374,988.30615234375
736,7,2016-03-13 10:45:25.378,988.35546875
737,7,2016-03-13 10:45:26.373,988.26953125
738,7,2016-03-13 10:45:27.373,988.268310546875
739,7,2016-03-13 10:45:28.373,988.318115234375
740,7,2016-03-13 10:45:29.382,988.230224609375
741,7,2016-03-13 10:45:30.382,988.344482421875
742,7,2016-03-13 10:45:31.373,988.329833984375
743,7,2016-03-13 10:45:32.399,988.30029296875
744,7,2016-03-13 10:45:33.373,988.289794921875
745,7,2016-03-13 10:45:34.372,988.3173828125
746,7,2016-03-13 10:45:35.373,988.353515625
747,7,2016-03-13 10:45:36.377,988.311767578125
748,7,2016-03-13 10:45:37.377,988.25634765625
749,7,2016-03-13 10:45:38.372,988.311279296875
750,7,2016-03-13 10:45:39.373,988.300048828125
751,7,2016-03-13 10:45:40.376,988.322509765625
752,7,2016-03-13 10:45:41.370,988.388916015625
753,7,2016-03-13 10:45:42.384,988.302734375
754,7,2016-03-13 10:45:43.372,988.304443359375
755,7,2016-03-13 10:45:44.380,988.342041015625
756,7,2016-03-13 10:45:45.373,988.33056640625
757,7,2016-03-13 10:45:46.374,988.264404296875
758,7,2016-03-13 10:45:47.384,988.267578125
759,7,2016-03-13 10:45:48.374,988.3349609375
760,7,2016-03-13 10:45:49.383,988.35205078125
761,7,2016-03-13 10:45:50.380,988.37548828125
762,7,2016-03-13 10:45:51.374,988.333984375
763,7,2016-03-13 10:45:52.374,988.262939453125
764,7,2016-03-13 10:45:53.380,988.27978515625
765,7,2016-03-13 10:45:54.373,988.307861328125
766,7,2016-03-13 10:45:55.373,988.294921875
767,7,2016-03-13 10:45:56.373,988.34912109375
768,7,2016-03-13 10:45:57.364,988.3701171875
769,7,2016-03-13 10:45:58.374,988.271728515625
770,7,2016-03-13 10:45:59.381,988.28515625
771,7,2016-03-13 10:46:00.373,988.296630859375
772,7,2016-03-13 10:46:01.370,988.3427734375
773,7,2016-03-13 10:46:02.386,988.271484375
774,7,2016-03-13 10:46:03.375,988.282958984375
775,7,2016-03-13 10:46:04.394,988.25244140625
776,7,2016-03-13 10:46:05.763,988.25732421875
777,7,2016-03-13 10:46:06.381,988.287353515625
778,7,2016-03-13 10:46:07.382,988.28564453125
779,7,2016-03-13 10:46:08.380,988.25048828125
780,7,2016-03-13 10:46:09.373,988.2314453125
781,7,2016-03-13 10:46:10.382,988.23876953125
782,7,2016-03-13 10:46:11.373,988.295654296875
783,7,2016-03-13 10:46:12.374,988.275634765625
784,7,2016-03-13 10:46:13.373,988.17041015625
785,7,2016-03-13 10:46:14.623,988.296875
786,7,2016-03-13 10:46:15.373,988.25390625
787,7,2016-03-13 10:46:16.373,988.273681640625
788,7,2016-03-13 10:46:17.374,988.229248046875
789,7,2016-03-13 10:46:18.372,988.3193359375
790,7,2016-03-13 10:46:19.385,988.325439453125
791,7,2016-03-13 10:46:20.372,988.247802734375
792,7,2016-03-13 10:46:21.377,988.2744140625
793,7,2016-03-13 10:46:22.603,988.26318359375
794,7,2016-03-13 10:46:23.377,988.238525390625
795,7,2016-03-13 10:46:24.407,988.2646484375
796,7,2016-03-13 10:46:25.373,988.259033203125
797,7,2016-03-13 10:46:26.383,988.23291015625
798,7,2016-03-13 10:46:27.450,988.287353515625
799,7,2016-03-13 10:46:28.407,988.345458984375
800,7,2016-03-13 10:46:29.397,988.265380859375
801,7,2016-03-13 10:46:30.399,988.322265625
802,7,2016-03-13 10:46:31.399,988.30615234375
803,7,2016-03-13 10:46:32.399,988.27734375
804,7,2016-03-13 10:46:33.401,988.23291015625
805,7,2016-03-13 10:46:34.401,988.237060546875
806,7,2016-03-13 10:46:35.401,988.268310546875
807,7,2016-03-13 10:46:36.394,988.278564453125
808,7,2016-03-13 10:46:37.398,988.267822265625
809,7,2016-03-13 10:46:38.634,988.29052734375
810,7,2016-03-13 10:46:39.397,988.28466796875
811,7,2016-03-13 10:46:40.394,988.316650390625
812,7,2016-03-13 10:46:41.402,988.3662109375
813,7,2016-03-13 10:46:42.406,988.288818359375
814,7,2016-03-13 10:46:43.400,988.30810546875
815,7,2016-03-13 10:46:44.409,988.3076171875
816,7,2016-03-13 10:46:45.599,988.329833984375
817,7,2016-03-13 10:46:46.404,988.28515625
818,7,2016-03-13 10:46:47.406,988.260498046875
819,7,2016-03-13 10:46:48.407,988.2587890625
820,7,2016-03-13 10:46:49.403,988.267578125
821,7,2016-03-13 10:46:50.404,988.2978515625
822,7,2016-03-13 10:46:51.398,988.210205078125
823,7,2016-03-13 10:46:52.401,988.30419921875
824,7,2016-03-13 10:46:53.774,988.292724609375
825,7,2016-03-13 10:46:54.397,988.27978515625
826,7,2016-03-13 10:46:55.395,988.2880859375
827,7,2016-03-13 10:46:56.398,988.20458984375
828,7,2016-03-13 10:46:57.411,988.241455078125
829,7,2016-03-13 10:46:58.392,988.25634765625
830,7,2016-03-13 10:46:59.394,988.307373046875
831,7,2016-03-13 10:47:00.396,988.3232421875
832,7,2016-03-13 10:47:01.393,988.226806640625
833,7,2016-03-13 10:47:02.723,988.308349609375
834,7,2016-03-13 10:47:03.391,988.2548828125
835,7,2016-03-13 10:47:04.393,988.21728515625
836,7,2016-03-13 10:47:05.394,988.2607421875
837,7,2016-03-13 10:47:06.394,988.32470703125
838,7,2016-03-13 10:47:07.392,988.38330078125
839,7,2016-03-13 10:47:08.415,988.291259765625
840,7,2016-03-13 10:47:09.637,988.322265625
841,7,2016-03-13 10:47:10.400,988.31298828125
842,7,2016-03-13 10:47:11.397,988.30908203125
843,7,2016-03-13 10:47:12.399,988.322998046875
844,7,2016-03-13 10:47:13.399,988.3173828125
845,7,2016-03-13 10:47:14.400,988.2587890625
846,7,2016-03-13 10:47:15.432,988.282470703125
847,7,2016-03-13 10:47:16.398,988.2607421875
848,7,2016-03-13 10:47:17.643,988.25732421875
849,7,2016-03-13 10:47:18.406,988.27978515625
850,7,2016-03-13 10:47:19.401,988.293212890625
851,7,2016-03-13 10:47:20.399,988.247802734375
852,7,2016-03-13 10:47:21.398,988.23388671875
853,7,2016-03-13 10:47:22.399,988.36669921875
854,7,2016-03-13 10:47:23.394,988.23583984375
855,7,2016-03-13 10:47:24.395,988.294677734375
856,7,2016-03-13 10:47:25.608,988.23828125
857,7,2016-03-13 10:47:26.397,988.30419921875
858,7,2016-03-13 10:47:27.400,988.26953125
859,7,2016-03-13 10:47:28.399,988.25634765625
860,7,2016-03-13 10:47:29.407,988.28662109375
861,7,2016-03-13 10:47:30.396,988.283203125
862,7,2016-03-13 10:47:31.426,988.2138671875
863,7,2016-03-13 10:47:32.414,988.25
864,7,2016-03-13 10:47:33.657,988.25244140625
865,7,2016-03-13 10:47:34.393,988.281005859375
866,7,2016-03-13 10:47:35.395,988.28076171875
867,7,2016-03-13 10:47:36.393,988.201416015625
868,7,2016-03-13 10:47:37.394,988.3095703125
869,7,2016-03-13 10:47:38.395,988.2080078125
870,7,2016-03-13 10:47:39.395,988.273681640625
871,7,2016-03-13 10:47:40.669,988.374267578125
872,7,2016-03-13 10:47:41.391,988.347900390625
873,7,2016-03-13 10:47:42.394,988.26416015625
874,7,2016-03-13 10:47:43.398,988.26171875
875,7,2016-03-13 10:47:44.393,988.2890625
876,7,2016-03-13 10:47:45.393,988.281982421875
877,7,2016-03-13 10:47:46.400,988.22607421875
878,7,2016-03-13 10:47:47.399,988.261474609375
879,7,2016-03-13 10:47:48.643,988.27685546875
880,7,2016-03-13 10:47:49.396,988.279052734375
881,7,2016-03-13 10:47:50.391,988.281494140625
882,7,2016-03-13 10:47:51.392,988.250244140625
883,7,2016-03-13 10:47:52.399,988.2724609375
884,7,2016-03-13 10:47:53.405,988.31396484375
885,7,2016-03-13 10:47:54.398,988.3623046875
886,7,2016-03-13 10:47:55.395,988.2744140625
887,7,2016-03-13 10:47:56.662,988.272705078125
888,7,2016-03-13 10:47:57.393,988.34130859375
889,7,2016-03-13 10:47:58.409,988.32177734375
890,7,2016-03-13 10:47:59.403,988.219482421875
891,7,2016-03-13 10:48:00.399,988.251220703125
892,7,2016-03-13 10:48:01.401,988.25439453125
893,7,2016-03-13 10:48:02.391,988.270263671875
894,7,2016-03-13 10:48:03.398,988.288818359375
895,7,2016-03-13 10:48:04.704,988.2802734375
896,7,2016-03-13 10:48:05.396,988.27734375
897,7,2016-03-13 10:48:06.398,988.2919921875
898,7,2016-03-13 10:48:07.401,988.248046875
899,7,2016-03-13 10:48:08.400,988.273681640625
900,7,2016-03-13 10:48:09.406,988.2763671875
901,7,2016-03-13 10:48:10.391,988.28173828125
902,7,2016-03-13 10:48:11.396,988.197509765625
903,7,2016-03-13 10:48:12.396,988.20947265625
904,7,2016-03-13 10:48:13.652,988.30908203125
905,7,2016-03-13 10:48:14.398,988.306396484375
906,7,2016-03-13 10:48:15.405,988.257080078125
907,7,2016-03-13 10:48:16.396,988.237548828125
908,7,2016-03-13 10:48:17.399,988.226318359375
909,7,2016-03-13 10:48:18.615,988.187744140625
910,7,2016-03-13 10:48:19.399,988.297607421875
911,7,2016-03-13 10:48:20.402,988.26904296875
912,7,2016-03-13 10:48:21.402,988.22314453125
913,7,2016-03-13 10:48:22.396,988.306396484375
914,7,2016-03-13 10:48:23.398,988.203857421875
915,7,2016-03-13 10:48:24.400,988.2880859375
916,7,2016-03-13 10:48:25.399,988.26171875
917,7,2016-03-13 10:48:26.402,988.219482421875
918,7,2016-03-13 10:48:27.572,988.2451171875
919,7,2016-03-13 10:48:28.397,988.234375
920,7,2016-03-13 10:48:29.630,988.248046875
921,7,2016-03-13 10:48:30.397,988.247314453125
922,7,2016-03-13 10:48:31.411,988.239501953125
923,7,2016-03-13 10:48:32.404,988.2607421875
924,7,2016-03-13 10:48:33.404,988.304931640625
925,7,2016-03-13 10:48:34.399,988.248291015625
926,7,2016-03-13 10:48:35.396,988.274658203125
927,7,2016-03-13 10:48:36.397,988.19140625
928,7,2016-03-13 10:48:37.660,988.233642578125
929,7,2016-03-13 10:48:38.404,988.2568359375
930,7,2016-03-13 10:48:39.396,988.2177734375
931,7,2016-03-13 10:48:40.399,988.238525390625
932,7,2016-03-13 10:48:41.393,988.29931640625
933,7,2016-03-13 10:48:42.398,988.222412109375
934,7,2016-03-13 10:48:43.564,988.302734375
935,7,2016-03-13 10:48:44.394,988.29443359375
936,7,2016-03-13 10:48:45.397,988.1865234375
937,7,2016-03-13 10:48:46.398,988.288818359375
938,7,2016-03-13 10:48:47.397,988.1376953125
939,7,2016-03-13 10:48:48.392,988.22802734375
940,7,2016-03-13 10:48:49.399,988.2763671875
941,7,2016-03-13 10:48:50.399,988.338623046875
942,7,2016-03-13 10:48:51.408,988.29541015625
943,7,2016-03-13 10:48:52.622,988.2353515625
944,7,2016-03-13 10:48:53.409,988.260498046875
945,7,2016-03-13 10:48:54.394,988.291015625
946,7,2016-03-13 10:48:55.404,988.230712890625
947,7,2016-03-13 10:48:56.394,988.223876953125
948,7,2016-03-13 10:48:57.393,988.31787109375
949,7,2016-03-13 10:48:58.509,988.235595703125
950,7,2016-03-13 10:48:59.399,988.239013671875
951,7,2016-03-13 10:49:00.394,988.23486328125
952,7,2016-03-13 10:49:01.692,988.253662109375
953,7,2016-03-13 10:49:02.402,988.358642578125
954,7,2016-03-13 10:49:03.397,988.1708984375
955,7,2016-03-13 10:49:04.392,988.29052734375
956,7,2016-03-13 10:49:05.395,988.2490234375
957,7,2016-03-13 10:49:06.392,988.198974609375
958,7,2016-03-13 10:49:07.481,988.26220703125
959,7,2016-03-13 10:49:08.392,988.25537109375
960,7,2016-03-13 10:49:09.394,988.229248046875
961,7,2016-03-13 10:49:10.392,988.22021484375
962,7,2016-03-13 10:49:11.392,988.209716796875
963,7,2016-03-13 10:49:12.392,988.257568359375
964,7,2016-03-13 10:49:13.396,988.23095703125
965,7,2016-03-13 10:49:14.413,988.220703125
966,7,2016-03-13 10:49:15.393,988.263671875
967,7,2016-03-13 10:49:16.658,988.2421875
968,7,2016-03-13 10:49:17.410,988.171875
969,7,2016-03-13 10:49:18.431,988.26611328125
970,7,2016-03-13 10:49:19.404,988.234375
971,7,2016-03-13 10:49:20.398,988.225341796875
972,7,2016-03-13 10:49:21.399,988.204345703125
973,7,2016-03-13 10:49:22.391,988.234619140625
974,7,2016-03-13 10:49:23.407,988.245361328125
975,7,2016-03-13 10:49:24.409,988.19091796875
976,7,2016-03-13 10:49:25.395,988.246337890625
977,7,2016-03-13 10:49:26.402,988.229736328125
978,7,2016-03-13 10:49:27.396,988.21435546875
979,7,2016-03-13 10:49:28.410,988.2109375
980,7,2016-03-13 10:49:29.398,988.2451171875
981,7,2016-03-13 10:49:30.404,988.222412109375
982,7,2016-03-13 10:49:31.584,988.217041015625
983,7,2016-03-13 10:49:32.406,988.188720703125
984,7,2016-03-13 10:49:33.404,988.273681640625
985,7,2016-03-13 10:49:34.405,988.24560546875
986,7,2016-03-13 10:49:35.397,988.282470703125
987,7,2016-03-13 10:49:36.398,988.272705078125
988,7,2016-03-13 10:49:37.404,988.16552734375
989,7,2016-03-13 10:49:38.637,988.21484375
990,7,2016-03-13 10:49:39.405,988.234130859375
991,7,2016-03-13 10:49:40.406,988.201171875
992,7,2016-03-13 10:49:41.397,988.18359375
993,7,2016-03-13 10:49:42.401,988.19921875
994,7,2016-03-13 10:49:43.396,988.258544921875
995,7,2016-03-13 10:49:44.397,988.23828125
996,7,2016-03-13 10:49:45.398,988.243896484375
997,7,2016-03-13 10:49:46.396,988.196044921875
998,7,2016-03-13 10:49:47.699,988.218505859375
999,7,2016-03-13 10:49:48.400,988.13525390625
1000,7,2016-03-13 10:49:49.397,988.155029296875
1001,7,2016-03-13 10:49:50.398,988.233154296875
1002,7,2016-03-13 10:49:51.404,988.182373046875
1003,7,2016-03-13 10:49:52.398,988.167236328125
1004,7,2016-03-13 10:49:53.621,988.20947265625
1005,7,2016-03-13 10:49:54.405,988.234130859375
1006,7,2016-03-13 10:49:55.404,988.28857421875
1007,7,2016-03-13 10:49:56.666,988.1923828125
1008,7,2016-03-13 10:49:57.405,988.265380859375
1009,7,2016-03-13 10:49:58.398,988.23291015625
1010,7,2016-03-13 10:49:59.397,988.215576171875
1011,7,2016-03-13 10:50:00.397,988.177001953125
1012,7,2016-03-13 10:50:01.404,988.241943359375
1013,7,2016-03-13 10:50:02.398,988.285888671875
1014,7,2016-03-13 10:50:03.724,988.19775390625
1015,7,2016-03-13 10:50:04.405,988.25146484375
1016,7,2016-03-13 10:50:05.400,988.21484375
1017,7,2016-03-13 10:50:06.403,988.317626953125
1018,7,2016-03-13 10:50:07.406,988.2197265625
1019,7,2016-03-13 10:50:08.405,988.2353515625
1020,7,2016-03-13 10:50:09.405,988.165771484375
1021,7,2016-03-13 10:50:10.398,988.289794921875
1022,7,2016-03-13 10:50:11.406,988.2080078125
1023,7,2016-03-13 10:50:12.639,988.24267578125
1024,7,2016-03-13 10:50:13.397,988.244140625
1025,7,2016-03-13 10:50:14.398,988.20068359375
1026,7,2016-03-13 10:50:15.405,988.26904296875
1027,7,2016-03-13 10:50:16.399,988.1943359375
1028,7,2016-03-13 10:50:17.400,988.244873046875
1029,7,2016-03-13 10:50:18.634,988.252197265625
1030,7,2016-03-13 10:50:19.421,988.21728515625
1031,7,2016-03-13 10:50:20.398,988.214599609375
1032,7,2016-03-13 10:50:21.427,988.289794921875
1033,7,2016-03-13 10:50:22.399,988.216064453125
1034,7,2016-03-13 10:50:23.432,988.281982421875
1035,7,2016-03-13 10:50:24.423,988.23193359375
1036,7,2016-03-13 10:50:25.425,988.248291015625
1037,7,2016-03-13 10:50:26.394,988.240234375
1038,7,2016-03-13 10:50:27.431,988.210205078125
1039,7,2016-03-13 10:50:28.423,988.240234375
1040,7,2016-03-13 10:50:29.424,988.2421875
1041,7,2016-03-13 10:50:30.423,988.203857421875
1042,7,2016-03-13 10:50:31.431,988.220947265625
1043,7,2016-03-13 10:50:32.426,988.1923828125
1044,7,2016-03-13 10:50:33.424,988.206298828125
1045,7,2016-03-13 10:50:34.686,988.189697265625
1046,7,2016-03-13 10:50:35.432,988.191650390625
1047,7,2016-03-13 10:50:36.423,988.223388671875
1048,7,2016-03-13 10:50:37.431,988.189697265625
1049,7,2016-03-13 10:50:38.427,988.21826171875
1050,7,2016-03-13 10:50:39.432,988.20703125
1051,7,2016-03-13 10:50:40.423,988.2431640625
1052,7,2016-03-13 10:50:41.572,988.1767578125
1053,7,2016-03-13 10:50:42.422,988.262451171875
1054,7,2016-03-13 10:50:43.434,988.16943359375
1055,7,2016-03-13 10:50:44.432,988.231689453125
1056,7,2016-03-13 10:50:45.430,988.278564453125
1057,7,2016-03-13 10:50:46.423,988.140869140625
1058,7,2016-03-13 10:50:47.430,988.24365234375
1059,7,2016-03-13 10:50:48.422,988.19580078125
1060,7,2016-03-13 10:50:49.701,988.178955078125
1061,7,2016-03-13 10:50:50.432,988.235595703125
1062,7,2016-03-13 10:50:51.420,988.239990234375
1063,7,2016-03-13 10:50:52.423,988.25244140625
1064,7,2016-03-13 10:50:53.428,988.1669921875
1065,7,2016-03-13 10:50:54.427,988.25390625
1066,7,2016-03-13 10:50:55.422,988.200439453125
1067,7,2016-03-13 10:50:56.422,988.228271484375
1068,7,2016-03-13 10:50:57.433,988.173583984375
1069,7,2016-03-13 10:50:58.670,988.2021484375
1070,7,2016-03-13 10:50:59.423,988.2607421875
1071,7,2016-03-13 10:51:00.420,988.208984375
1072,7,2016-03-13 10:51:01.422,988.217529296875
1073,7,2016-03-13 10:51:02.422,988.218994140625
1074,7,2016-03-13 10:51:03.430,988.21337890625
1075,7,2016-03-13 10:51:04.420,988.21484375
1076,7,2016-03-13 10:51:05.424,988.272216796875
1077,7,2016-03-13 10:51:06.418,988.177978515625
1078,7,2016-03-13 10:51:07.693,988.20458984375
1079,7,2016-03-13 10:51:08.429,988.275390625
1080,7,2016-03-13 10:51:09.416,988.228271484375
1081,7,2016-03-13 10:51:10.422,988.164306640625
1082,7,2016-03-13 10:51:11.421,988.21337890625
1083,7,2016-03-13 10:51:12.667,988.183349609375
1084,7,2016-03-13 10:51:13.423,988.2119140625
1085,7,2016-03-13 10:51:14.770,988.212646484375
1086,7,2016-03-13 10:51:15.433,988.16162109375
1087,7,2016-03-13 10:51:16.422,988.225830078125
1088,7,2016-03-13 10:51:17.420,988.20849609375
1089,7,2016-03-13 10:51:18.423,988.16748046875
1090,7,2016-03-13 10:51:19.418,988.223388671875
1091,7,2016-03-13 10:51:20.424,988.2109375
1092,7,2016-03-13 10:51:21.682,988.188232421875
1093,7,2016-03-13 10:51:22.421,988.1923828125
1094,7,2016-03-13 10:51:23.419,988.23779296875
1095,7,2016-03-13 10:51:24.422,988.226318359375
1096,7,2016-03-13 10:51:25.421,988.24560546875
1097,7,2016-03-13 10:51:26.422,988.23876953125
1098,7,2016-03-13 10:51:27.423,988.2509765625
1099,7,2016-03-13 10:51:28.418,988.196044921875
1100,7,2016-03-13 10:51:29.766,988.13818359375
1101,7,2016-03-13 10:51:30.419,988.158935546875
1102,7,2016-03-13 10:51:31.427,988.126708984375
1103,7,2016-03-13 10:51:32.430,988.2138671875
1104,7,2016-03-13 10:51:33.428,988.1767578125
1105,7,2016-03-13 10:51:34.428,988.267578125
1106,7,2016-03-13 10:51:35.421,988.276611328125
1107,7,2016-03-13 10:51:36.419,988.224609375
1108,7,2016-03-13 10:51:37.712,988.18701171875
1109,7,2016-03-13 10:51:38.445,988.159423828125
1110,7,2016-03-13 10:51:39.425,988.19921875
1111,7,2016-03-13 10:51:40.439,988.22802734375
1112,7,2016-03-13 10:51:41.419,988.19189453125
1113,7,2016-03-13 10:51:42.419,988.2431640625
1114,7,2016-03-13 10:51:43.417,988.21044921875
1115,7,2016-03-13 10:51:44.711,988.205078125
1116,7,2016-03-13 10:51:45.417,988.2744140625
1117,7,2016-03-13 10:51:46.418,988.157470703125
1118,7,2016-03-13 10:51:47.428,988.19140625
1119,7,2016-03-13 10:51:48.417,988.277099609375
1120,7,2016-03-13 10:51:49.418,988.296875
1121,7,2016-03-13 10:51:50.418,988.214599609375
1122,7,2016-03-13 10:51:51.422,988.152099609375
1123,7,2016-03-13 10:51:52.669,988.240966796875
1124,7,2016-03-13 10:51:53.422,988.203857421875
1125,7,2016-03-13 10:51:54.423,988.207763671875
1126,7,2016-03-13 10:51:55.423,988.23974609375
1127,7,2016-03-13 10:51:56.420,988.229248046875
1128,7,2016-03-13 10:51:57.424,988.183837890625
1129,7,2016-03-13 10:51:58.417,988.212158203125
1130,7,2016-03-13 10:51:59.420,988.248779296875
1131,7,2016-03-13 10:52:00.428,988.16455078125
1132,7,2016-03-13 10:52:01.692,988.213623046875
1133,7,2016-03-13 10:52:02.433,988.16259765625
1134,7,2016-03-13 10:52:03.424,988.163330078125
1135,7,2016-03-13 10:52:04.417,988.24169921875
1136,7,2016-03-13 10:52:05.420,988.1875
1137,7,2016-03-13 10:52:06.422,988.26171875
1138,7,2016-03-13 10:52:07.430,988.187744140625
1139,7,2016-03-13 10:52:08.418,988.216552734375
1140,7,2016-03-13 10:52:09.432,988.17529296875
1141,7,2016-03-13 10:52:10.432,988.114013671875
1142,7,2016-03-13 10:52:11.745,988.1630859375
1143,7,2016-03-13 10:52:12.432,988.1572265625
1144,7,2016-03-13 10:52:13.423,988.19921875
1145,7,2016-03-13 10:52:14.427,988.230224609375
1146,7,2016-03-13 10:52:15.433,988.2568359375
1147,7,2016-03-13 10:52:16.416,988.244384765625
1148,7,2016-03-13 10:52:17.422,988.218017578125
1149,7,2016-03-13 10:52:18.697,988.18798828125
1150,7,2016-03-13 10:52:19.439,988.161376953125
1151,7,2016-03-13 10:52:20.422,988.1455078125
1152,7,2016-03-13 10:52:21.422,988.185546875
1153,7,2016-03-13 10:52:22.423,988.156494140625
1154,7,2016-03-13 10:52:23.419,988.203857421875
1155,7,2016-03-13 10:52:24.422,988.24658203125
1156,7,2016-03-13 10:52:25.431,988.20947265625
1157,7,2016-03-13 10:52:26.422,988.201171875
1158,7,2016-03-13 10:52:27.709,988.188232421875
1159,7,2016-03-13 10:52:28.417,988.260009765625
1160,7,2016-03-13 10:52:29.430,988.21044921875
1161,7,2016-03-13 10:52:30.431,988.2392578125
1162,7,2016-03-13 10:52:31.427,988.225341796875
1163,7,2016-03-13 10:52:32.421,988.268798828125
1164,7,2016-03-13 10:52:33.628,988.22216796875
1165,7,2016-03-13 10:52:34.430,988.228271484375
1166,7,2016-03-13 10:52:35.711,988.224609375
1167,7,2016-03-13 10:52:36.429,988.189697265625
1168,7,2016-03-13 10:52:37.429,988.254150390625
1169,7,2016-03-13 10:52:38.422,988.165771484375
1170,7,2016-03-13 10:52:39.421,988.17578125
1171,7,2016-03-13 10:52:40.578,988.1708984375
1172,7,2016-03-13 10:52:41.423,988.163818359375
1173,7,2016-03-13 10:52:42.720,988.14404296875
1174,7,2016-03-13 10:52:43.430,988.171875
1175,7,2016-03-13 10:52:44.424,988.18115234375
1176,7,2016-03-13 10:52:45.422,988.18994140625
1177,7,2016-03-13 10:52:46.422,988.156982421875
1178,7,2016-03-13 10:52:47.423,988.183837890625
1179,7,2016-03-13 10:52:48.565,988.15966796875
1180,7,2016-03-13 10:52:49.423,988.19189453125
1181,7,2016-03-13 10:52:50.442,988.139892578125
1182,7,2016-03-13 10:52:51.442,988.172119140625
1183,7,2016-03-13 10:52:52.431,988.256591796875
1184,7,2016-03-13 10:52:53.423,988.23388671875
1185,7,2016-03-13 10:52:54.423,988.21630859375
1186,7,2016-03-13 10:52:55.432,988.218017578125
1187,7,2016-03-13 10:52:56.421,988.171142578125
1188,7,2016-03-13 10:52:57.715,988.2041015625
1189,7,2016-03-13 10:52:58.430,988.19970703125
1190,7,2016-03-13 10:52:59.429,988.20849609375
1191,7,2016-03-13 10:53:00.430,988.12744140625
1192,7,2016-03-13 10:53:01.429,988.242431640625
1193,7,2016-03-13 10:53:02.422,988.23193359375
1194,7,2016-03-13 10:53:03.423,988.2265625
1195,7,2016-03-13 10:53:04.417,988.235107421875
1196,7,2016-03-13 10:53:05.422,988.16455078125
1197,7,2016-03-13 10:53:06.727,988.137939453125
1198,7,2016-03-13 10:53:07.421,988.193115234375
1199,7,2016-03-13 10:53:08.422,988.18310546875
1200,7,2016-03-13 10:53:09.422,988.201171875
1201,7,2016-03-13 10:53:10.418,988.154296875
1202,7,2016-03-13 10:53:11.535,988.15087890625
1203,7,2016-03-13 10:53:12.417,988.208740234375
1204,7,2016-03-13 10:53:13.691,988.213623046875
1205,7,2016-03-13 10:53:14.420,988.143798828125
1206,7,2016-03-13 10:53:15.417,988.202392578125
1207,7,2016-03-13 10:53:16.428,988.152587890625
1208,7,2016-03-13 10:53:17.417,988.20458984375
1209,7,2016-03-13 10:53:18.417,988.162109375
1210,7,2016-03-13 10:53:19.418,988.159423828125
1211,7,2016-03-13 10:53:20.718,988.2177734375
1212,7,2016-03-13 10:53:21.418,988.210693359375
1213,7,2016-03-13 10:53:22.417,988.21875
1214,7,2016-03-13 10:53:23.428,988.2158203125
1215,7,2016-03-13 10:53:24.419,988.222900390625
1216,7,2016-03-13 10:53:25.416,988.14892578125
1217,7,2016-03-13 10:53:26.419,988.165283203125
1218,7,2016-03-13 10:53:27.420,988.17578125
1219,7,2016-03-13 10:53:28.418,988.22412109375
1220,7,2016-03-13 10:53:29.419,988.197021484375
1221,7,2016-03-13 10:53:30.457,988.22900390625
1222,7,2016-03-13 10:53:31.437,988.12158203125
1223,7,2016-03-13 10:53:32.459,988.174560546875
1224,7,2016-03-13 10:53:33.422,988.17333984375
1225,7,2016-03-13 10:53:34.431,988.24658203125
1226,7,2016-03-13 10:53:35.415,988.201171875
1227,7,2016-03-13 10:53:36.420,988.2119140625
1228,7,2016-03-13 10:53:37.421,988.263916015625
1229,7,2016-03-13 10:53:38.422,988.2568359375
1230,7,2016-03-13 10:53:39.432,988.209228515625
1231,7,2016-03-13 10:53:40.431,988.22607421875
1232,7,2016-03-13 10:53:41.421,988.142333984375
1233,7,2016-03-13 10:53:42.673,988.187255859375
1234,7,2016-03-13 10:53:43.423,988.189697265625
1235,7,2016-03-13 10:53:44.435,988.18212890625
1236,7,2016-03-13 10:53:45.425,988.183837890625
1237,7,2016-03-13 10:53:46.422,988.154296875
1238,7,2016-03-13 10:53:47.431,988.178466796875
1239,7,2016-03-13 10:53:48.422,988.170166015625
1240,7,2016-03-13 10:53:49.423,988.215576171875
1241,7,2016-03-13 10:53:50.429,988.176513671875
1242,7,2016-03-13 10:53:51.780,988.2353515625
1243,7,2016-03-13 10:53:52.421,988.169189453125
1244,7,2016-03-13 10:53:53.424,988.27294921875
1245,7,2016-03-13 10:53:54.423,988.2216796875
1246,7,2016-03-13 10:53:55.435,988.21826171875
1247,7,2016-03-13 10:53:56.420,988.18603515625
1248,7,2016-03-13 10:53:57.431,988.21923828125
1249,7,2016-03-13 10:53:58.608,988.154541015625
1250,7,2016-03-13 10:53:59.422,988.18115234375
1251,7,2016-03-13 10:54:00.432,988.160888671875
1252,7,2016-03-13 10:54:01.423,988.1982421875
1253,7,2016-03-13 10:54:02.432,988.18505859375
1254,7,2016-03-13 10:54:03.422,988.136962890625
1255,7,2016-03-13 10:54:04.422,988.258544921875
1256,7,2016-03-13 10:54:05.423,988.119384765625
1257,7,2016-03-13 10:54:06.425,988.1513671875
1258,7,2016-03-13 10:54:07.618,988.167724609375
1259,7,2016-03-13 10:54:08.427,988.22509765625
1260,7,2016-03-13 10:54:09.432,988.1865234375
1261,7,2016-03-13 10:54:10.430,988.20703125
1262,7,2016-03-13 10:54:11.434,988.1826171875
1263,7,2016-03-13 10:54:12.435,988.138671875
1264,7,2016-03-13 10:54:13.423,988.203857421875
1265,7,2016-03-13 10:54:14.429,988.1494140625
1266,7,2016-03-13 10:54:15.423,988.189453125
1267,7,2016-03-13 10:54:16.728,988.131103515625
1268,7,2016-03-13 10:54:17.421,988.21630859375
1269,7,2016-03-13 10:54:18.432,988.106201171875
1270,7,2016-03-13 10:54:19.432,988.185302734375
1271,7,2016-03-13 10:54:20.447,988.11962890625
1272,7,2016-03-13 10:54:21.424,988.20654296875
1273,7,2016-03-13 10:54:22.428,988.23779296875
1274,7,2016-03-13 10:54:23.741,988.120361328125
1275,7,2016-03-13 10:54:24.459,988.1669921875
1276,7,2016-03-13 10:54:25.443,988.16943359375
1277,7,2016-03-13 10:54:26.449,988.17822265625
1278,7,2016-03-13 10:54:27.433,988.184326171875
1279,7,2016-03-13 10:54:28.446,988.165771484375
1280,7,2016-03-13 10:54:29.447,988.195556640625
1281,7,2016-03-13 10:54:30.422,988.220703125
1282,7,2016-03-13 10:54:31.447,988.208984375
1283,7,2016-03-13 10:54:32.734,988.252685546875
1284,7,2016-03-13 10:54:33.449,988.16552734375
1285,7,2016-03-13 10:54:34.449,988.15869140625
1286,7,2016-03-13 10:54:35.445,988.16552734375
1287,7,2016-03-13 10:54:36.453,988.14892578125
1288,7,2016-03-13 10:54:37.448,988.147216796875
1289,7,2016-03-13 10:54:38.440,988.1982421875
1290,7,2016-03-13 10:54:39.447,988.168701171875
1291,7,2016-03-13 10:54:40.712,988.15673828125
1292,7,2016-03-13 10:54:41.446,988.22607421875
1293,7,2016-03-13 10:54:42.447,988.15576171875
1294,7,2016-03-13 10:54:43.447,988.1806640625
1295,7,2016-03-13 10:54:44.445,988.251953125
1296,7,2016-03-13 10:54:45.449,988.184814453125
1297,7,2016-03-13 10:54:46.715,988.17333984375
1298,7,2016-03-13 10:54:47.454,988.196044921875
1299,7,2016-03-13 10:54:48.451,988.158935546875
1300,7,2016-03-13 10:54:49.447,988.08447265625
1301,7,2016-03-13 10:54:50.455,988.2041015625
1302,7,2016-03-13 10:54:51.447,988.139892578125
1303,7,2016-03-13 10:54:52.453,988.228515625
1304,7,2016-03-13 10:54:53.447,988.143798828125
1305,7,2016-03-13 10:54:54.441,988.16015625
1306,7,2016-03-13 10:54:55.738,988.15087890625
1307,7,2016-03-13 10:54:56.448,988.1162109375
1308,7,2016-03-13 10:54:57.448,988.181884765625
1309,7,2016-03-13 10:54:58.453,988.16259765625
1310,7,2016-03-13 10:54:59.434,988.174560546875
1311,7,2016-03-13 10:55:00.454,988.08642578125
1312,7,2016-03-13 10:55:01.574,988.192138671875
1313,7,2016-03-13 10:55:02.432,988.1318359375
1314,7,2016-03-13 10:55:03.785,988.15966796875
1315,7,2016-03-13 10:55:04.447,988.130126953125
1316,7,2016-03-13 10:55:05.712,988.17724609375
1317,7,2016-03-13 10:55:06.452,988.12548828125
1318,7,2016-03-13 10:55:07.443,988.15185546875
1319,7,2016-03-13 10:55:08.448,988.202880859375
1320,7,2016-03-13 10:55:09.445,988.13818359375
1321,7,2016-03-13 10:55:10.452,988.159423828125
1322,7,2016-03-13 10:55:11.670,988.11865234375
1323,7,2016-03-13 10:55:12.453,988.149169921875
1324,7,2016-03-13 10:55:13.449,988.181640625
1325,7,2016-03-13 10:55:14.447,988.184326171875
1326,7,2016-03-13 10:55:15.449,988.251220703125
1327,7,2016-03-13 10:55:16.454,988.1875
1328,7,2016-03-13 10:55:17.467,988.185546875
1329,7,2016-03-13 10:55:18.441,988.208251953125
1330,7,2016-03-13 10:55:19.441,988.175537109375
1331,7,2016-03-13 10:55:20.739,988.21875
1332,7,2016-03-13 10:55:21.444,988.21337890625
1333,7,2016-03-13 10:55:22.444,988.168212890625
1334,7,2016-03-13 10:55:23.447,988.099365234375
1335,7,2016-03-13 10:55:24.441,988.1123046875
1336,7,2016-03-13 10:55:25.445,988.16552734375
1337,7,2016-03-13 10:55:26.445,988.21630859375
1338,7,2016-03-13 10:55:27.780,988.12646484375
1339,7,2016-03-13 10:55:28.441,988.095458984375
1340,7,2016-03-13 10:55:29.442,988.155517578125
1341,7,2016-03-13 10:55:30.444,988.113037109375
1342,7,2016-03-13 10:55:31.431,988.16650390625
1343,7,2016-03-13 10:55:32.442,988.188232421875
1344,7,2016-03-13 10:55:33.443,988.110595703125
1345,7,2016-03-13 10:55:34.441,988.124267578125
1346,7,2016-03-13 10:55:35.444,988.11474609375
1347,7,2016-03-13 10:55:36.443,988.15087890625
1348,7,2016-03-13 10:55:37.442,988.201416015625
1349,7,2016-03-13 10:55:38.448,988.103515625
1350,7,2016-03-13 10:55:39.488,988.150146484375
1351,7,2016-03-13 10:55:40.480,988.150146484375
1352,7,2016-03-13 10:55:41.731,988.1357421875
1353,7,2016-03-13 10:55:42.451,988.154052734375
1354,7,2016-03-13 10:55:43.452,988.10498046875
1355,7,2016-03-13 10:55:44.447,988.149169921875
1356,7,2016-03-13 10:55:45.448,988.156494140625
1357,7,2016-03-13 10:55:46.447,988.1083984375
1358,7,2016-03-13 10:55:47.454,988.132568359375
1359,7,2016-03-13 10:55:48.745,988.13232421875
1360,7,2016-03-13 10:55:49.442,988.156494140625
1361,7,2016-03-13 10:55:50.441,988.103515625
1362,7,2016-03-13 10:55:51.442,988.171875
1363,7,2016-03-13 10:55:52.445,988.117431640625
1364,7,2016-03-13 10:55:53.445,988.153076171875
1365,7,2016-03-13 10:55:54.447,988.116455078125
1366,7,2016-03-13 10:55:55.442,988.0703125
1367,7,2016-03-13 10:55:56.447,988.10595703125
1368,7,2016-03-13 10:55:57.763,988.13134765625
1369,7,2016-03-13 10:55:58.441,988.1767578125
1370,7,2016-03-13 10:55:59.443,988.093017578125
1371,7,2016-03-13 10:56:00.448,988.123779296875
1372,7,2016-03-13 10:56:01.447,988.13037109375
1373,7,2016-03-13 10:56:02.449,988.092529296875
1374,7,2016-03-13 10:56:03.441,988.22802734375
1375,7,2016-03-13 10:56:04.442,988.152587890625
1376,7,2016-03-13 10:56:05.442,988.170654296875
1377,7,2016-03-13 10:56:06.444,988.182373046875
1378,7,2016-03-13 10:56:07.812,988.159912109375
1379,7,2016-03-13 10:56:08.461,988.17919921875
1380,7,2016-03-13 10:56:09.453,988.132568359375
1381,7,2016-03-13 10:56:10.454,988.150146484375
1382,7,2016-03-13 10:56:11.451,988.134521484375
1383,7,2016-03-13 10:56:12.445,988.131591796875
1384,7,2016-03-13 10:56:13.444,988.140625
1385,7,2016-03-13 10:56:14.441,988.05517578125
1386,7,2016-03-13 10:56:15.757,988.112548828125
1387,7,2016-03-13 10:56:16.459,988.031494140625
1388,7,2016-03-13 10:56:17.442,988.161376953125
1389,7,2016-03-13 10:56:18.447,988.07275390625
1390,7,2016-03-13 10:56:19.453,988.193115234375
1391,7,2016-03-13 10:56:20.444,988.184326171875
1392,7,2016-03-13 10:56:21.441,988.1494140625
1393,7,2016-03-13 10:56:22.745,988.1240234375
1394,7,2016-03-13 10:56:23.447,988.167724609375
1395,7,2016-03-13 10:56:24.442,988.156005859375
1396,7,2016-03-13 10:56:25.446,988.139892578125
1397,7,2016-03-13 10:56:26.443,988.15283203125
1398,7,2016-03-13 10:56:27.448,988.115234375
1399,7,2016-03-13 10:56:28.449,988.170166015625
1400,7,2016-03-13 10:56:29.456,988.122802734375
1401,7,2016-03-13 10:56:30.450,988.155029296875
1402,7,2016-03-13 10:56:31.758,988.152099609375
1403,7,2016-03-13 10:56:32.445,988.14404296875
1404,7,2016-03-13 10:56:33.445,988.18505859375
1405,7,2016-03-13 10:56:34.445,988.124267578125
1406,7,2016-03-13 10:56:35.452,988.177490234375
1407,7,2016-03-13 10:56:36.446,988.1142578125
1408,7,2016-03-13 10:56:37.446,988.19140625
1409,7,2016-03-13 10:56:38.446,988.10693359375
1410,7,2016-03-13 10:56:39.772,988.08935546875
1411,7,2016-03-13 10:56:40.455,988.158203125
1412,7,2016-03-13 10:56:41.446,988.208251953125
1413,7,2016-03-13 10:56:42.443,988.1103515625
1414,7,2016-03-13 10:56:43.453,988.082275390625
1415,7,2016-03-13 10:56:44.440,988.10546875
1416,7,2016-03-13 10:56:45.440,988.080078125
1417,7,2016-03-13 10:56:46.450,988.14599609375
1418,7,2016-03-13 10:56:47.445,988.189208984375
1419,7,2016-03-13 10:56:48.444,988.148193359375
1420,7,2016-03-13 10:56:49.445,988.151123046875
1421,7,2016-03-13 10:56:50.451,988.251220703125
1422,7,2016-03-13 10:56:51.451,988.100341796875
1423,7,2016-03-13 10:56:52.451,988.192626953125
1424,7,2016-03-13 10:56:53.444,988.139404296875
1425,7,2016-03-13 10:56:54.439,988.186279296875
1426,7,2016-03-13 10:56:55.448,988.15673828125
1427,7,2016-03-13 10:56:56.448,988.195068359375
1428,7,2016-03-13 10:56:57.444,988.13525390625
1429,7,2016-03-13 10:56:58.448,988.112548828125
1430,7,2016-03-13 10:56:59.447,988.19384765625
1431,7,2016-03-13 10:57:00.516,988.12109375
1432,7,2016-03-13 10:57:01.448,988.22314453125
1433,7,2016-03-13 10:57:02.457,988.143310546875
1434,7,2016-03-13 10:57:03.444,988.145751953125
1435,7,2016-03-13 10:57:04.748,988.17041015625
1436,7,2016-03-13 10:57:05.456,988.146484375
1437,7,2016-03-13 10:57:06.447,988.16015625
1438,7,2016-03-13 10:57:07.455,988.123046875
1439,7,2016-03-13 10:57:08.455,988.16162109375
1440,7,2016-03-13 10:57:09.450,988.1220703125
1441,7,2016-03-13 10:57:10.690,988.13037109375
1442,7,2016-03-13 10:57:11.446,988.1474609375
1443,7,2016-03-13 10:57:12.448,988.138671875
1444,7,2016-03-13 10:57:13.453,988.160400390625
1445,7,2016-03-13 10:57:14.458,988.141845703125
1446,7,2016-03-13 10:57:15.449,988.22607421875
1447,7,2016-03-13 10:57:16.445,988.1416015625
1448,7,2016-03-13 10:57:17.453,988.125244140625
1449,7,2016-03-13 10:57:18.441,988.193115234375
1450,7,2016-03-13 10:57:19.452,988.204345703125
1451,7,2016-03-13 10:57:20.450,988.20849609375
1452,7,2016-03-13 10:57:21.447,988.106689453125
1453,7,2016-03-13 10:57:22.444,988.135009765625
1454,7,2016-03-13 10:57:23.444,988.117431640625
1455,7,2016-03-13 10:57:24.441,988.142578125
1456,7,2016-03-13 10:57:25.442,988.087890625
1457,7,2016-03-13 10:57:26.442,988.167724609375
1458,7,2016-03-13 10:57:27.441,988.1259765625
1459,7,2016-03-13 10:57:28.442,988.171875
1460,7,2016-03-13 10:57:29.441,988.129150390625
1461,7,2016-03-13 10:57:30.444,988.116943359375
1462,7,2016-03-13 10:57:31.444,988.112060546875
1463,7,2016-03-13 10:57:32.442,988.075439453125
1464,7,2016-03-13 10:57:33.441,988.11376953125
1465,7,2016-03-13 10:57:34.440,988.166015625
1466,7,2016-03-13 10:57:35.441,988.12841796875
1467,7,2016-03-13 10:57:36.444,988.09130859375
1468,7,2016-03-13 10:57:37.442,988.087890625
1469,7,2016-03-13 10:57:38.443,988.1748046875
1470,7,2016-03-13 10:57:39.442,988.0751953125
1471,7,2016-03-13 10:57:40.440,988.141357421875
1472,7,2016-03-13 10:57:41.455,988.083251953125
1473,7,2016-03-13 10:57:42.447,988.23291015625
1474,7,2016-03-13 10:57:43.448,988.124755859375
1475,7,2016-03-13 10:57:44.468,988.13720703125
1476,7,2016-03-13 10:57:45.468,988.136962890625
1477,7,2016-03-13 10:57:46.448,988.12548828125
1478,7,2016-03-13 10:57:47.442,988.12548828125
1479,7,2016-03-13 10:57:48.446,988.1552734375
1480,7,2016-03-13 10:57:49.446,988.107666015625
1481,7,2016-03-13 10:57:50.447,988.09521484375
1482,7,2016-03-13 10:57:51.453,988.1474609375
1483,7,2016-03-13 10:57:52.448,988.101318359375
1484,7,2016-03-13 10:57:53.450,988.135009765625
1485,7,2016-03-13 10:57:54.448,988.107666015625
1486,7,2016-03-13 10:57:55.443,988.118408203125
1487,7,2016-03-13 10:57:56.445,988.16064453125
1488,7,2016-03-13 10:57:57.451,988.136962890625
1489,7,2016-03-13 10:57:58.448,988.06103515625
1490,7,2016-03-13 10:57:59.443,988.14208984375
1491,7,2016-03-13 10:58:00.453,988.1123046875
1492,7,2016-03-13 10:58:01.445,988.1455078125
1493,7,2016-03-13 10:58:02.443,988.159423828125
1494,7,2016-03-13 10:58:03.454,988.1103515625
1495,7,2016-03-13 10:58:04.443,988.07470703125
1496,7,2016-03-13 10:58:05.472,988.091552734375
1497,7,2016-03-13 10:58:06.473,988.1083984375
1498,7,2016-03-13 10:58:07.472,988.14306640625
1499,7,2016-03-13 10:58:08.471,988.134521484375
1500,7,2016-03-13 10:58:09.480,988.15283203125
1501,7,2016-03-13 10:58:10.473,988.165283203125
1502,7,2016-03-13 10:58:11.471,988.16259765625
1503,7,2016-03-13 10:58:12.473,988.09619140625
1504,7,2016-03-13 10:58:13.482,988.140625
1505,7,2016-03-13 10:58:14.472,988.054931640625
1506,7,2016-03-13 10:58:15.471,988.207763671875
1507,7,2016-03-13 10:58:16.472,988.12646484375
1508,7,2016-03-13 10:58:17.471,988.13330078125
1509,7,2016-03-13 10:58:18.472,988.138916015625
1510,7,2016-03-13 10:58:19.476,988.1435546875
1511,7,2016-03-13 10:58:20.768,988.1435546875
1512,7,2016-03-13 10:58:21.474,988.0927734375
1513,7,2016-03-13 10:58:22.473,988.10791015625
1514,7,2016-03-13 10:58:23.482,988.164306640625
1515,7,2016-03-13 10:58:24.478,988.06201171875
1516,7,2016-03-13 10:58:25.474,988.152099609375
1517,7,2016-03-13 10:58:26.474,988.122802734375
1518,7,2016-03-13 10:58:27.676,988.113525390625
1519,7,2016-03-13 10:58:28.444,988.091552734375
1520,7,2016-03-13 10:58:29.550,988.136962890625
1521,7,2016-03-13 10:58:30.493,988.144775390625
1522,7,2016-03-13 10:58:31.476,988.146240234375
1523,7,2016-03-13 10:58:32.641,988.1943359375
1524,7,2016-03-13 10:58:33.478,988.096923828125
1525,7,2016-03-13 10:58:34.476,988.128662109375
1526,7,2016-03-13 10:58:35.492,988.218505859375
1527,7,2016-03-13 10:58:36.471,988.098388671875
1528,7,2016-03-13 10:58:37.469,988.0771484375
1529,7,2016-03-13 10:58:38.480,988.142822265625
1530,7,2016-03-13 10:58:39.476,988.108154296875
1531,7,2016-03-13 10:58:40.473,988.0537109375
1532,7,2016-03-13 10:58:41.471,988.072265625
1533,7,2016-03-13 10:58:42.474,988.211181640625
1534,7,2016-03-13 10:58:43.480,988.15380859375
1535,7,2016-03-13 10:58:44.483,988.102783203125
1536,7,2016-03-13 10:58:45.473,988.123779296875
1537,7,2016-03-13 10:58:46.471,988.103515625
1538,7,2016-03-13 10:58:47.472,988.107421875
1539,7,2016-03-13 10:58:48.473,988.069580078125
1540,7,2016-03-13 10:58:49.473,988.12939453125
1541,7,2016-03-13 10:58:50.470,988.140380859375
1542,7,2016-03-13 10:58:51.472,988.111572265625
1543,7,2016-03-13 10:58:52.473,988.172119140625
1544,7,2016-03-13 10:58:53.473,988.113525390625
1545,7,2016-03-13 10:58:54.480,988.07666015625
1546,7,2016-03-13 10:58:55.473,988.19970703125
1547,7,2016-03-13 10:58:56.473,988.144775390625
1548,7,2016-03-13 10:58:57.472,988.1259765625
1549,7,2016-03-13 10:58:58.464,988.193115234375
1550,7,2016-03-13 10:58:59.463,988.102783203125
1551,7,2016-03-13 10:59:00.463,988.15966796875
1552,7,2016-03-13 10:59:01.464,988.08642578125
1553,7,2016-03-13 10:59:02.464,988.1787109375
1554,7,2016-03-13 10:59:03.461,988.075927734375
1555,7,2016-03-13 10:59:04.470,988.0810546875
1556,7,2016-03-13 10:59:05.480,988.17626953125
1557,7,2016-03-13 10:59:06.473,988.1123046875
1558,7,2016-03-13 10:59:07.472,988.135986328125
1559,7,2016-03-13 10:59:08.473,988.15869140625
1560,7,2016-03-13 10:59:09.474,988.104736328125
1561,7,2016-03-13 10:59:10.482,988.083984375
1562,7,2016-03-13 10:59:11.480,988.08544921875
1563,7,2016-03-13 10:59:12.482,988.079345703125
1564,7,2016-03-13 10:59:13.472,988.1083984375
1565,7,2016-03-13 10:59:14.482,988.092041015625
1566,7,2016-03-13 10:59:15.476,988.035888671875
1567,7,2016-03-13 10:59:16.470,988.156005859375
1568,7,2016-03-13 10:59:17.473,988.10107421875
1569,7,2016-03-13 10:59:18.471,988.12109375
1570,7,2016-03-13 10:59:19.468,988.0556640625
1571,7,2016-03-13 10:59:20.472,988.098876953125
1572,7,2016-03-13 10:59:21.475,988.138671875
1573,7,2016-03-13 10:59:22.474,988.119873046875
1574,7,2016-03-13 10:59:23.468,988.123291015625
1575,7,2016-03-13 10:59:24.471,988.1201171875
1576,7,2016-03-13 10:59:25.478,988.110595703125
1577,7,2016-03-13 10:59:26.477,988.109375
1578,7,2016-03-13 10:59:27.470,988.16357421875
1579,7,2016-03-13 10:59:28.475,988.083740234375
1580,7,2016-03-13 10:59:29.468,988.169921875
1581,7,2016-03-13 10:59:30.466,988.132080078125
1582,7,2016-03-13 10:59:31.799,988.12548828125
1583,7,2016-03-13 10:59:32.472,988.1171875
1584,7,2016-03-13 10:59:33.471,988.090576171875
1585,7,2016-03-13 10:59:34.467,988.150146484375
1586,7,2016-03-13 10:59:35.470,988.123779296875
1587,7,2016-03-13 10:59:36.467,988.09619140625
1588,7,2016-03-13 10:59:37.466,988.107666015625
1589,7,2016-03-13 10:59:38.466,988.103271484375
1590,7,2016-03-13 10:59:39.773,988.1494140625
1591,7,2016-03-13 10:59:40.467,988.19189453125
1592,7,2016-03-13 10:59:41.465,988.11865234375
1593,7,2016-03-13 10:59:42.464,988.1240234375
1594,7,2016-03-13 10:59:43.465,988.106201171875
1595,7,2016-03-13 10:59:44.466,988.1689453125
1596,7,2016-03-13 10:59:45.466,988.066650390625
1597,7,2016-03-13 10:59:46.469,988.141845703125
1598,7,2016-03-13 10:59:47.468,988.09375
1599,7,2016-03-13 10:59:48.464,988.0634765625
1600,7,2016-03-13 10:59:49.468,988.159912109375
1601,7,2016-03-13 10:59:50.475,988.118408203125
1602,7,2016-03-13 10:59:51.466,988.1455078125
1603,7,2016-03-13 10:59:52.471,988.090087890625
1604,7,2016-03-13 10:59:53.846,988.075927734375
1605,7,2016-03-13 10:59:54.472,988.051513671875
1606,7,2016-03-13 10:59:55.488,988.03173828125
1607,7,2016-03-13 10:59:56.506,988.0927734375
1608,7,2016-03-13 10:59:57.472,988.1279296875
1609,7,2016-03-13 10:59:58.468,988.114501953125
1610,7,2016-03-13 10:59:59.469,988.11767578125
1611,7,2016-03-13 11:00:00.814,988.0869140625
1612,7,2016-03-13 11:00:01.470,988.102294921875
1613,7,2016-03-13 11:00:02.472,988.106689453125
1614,7,2016-03-13 11:00:03.469,988.09033203125
1615,7,2016-03-13 11:00:04.472,988.081787109375
1616,7,2016-03-13 11:00:05.470,988.0830078125
1617,7,2016-03-13 11:00:06.472,988.072021484375
1618,7,2016-03-13 11:00:07.470,988.070068359375
1619,7,2016-03-13 11:00:08.467,988.119873046875
1620,7,2016-03-13 11:00:09.467,988.144775390625
1621,7,2016-03-13 11:00:10.466,988.1123046875
1622,7,2016-03-13 11:00:11.469,988.081298828125
1623,7,2016-03-13 11:00:12.471,988.11572265625
1624,7,2016-03-13 11:00:13.467,988.059814453125
1625,7,2016-03-13 11:00:14.469,988.1455078125
1626,7,2016-03-13 11:00:15.467,988.082763671875
1627,7,2016-03-13 11:00:16.465,988.166259765625
1628,7,2016-03-13 11:00:17.467,988.1279296875
1629,7,2016-03-13 11:00:18.467,988.072021484375
1630,7,2016-03-13 11:00:19.466,988.108154296875
1631,7,2016-03-13 11:00:20.470,988.10400390625
1632,7,2016-03-13 11:00:21.466,988.08251953125
1633,7,2016-03-13 11:00:22.465,987.984375
1634,7,2016-03-13 11:00:23.472,988.11181640625
1635,7,2016-03-13 11:00:24.466,988.0234375
1636,7,2016-03-13 11:00:25.803,988.11474609375
1637,7,2016-03-13 11:00:26.478,988.031982421875
1638,7,2016-03-13 11:00:27.466,988.080810546875
1639,7,2016-03-13 11:00:28.469,988.10888671875
1640,7,2016-03-13 11:00:29.467,988.084716796875
1641,7,2016-03-13 11:00:30.544,988.07373046875
1642,7,2016-03-13 11:00:31.471,988.011962890625
1643,7,2016-03-13 11:00:32.470,988.097412109375
1644,7,2016-03-13 11:00:33.815,988.09619140625
1645,7,2016-03-13 11:00:34.470,988.09130859375
1646,7,2016-03-13 11:00:35.472,988.08056640625
1647,7,2016-03-13 11:00:36.467,988.079833984375
1648,7,2016-03-13 11:00:37.467,988.041015625
1649,7,2016-03-13 11:00:38.481,988.06982421875
1650,7,2016-03-13 11:00:39.742,988.037841796875
1651,7,2016-03-13 11:00:40.468,988.073486328125
1652,7,2016-03-13 11:00:41.472,988.1171875
1653,7,2016-03-13 11:00:42.474,988.08447265625
1654,7,2016-03-13 11:00:43.475,988.085693359375
1655,7,2016-03-13 11:00:44.471,988.084228515625
1656,7,2016-03-13 11:00:45.729,988.111328125
1657,7,2016-03-13 11:00:46.467,988.13330078125
1658,7,2016-03-13 11:00:47.468,988.118896484375
1659,7,2016-03-13 11:00:48.472,988.10595703125
1660,7,2016-03-13 11:00:49.469,988.068603515625
1661,7,2016-03-13 11:00:50.467,988.111083984375
1662,7,2016-03-13 11:00:51.470,988.099853515625
1663,7,2016-03-13 11:00:52.471,988.0458984375
1664,7,2016-03-13 11:00:53.687,988.072509765625
1665,7,2016-03-13 11:00:54.468,988.126708984375
1666,7,2016-03-13 11:00:55.468,988.078369140625
1667,7,2016-03-13 11:00:56.466,988.14208984375
1668,7,2016-03-13 11:00:57.472,988.13037109375
1669,7,2016-03-13 11:00:58.471,988.05224609375
1670,7,2016-03-13 11:00:59.480,988.091796875
1671,7,2016-03-13 11:01:00.608,988.0830078125
1672,7,2016-03-13 11:01:01.466,988.11181640625
1673,7,2016-03-13 11:01:02.479,988.08203125
1674,7,2016-03-13 11:01:03.649,988.09716796875
1675,7,2016-03-13 11:01:04.471,988.135498046875
1676,7,2016-03-13 11:01:05.472,988.1240234375
1677,7,2016-03-13 11:01:06.472,988.0498046875
1678,7,2016-03-13 11:01:07.466,988.073486328125
1679,7,2016-03-13 11:01:08.471,988.16943359375
1680,7,2016-03-13 11:01:09.502,988.109130859375
1681,7,2016-03-13 11:01:10.484,988.087158203125
1682,7,2016-03-13 11:01:11.856,988.04638671875
1683,7,2016-03-13 11:01:12.471,988.061767578125
1684,7,2016-03-13 11:01:13.481,988.090576171875
1685,7,2016-03-13 11:01:14.471,988.06689453125
1686,7,2016-03-13 11:01:15.466,988.09130859375
1687,7,2016-03-13 11:01:16.471,988.075439453125
1688,7,2016-03-13 11:01:17.468,988.00830078125
1689,7,2016-03-13 11:01:18.580,988.04443359375
1690,7,2016-03-13 11:01:19.473,988.129150390625
1691,7,2016-03-13 11:01:20.477,988.108154296875
1692,7,2016-03-13 11:01:21.472,988.107177734375
1693,7,2016-03-13 11:01:22.472,988.132568359375
1694,7,2016-03-13 11:01:23.480,988.088134765625
1695,7,2016-03-13 11:01:24.578,988.076416015625
1696,7,2016-03-13 11:01:25.471,988.09521484375
1697,7,2016-03-13 11:01:26.829,988.06201171875
1698,7,2016-03-13 11:01:27.480,988.117919921875
1699,7,2016-03-13 11:01:28.809,988.087890625
1700,7,2016-03-13 11:01:29.481,988.0947265625
1701,7,2016-03-13 11:01:30.466,988.082275390625
1702,7,2016-03-13 11:01:31.468,988.079833984375
1703,7,2016-03-13 11:01:32.470,988.09814453125
1704,7,2016-03-13 11:01:33.650,988.0322265625
1705,7,2016-03-13 11:01:34.466,988.138916015625
1706,7,2016-03-13 11:01:35.841,988.061767578125
1707,7,2016-03-13 11:01:36.464,988.09375
1708,7,2016-03-13 11:01:37.469,988.10400390625
1709,7,2016-03-13 11:01:38.469,988.142822265625
1710,7,2016-03-13 11:01:39.469,988.021240234375
1711,7,2016-03-13 11:01:40.466,988.11669921875
1712,7,2016-03-13 11:01:41.773,988.156005859375
1713,7,2016-03-13 11:01:42.466,988.14208984375
1714,7,2016-03-13 11:01:43.467,988.10400390625
1715,7,2016-03-13 11:01:44.467,988.129638671875
1716,7,2016-03-13 11:01:45.469,988.07568359375
1717,7,2016-03-13 11:01:46.470,988.12744140625
1718,7,2016-03-13 11:01:47.491,988.155029296875
1719,7,2016-03-13 11:01:48.486,988.109375
1720,7,2016-03-13 11:01:49.492,988.09521484375
1721,7,2016-03-13 11:01:50.823,988.051513671875
1722,7,2016-03-13 11:01:51.492,988.063720703125
1723,7,2016-03-13 11:01:52.489,988.079833984375
1724,7,2016-03-13 11:01:53.491,988.103271484375
1725,7,2016-03-13 11:01:54.489,988.10205078125
1726,7,2016-03-13 11:01:55.849,988.07666015625
1727,7,2016-03-13 11:01:56.490,988.038330078125
1728,7,2016-03-13 11:01:57.473,988.117919921875
1729,7,2016-03-13 11:01:58.491,988.046630859375
1730,7,2016-03-13 11:01:59.488,988.103515625
1731,7,2016-03-13 11:02:00.489,988.12255859375
1732,7,2016-03-13 11:02:01.471,988.0615234375
1733,7,2016-03-13 11:02:02.531,988.127197265625
1734,7,2016-03-13 11:02:03.499,988.0908203125
1735,7,2016-03-13 11:02:04.498,988.113037109375
1736,7,2016-03-13 11:02:05.494,988.103271484375
1737,7,2016-03-13 11:02:06.808,988.076904296875
1738,7,2016-03-13 11:02:07.500,988.053466796875
1739,7,2016-03-13 11:02:08.504,988.091064453125
1740,7,2016-03-13 11:02:09.513,988.125244140625
1741,7,2016-03-13 11:02:10.497,988.057861328125
1742,7,2016-03-13 11:02:11.507,988.117431640625
1743,7,2016-03-13 11:02:12.503,987.998046875
1744,7,2016-03-13 11:02:13.492,988.05908203125
1745,7,2016-03-13 11:02:14.491,988.1005859375
1746,7,2016-03-13 11:02:15.472,988.075927734375
1747,7,2016-03-13 11:02:16.503,988.14794921875
1748,7,2016-03-13 11:02:17.493,988.087646484375
1749,7,2016-03-13 11:02:18.496,988.08349609375
1750,7,2016-03-13 11:02:19.510,988.12744140625
1751,7,2016-03-13 11:02:20.497,988.03857421875
1752,7,2016-03-13 11:02:21.856,988.06298828125
1753,7,2016-03-13 11:02:22.499,988.119140625
1754,7,2016-03-13 11:02:23.504,988.072509765625
1755,7,2016-03-13 11:02:24.495,988.025390625
1756,7,2016-03-13 11:02:25.497,988.09619140625
1757,7,2016-03-13 11:02:26.498,988.145263671875
1758,7,2016-03-13 11:02:27.494,988.077392578125
1759,7,2016-03-13 11:02:28.494,988.044677734375
1760,7,2016-03-13 11:02:29.494,988.02001953125
1761,7,2016-03-13 11:02:30.848,988.06591796875
1762,7,2016-03-13 11:02:31.498,988.1396484375
1763,7,2016-03-13 11:02:32.492,988.05322265625
1764,7,2016-03-13 11:02:33.490,988.13330078125
1765,7,2016-03-13 11:02:34.495,988.087646484375
1766,7,2016-03-13 11:02:35.494,988.0673828125
1767,7,2016-03-13 11:02:36.502,988.08154296875
1768,7,2016-03-13 11:02:37.497,988.097412109375
1769,7,2016-03-13 11:02:38.848,988.091552734375
1770,7,2016-03-13 11:02:39.501,988.107666015625
1771,7,2016-03-13 11:02:40.497,988.05224609375
1772,7,2016-03-13 11:02:41.512,988.055908203125
1773,7,2016-03-13 11:02:42.499,988.07373046875
1774,7,2016-03-13 11:02:43.501,988.061279296875
1775,7,2016-03-13 11:02:44.723,988.06982421875
1776,7,2016-03-13 11:02:45.494,988.005126953125
1777,7,2016-03-13 11:02:46.494,988.002685546875
1778,7,2016-03-13 11:02:47.498,988.066650390625
1779,7,2016-03-13 11:02:48.497,988.080322265625
1780,7,2016-03-13 11:02:49.504,988.052734375
1781,7,2016-03-13 11:02:50.496,988.064453125
1782,7,2016-03-13 11:02:51.496,988.130615234375
1783,7,2016-03-13 11:02:52.493,988.11474609375
1784,7,2016-03-13 11:02:53.831,988.134521484375
1785,7,2016-03-13 11:02:54.497,988.14990234375
1786,7,2016-03-13 11:02:55.499,988.025390625
1787,7,2016-03-13 11:02:56.495,988.089599609375
1788,7,2016-03-13 11:02:57.499,988.010498046875
1789,7,2016-03-13 11:02:58.495,988.080078125
1790,7,2016-03-13 11:02:59.494,988.039794921875
1791,7,2016-03-13 11:03:00.818,988.0107421875
1792,7,2016-03-13 11:03:01.495,988.070556640625
1793,7,2016-03-13 11:03:02.495,988.0576171875
1794,7,2016-03-13 11:03:03.506,988.097412109375
1795,7,2016-03-13 11:03:04.495,988.031005859375
1796,7,2016-03-13 11:03:05.503,988.111083984375
1797,7,2016-03-13 11:03:06.494,988.137939453125
1798,7,2016-03-13 11:03:07.496,988.04736328125
1799,7,2016-03-13 11:03:08.483,988.028564453125
1800,7,2016-03-13 11:03:09.498,988.104736328125
1801,7,2016-03-13 11:03:10.493,988.04248046875
1802,7,2016-03-13 11:03:11.495,988.102294921875
1803,7,2016-03-13 11:03:12.497,988.06298828125
1804,7,2016-03-13 11:03:13.506,988.125732421875
1805,7,2016-03-13 11:03:14.492,988.126953125
1806,7,2016-03-13 11:03:15.490,988.083984375
