_id,sensor_id,date,currentMotion,pace,speed,distance
1,8,2016-03-10 16:08:13.372,Idle,0.0,0.0,0
2,8,2016-03-10 16:08:14.360,Idle,0.0,0.0,0
3,8,2016-03-10 16:08:15.359,Idle,0.0,0.0,0
4,8,2016-03-10 16:08:16.385,Idle,0.0,0.0,0
5,8,2016-03-10 16:08:17.387,Idle,0.0,0.0,0
6,8,2016-03-10 16:08:18.385,Idle,0.0,0.0,0
7,8,2016-03-10 16:08:19.394,Idle,0.0,0.0,0
8,8,2016-03-10 16:08:20.410,Idle,0.0,0.0,0
9,8,2016-03-10 16:08:21.418,Idle,0.0,0.0,0
10,8,2016-03-10 16:08:22.419,Idle,0.0,0.0,0
11,8,2016-03-10 16:08:23.423,Idle,0.0,0.0,0
12,8,2016-03-10 16:08:24.436,Idle,0.0,0.0,0
13,8,2016-03-10 16:08:25.446,Idle,0.0,0.0,0
14,8,2016-03-10 16:08:26.460,Idle,0.0,0.0,0
15,8,2016-03-10 16:08:27.461,Idle,0.0,0.0,0
16,8,2016-03-10 16:08:28.469,Idle,0.0,0.0,0
17,8,2016-03-10 16:08:29.485,Idle,0.0,0.0,0
18,8,2016-03-10 16:08:30.500,Idle,0.0,0.0,0
19,8,2016-03-10 16:08:31.489,Idle,0.0,0.0,0
20,8,2016-03-10 16:08:32.494,Idle,0.0,0.0,0
21,8,2016-03-10 16:08:33.493,Idle,0.0,0.0,0
22,8,2016-03-10 16:08:34.524,Idle,0.0,0.0,0
23,8,2016-03-10 16:08:35.515,Idle,0.0,0.0,0
24,8,2016-03-10 16:08:36.537,Idle,0.0,0.0,0
25,8,2016-03-10 16:08:37.543,Idle,0.0,0.0,0
26,8,2016-03-10 16:08:38.535,Idle,0.0,0.0,0
27,8,2016-03-10 16:08:39.561,Idle,0.0,0.0,0
28,8,2016-03-10 16:08:40.561,Idle,0.0,0.0,0
29,8,2016-03-10 16:08:41.560,Idle,0.0,0.0,0
30,8,2016-03-10 16:08:42.585,Idle,0.0,0.0,0
31,8,2016-03-10 16:08:43.579,Idle,0.0,0.0,0
32,8,2016-03-10 16:08:44.591,Idle,0.0,0.0,0
33,8,2016-03-10 16:08:45.593,Idle,0.0,0.0,0
34,8,2016-03-10 16:08:46.609,Idle,0.0,0.0,0
35,8,2016-03-10 16:08:47.618,Idle,0.0,0.0,0
36,8,2016-03-10 16:08:48.620,Idle,0.0,0.0,0
37,8,2016-03-10 16:08:49.643,Idle,0.0,0.0,0
38,8,2016-03-10 16:08:50.647,Idle,0.0,0.0,0
39,8,2016-03-10 16:08:51.644,Idle,0.0,0.0,0
40,8,2016-03-10 16:08:52.660,Idle,0.0,0.0,0
41,8,2016-03-10 16:08:53.661,Idle,0.0,0.0,0
42,8,2016-03-10 16:08:54.660,Idle,0.0,0.0,0
43,8,2016-03-10 16:08:55.693,Idle,0.0,0.0,0
44,8,2016-03-10 16:08:56.684,Idle,0.0,0.0,0
45,8,2016-03-10 16:08:57.692,Idle,0.0,0.0,0
46,8,2016-03-10 16:08:58.694,Idle,0.0,0.0,0
47,8,2016-03-10 16:08:59.709,Idle,0.0,0.0,0
48,8,2016-03-10 16:09:00.710,Idle,0.0,0.0,0
49,8,2016-03-10 16:09:01.718,Idle,0.0,0.0,0
50,8,2016-03-10 16:09:02.736,Idle,0.0,0.0,0
51,8,2016-03-10 16:09:03.744,Idle,0.0,0.0,0
52,8,2016-03-10 16:09:04.743,Idle,0.0,0.0,0
53,8,2016-03-10 16:09:05.750,Idle,0.0,0.0,0
54,8,2016-03-10 16:09:06.761,Idle,0.0,0.0,0
55,8,2016-03-10 16:09:07.761,Idle,0.0,0.0,0
56,8,2016-03-10 16:09:08.784,Idle,0.0,0.0,0
57,8,2016-03-10 16:09:09.787,Idle,0.0,0.0,0
58,8,2016-03-10 16:09:10.779,Idle,0.0,0.0,0
59,8,2016-03-10 16:09:11.793,Idle,0.0,0.0,0
60,8,2016-03-10 16:09:12.812,Idle,0.0,0.0,0
61,8,2016-03-10 16:09:13.817,Idle,0.0,0.0,0
62,8,2016-03-10 16:09:14.840,Idle,0.0,0.0,0
63,8,2016-03-10 16:09:15.844,Idle,0.0,0.0,0
64,8,2016-03-10 16:09:16.816,Idle,0.0,0.0,0
65,8,2016-03-10 16:09:17.834,Idle,0.0,0.0,0
66,8,2016-03-10 16:09:18.842,Idle,0.0,0.0,0
67,8,2016-03-10 16:09:19.860,Idle,0.0,0.0,0
68,8,2016-03-10 16:09:20.868,Idle,0.0,0.0,0
69,8,2016-03-10 16:09:21.883,Idle,0.0,0.0,0
70,8,2016-03-10 16:09:22.894,Idle,0.0,0.0,0
71,8,2016-03-10 16:09:23.891,Idle,0.0,0.0,0
72,8,2016-03-10 16:09:24.914,Idle,0.0,0.0,0
73,8,2016-03-10 16:09:25.916,Idle,0.0,0.0,0
74,8,2016-03-10 16:09:26.910,Idle,0.0,0.0,0
75,8,2016-03-10 16:09:27.945,Idle,0.0,0.0,0
76,8,2016-03-10 16:09:28.945,Idle,0.0,0.0,0
77,8,2016-03-10 16:09:29.938,Idle,0.0,0.0,0
78,8,2016-03-10 16:09:30.949,Idle,0.0,0.0,0
79,8,2016-03-10 16:09:31.949,Idle,0.0,0.0,0
80,8,2016-03-10 16:09:32.960,Idle,0.0,0.0,0
81,8,2016-03-10 16:09:33.987,Idle,0.0,0.0,0
82,8,2016-03-10 16:09:34.961,Idle,0.0,0.0,0
83,8,2016-03-10 16:09:35.986,Idle,0.0,0.0,0
84,8,2016-03-10 16:09:36.985,Idle,0.0,0.0,0
85,8,2016-03-10 16:09:38.011,Idle,0.0,0.0,0
86,8,2016-03-10 16:09:39.010,Idle,0.0,0.0,0
87,8,2016-03-10 16:09:40.036,Idle,0.0,0.0,0
88,8,2016-03-10 16:09:41.035,Idle,0.0,0.0,0
89,8,2016-03-10 16:09:42.044,Idle,0.0,0.0,0
90,8,2016-03-10 16:09:43.041,Idle,0.0,0.0,0
91,8,2016-03-10 16:09:44.060,Idle,0.0,0.0,0
92,8,2016-03-10 16:09:45.060,Idle,0.0,0.0,0
93,8,2016-03-10 16:09:46.085,Idle,0.0,0.0,0
94,8,2016-03-10 16:09:47.085,Idle,0.0,0.0,0
95,8,2016-03-10 16:09:48.086,Idle,0.0,0.0,0
96,8,2016-03-10 16:09:49.111,Idle,0.0,0.0,0
97,8,2016-03-10 16:09:50.110,Idle,0.0,0.0,0
98,8,2016-03-10 16:09:51.117,Idle,0.0,0.0,0
99,8,2016-03-10 16:09:52.135,Idle,0.0,0.0,0
100,8,2016-03-10 16:09:53.135,Idle,0.0,0.0,0
101,8,2016-03-10 16:09:54.134,Idle,0.0,0.0,0
102,8,2016-03-10 16:09:55.155,Idle,0.0,0.0,0
103,8,2016-03-10 16:09:56.160,Idle,0.0,0.0,0
104,8,2016-03-10 16:09:57.159,Idle,0.0,0.0,0
105,8,2016-03-10 16:09:58.185,Idle,0.0,0.0,0
106,8,2016-03-10 16:09:59.197,Idle,0.0,0.0,0
107,8,2016-03-10 16:10:00.185,Idle,0.0,0.0,0
108,8,2016-03-10 16:10:01.211,Idle,0.0,0.0,0
109,8,2016-03-10 16:10:02.211,Idle,0.0,0.0,0
110,8,2016-03-10 16:10:03.235,Idle,0.0,0.0,0
111,8,2016-03-10 16:10:04.237,Idle,0.0,0.0,0
112,8,2016-03-10 16:10:05.235,Idle,0.0,0.0,0
113,8,2016-03-10 16:10:06.260,Idle,0.0,0.0,0
114,8,2016-03-10 16:10:07.261,Idle,0.0,0.0,0
115,8,2016-03-10 16:10:08.286,Idle,0.0,0.0,0
116,8,2016-03-10 16:10:09.260,Idle,0.0,0.0,0
117,8,2016-03-10 16:10:10.285,Idle,0.0,0.0,0
118,8,2016-03-10 16:10:11.285,Idle,0.0,0.0,0
119,8,2016-03-10 16:10:12.310,Idle,0.0,0.0,0
120,8,2016-03-10 16:10:13.310,Idle,0.0,0.0,0
121,8,2016-03-10 16:10:14.311,Idle,0.0,0.0,0
122,8,2016-03-10 16:10:15.336,Idle,0.0,0.0,0
123,8,2016-03-10 16:10:16.335,Idle,0.0,0.0,0
124,8,2016-03-10 16:10:17.360,Idle,0.0,0.0,0
125,8,2016-03-10 16:10:18.364,Idle,0.0,0.0,0
126,8,2016-03-10 16:10:19.361,Idle,0.0,0.0,0
127,8,2016-03-10 16:10:20.364,Idle,0.0,0.0,0
128,8,2016-03-10 16:10:21.385,Idle,0.0,0.0,0
129,8,2016-03-10 16:10:22.410,Idle,0.0,0.0,0
130,8,2016-03-10 16:10:23.410,Idle,0.0,0.0,0
131,8,2016-03-10 16:10:24.410,Idle,0.0,0.0,0
132,8,2016-03-10 16:10:25.411,Idle,0.0,0.0,0
133,8,2016-03-10 16:10:26.410,Idle,0.0,0.0,0
134,8,2016-03-10 16:10:27.435,Idle,0.0,0.0,0
135,8,2016-03-10 16:10:28.445,Idle,0.0,0.0,0
136,8,2016-03-10 16:10:29.460,Idle,0.0,0.0,0
137,8,2016-03-10 16:10:30.460,Idle,0.0,0.0,0
138,8,2016-03-10 16:10:31.460,Idle,0.0,0.0,0
139,8,2016-03-10 16:10:32.485,Idle,0.0,0.0,0
140,8,2016-03-10 16:10:33.485,Idle,0.0,0.0,0
141,8,2016-03-10 16:10:34.510,Idle,0.0,0.0,0
142,8,2016-03-10 16:10:35.510,Idle,0.0,0.0,0
143,8,2016-03-10 16:10:36.510,Idle,0.0,0.0,0
144,8,2016-03-10 16:10:37.535,Idle,0.0,0.0,0
145,8,2016-03-10 16:10:38.510,Idle,0.0,0.0,0
146,8,2016-03-10 16:10:39.536,Idle,0.0,0.0,0
147,8,2016-03-10 16:10:40.534,Idle,0.0,0.0,0
148,8,2016-03-10 16:10:41.536,Idle,0.0,0.0,0
149,8,2016-03-10 16:10:42.560,Idle,0.0,0.0,0
150,8,2016-03-10 16:10:43.560,Idle,0.0,0.0,0
151,8,2016-03-10 16:10:44.585,Idle,0.0,0.0,0
152,8,2016-03-10 16:10:45.585,Idle,0.0,0.0,0
153,8,2016-03-10 16:10:46.585,Idle,0.0,0.0,0
154,8,2016-03-10 16:10:47.614,Idle,0.0,0.0,0
155,8,2016-03-10 16:10:48.616,Idle,0.0,0.0,0
156,8,2016-03-10 16:10:49.611,Idle,0.0,0.0,0
157,8,2016-03-10 16:10:50.642,Idle,0.0,0.0,0
158,8,2016-03-10 16:10:51.650,Idle,0.0,0.0,0
159,8,2016-03-10 16:10:52.662,Idle,0.0,0.0,0
160,8,2016-03-10 16:10:53.642,Idle,0.0,0.0,0
161,8,2016-03-10 16:10:54.666,Idle,0.0,0.0,0
162,8,2016-03-10 16:10:55.662,Idle,0.0,0.0,0
163,8,2016-03-10 16:10:56.666,Idle,0.0,0.0,0
164,8,2016-03-10 16:10:57.689,Idle,0.0,0.0,0
165,8,2016-03-10 16:10:58.688,Idle,0.0,0.0,0
166,8,2016-03-10 16:10:59.686,Idle,0.0,0.0,0
167,8,2016-03-10 16:11:00.711,Idle,0.0,0.0,0
168,8,2016-03-10 16:11:01.720,Idle,0.0,0.0,0
169,8,2016-03-10 16:11:02.737,Idle,0.0,0.0,0
170,8,2016-03-10 16:11:03.727,Idle,0.0,0.0,0
171,8,2016-03-10 16:11:04.732,Idle,0.0,0.0,0
172,8,2016-03-10 16:11:05.727,Idle,0.0,0.0,0
173,8,2016-03-10 16:11:06.735,Idle,0.0,0.0,0
174,8,2016-03-10 16:11:07.775,Idle,0.0,0.0,0
175,8,2016-03-10 16:11:08.762,Idle,0.0,0.0,0
176,8,2016-03-10 16:11:09.786,Idle,0.0,0.0,0
177,8,2016-03-10 16:11:10.786,Idle,0.0,0.0,0
178,8,2016-03-10 16:11:11.789,Idle,0.0,0.0,0
179,8,2016-03-10 16:11:12.793,Idle,0.0,0.0,0
180,8,2016-03-10 16:11:13.825,Idle,0.0,0.0,0
181,8,2016-03-10 16:11:14.811,Idle,0.0,0.0,0
182,8,2016-03-10 16:11:15.839,Idle,0.0,0.0,0
183,8,2016-03-10 16:11:16.841,Idle,0.0,0.0,0
184,8,2016-03-10 16:11:17.845,Idle,0.0,0.0,0
185,8,2016-03-10 16:11:18.840,Idle,0.0,0.0,0
186,8,2016-03-10 16:11:19.868,Idle,0.0,0.0,0
187,8,2016-03-10 16:11:20.863,Idle,0.0,0.0,0
188,8,2016-03-10 16:11:21.863,Idle,0.0,0.0,0
189,8,2016-03-10 16:11:22.892,Idle,0.0,0.0,0
190,8,2016-03-10 16:11:23.892,Idle,0.0,0.0,0
191,8,2016-03-10 16:11:24.894,Idle,0.0,0.0,0
192,8,2016-03-10 16:11:25.913,Idle,0.0,0.0,0
193,8,2016-03-10 16:11:26.917,Idle,0.0,0.0,0
194,8,2016-03-10 16:11:27.918,Idle,0.0,0.0,0
195,8,2016-03-10 16:11:28.943,Idle,0.0,0.0,0
196,8,2016-03-10 16:11:29.914,Idle,0.0,0.0,0
197,8,2016-03-10 16:11:30.941,Idle,0.0,0.0,0
198,8,2016-03-10 16:11:31.943,Idle,0.0,0.0,0
199,8,2016-03-10 16:11:32.967,Idle,0.0,0.0,0
200,8,2016-03-10 16:11:33.962,Idle,0.0,0.0,0
201,8,2016-03-10 16:11:34.967,Idle,0.0,0.0,0
202,8,2016-03-10 16:11:35.993,Idle,0.0,0.0,0
203,8,2016-03-10 16:11:36.994,Idle,0.0,0.0,0
204,8,2016-03-10 16:11:37.988,Idle,0.0,0.0,0
205,8,2016-03-10 16:11:39.018,Idle,0.0,0.0,0
206,8,2016-03-10 16:11:40.020,Idle,0.0,0.0,0
207,8,2016-03-10 16:11:41.041,Idle,0.0,0.0,0
208,8,2016-03-10 16:11:42.037,Idle,0.0,0.0,0
209,8,2016-03-10 16:11:43.041,Idle,0.0,0.0,0
210,8,2016-03-10 16:11:44.067,Idle,0.0,0.0,0
211,8,2016-03-10 16:11:45.050,Idle,0.0,0.0,0
212,8,2016-03-10 16:11:46.066,Idle,0.0,0.0,0
213,8,2016-03-10 16:11:47.066,Idle,0.0,0.0,0
214,8,2016-03-10 16:11:48.090,Idle,0.0,0.0,0
215,8,2016-03-10 16:11:49.092,Idle,0.0,0.0,0
216,8,2016-03-10 16:11:50.093,Idle,0.0,0.0,0
217,8,2016-03-10 16:11:51.112,Idle,0.0,0.0,0
218,8,2016-03-10 16:11:52.112,Idle,0.0,0.0,0
219,8,2016-03-10 16:11:53.114,Idle,0.0,0.0,0
220,8,2016-03-10 16:11:54.145,Idle,0.0,0.0,0
221,8,2016-03-10 16:11:55.150,Idle,0.0,0.0,0
222,8,2016-03-10 16:11:56.145,Idle,0.0,0.0,0
223,8,2016-03-10 16:11:57.161,Idle,0.0,0.0,0
224,8,2016-03-10 16:11:58.161,Idle,0.0,0.0,0
225,8,2016-03-10 16:11:59.169,Idle,0.0,0.0,0
226,8,2016-03-10 16:12:00.160,Idle,0.0,0.0,0
227,8,2016-03-10 16:12:01.185,Idle,0.0,0.0,0
228,8,2016-03-10 16:12:02.185,Idle,0.0,0.0,0
229,8,2016-03-10 16:12:03.224,Idle,0.0,0.0,0
230,8,2016-03-10 16:12:04.221,Idle,0.0,0.0,0
231,8,2016-03-10 16:12:05.241,Idle,0.0,0.0,0
232,8,2016-03-10 16:12:06.239,Idle,0.0,0.0,0
233,8,2016-03-10 16:12:07.239,Idle,0.0,0.0,0
234,8,2016-03-10 16:12:08.235,Idle,0.0,0.0,0
235,8,2016-03-10 16:12:09.238,Idle,0.0,0.0,0
236,8,2016-03-10 16:12:10.260,Idle,0.0,0.0,0
237,8,2016-03-10 16:12:11.286,Idle,0.0,0.0,0
238,8,2016-03-10 16:12:12.286,Idle,0.0,0.0,0
239,8,2016-03-10 16:12:13.284,Idle,0.0,0.0,0
240,8,2016-03-10 16:12:14.285,Idle,0.0,0.0,0
241,8,2016-03-10 16:12:15.286,Idle,0.0,0.0,0
242,8,2016-03-10 16:12:16.309,Idle,0.0,0.0,0
243,8,2016-03-10 16:12:17.314,Idle,0.0,0.0,0
244,8,2016-03-10 16:12:18.336,Idle,0.0,0.0,0
245,8,2016-03-10 16:12:19.337,Idle,0.0,0.0,0
246,8,2016-03-10 16:12:20.339,Idle,0.0,0.0,0
247,8,2016-03-10 16:12:21.368,Idle,0.0,0.0,0
248,8,2016-03-10 16:12:22.354,Idle,0.0,0.0,0
249,8,2016-03-10 16:12:23.366,Idle,0.0,0.0,0
250,8,2016-03-10 16:12:24.362,Idle,0.0,0.0,0
251,8,2016-03-10 16:12:25.391,Idle,0.0,0.0,0
252,8,2016-03-10 16:12:26.410,Idle,0.0,0.0,0
253,8,2016-03-10 16:12:27.405,Idle,0.0,0.0,0
254,8,2016-03-10 16:12:28.412,Idle,0.0,0.0,0
255,8,2016-03-10 16:12:29.410,Idle,0.0,0.0,0
256,8,2016-03-10 16:12:30.412,Idle,0.0,0.0,0
257,8,2016-03-10 16:12:31.440,Idle,0.0,0.0,0
258,8,2016-03-10 16:12:32.438,Idle,0.0,0.0,0
259,8,2016-03-10 16:12:33.472,Idle,0.0,0.0,0
260,8,2016-03-10 16:12:34.461,Idle,0.0,0.0,0
261,8,2016-03-10 16:12:35.460,Idle,0.0,0.0,0
262,8,2016-03-10 16:12:36.492,Idle,0.0,0.0,0
263,8,2016-03-10 16:12:37.495,Idle,0.0,0.0,0
264,8,2016-03-10 16:12:38.490,Idle,0.0,0.0,0
265,8,2016-03-10 16:12:39.487,Idle,0.0,0.0,0
266,8,2016-03-10 16:12:40.511,Idle,0.0,0.0,0
267,8,2016-03-10 16:12:41.521,Idle,0.0,0.0,0
268,8,2016-03-10 16:12:42.512,Idle,0.0,0.0,0
269,8,2016-03-10 16:12:43.539,Idle,0.0,0.0,0
270,8,2016-03-10 16:12:44.543,Idle,0.0,0.0,0
271,8,2016-03-10 16:12:45.539,Idle,0.0,0.0,0
272,8,2016-03-10 16:12:46.568,Idle,0.0,0.0,0
273,8,2016-03-10 16:12:47.572,Idle,0.0,0.0,0
274,8,2016-03-10 16:12:48.576,Idle,0.0,0.0,0
275,8,2016-03-10 16:12:49.586,Idle,0.0,0.0,0
276,8,2016-03-10 16:12:50.592,Idle,0.0,0.0,0
277,8,2016-03-10 16:12:51.617,Idle,0.0,0.0,0
278,8,2016-03-10 16:12:52.619,Idle,0.0,0.0,0
279,8,2016-03-10 16:12:53.616,Idle,0.0,0.0,0
280,8,2016-03-10 16:12:54.614,Idle,0.0,0.0,0
281,8,2016-03-10 16:12:55.654,Idle,0.0,0.0,0
282,8,2016-03-10 16:12:56.638,Idle,0.0,0.0,0
283,8,2016-03-10 16:12:57.656,Idle,0.0,0.0,0
284,8,2016-03-10 16:12:58.649,Idle,0.0,0.0,0
285,8,2016-03-10 16:12:59.661,Idle,0.0,0.0,0
286,8,2016-03-10 16:13:00.660,Idle,0.0,0.0,0
287,8,2016-03-10 16:13:01.687,Idle,0.0,0.0,0
288,8,2016-03-10 16:13:02.685,Idle,0.0,0.0,0
289,8,2016-03-10 16:13:03.689,Idle,0.0,0.0,0
290,8,2016-03-10 16:13:04.714,Idle,0.0,0.0,0
291,8,2016-03-10 16:13:05.711,Idle,0.0,0.0,0
292,8,2016-03-10 16:13:06.711,Idle,0.0,0.0,0
293,8,2016-03-10 16:13:07.709,Idle,0.0,0.0,0
294,8,2016-03-10 16:13:08.742,Idle,0.0,0.0,0
295,8,2016-03-10 16:13:09.738,Idle,0.0,0.0,0
296,8,2016-03-10 16:13:10.764,Idle,0.0,0.0,0
297,8,2016-03-10 16:13:11.797,Idle,0.0,0.0,0
298,8,2016-03-10 16:13:12.759,Idle,0.0,0.0,0
299,8,2016-03-10 16:13:13.762,Idle,0.0,0.0,0
300,8,2016-03-10 16:13:14.794,Idle,0.0,0.0,0
301,8,2016-03-10 16:13:15.791,Idle,0.0,0.0,0
302,8,2016-03-10 16:13:16.824,Idle,0.0,0.0,0
303,8,2016-03-10 16:13:17.815,Idle,0.0,0.0,0
304,8,2016-03-10 16:13:18.845,Idle,0.0,0.0,0
305,8,2016-03-10 16:13:19.824,Idle,0.0,0.0,0
306,8,2016-03-10 16:13:20.843,Idle,0.0,0.0,0
307,8,2016-03-10 16:13:21.844,Idle,0.0,0.0,0
308,8,2016-03-10 16:13:22.845,Idle,0.0,0.0,0
309,8,2016-03-10 16:13:23.870,Idle,0.0,0.0,0
310,8,2016-03-10 16:13:24.869,Idle,0.0,0.0,0
311,8,2016-03-10 16:13:25.869,Idle,0.0,0.0,0
312,8,2016-03-10 16:13:26.896,Idle,0.0,0.0,0
313,8,2016-03-10 16:13:27.893,Idle,0.0,0.0,0
314,8,2016-03-10 16:13:28.914,Idle,0.0,0.0,0
315,8,2016-03-10 16:13:29.914,Idle,0.0,0.0,0
316,8,2016-03-10 16:13:30.918,Idle,0.0,0.0,0
317,8,2016-03-10 16:13:31.944,Idle,0.0,0.0,0
318,8,2016-03-10 16:13:32.910,Idle,0.0,0.0,0
319,8,2016-03-10 16:13:33.935,Idle,0.0,0.0,0
320,8,2016-03-10 16:13:34.942,Idle,0.0,0.0,0
321,8,2016-03-10 16:13:35.968,Idle,0.0,0.0,0
322,8,2016-03-10 16:13:36.964,Idle,0.0,0.0,0
323,8,2016-03-10 16:13:37.970,Idle,0.0,0.0,0
324,8,2016-03-10 16:13:38.993,Idle,0.0,0.0,0
325,8,2016-03-10 16:13:39.992,Idle,0.0,0.0,0
326,8,2016-03-10 16:13:40.987,Idle,0.0,0.0,0
327,8,2016-03-10 16:13:42.010,Idle,0.0,0.0,0
328,8,2016-03-10 16:13:43.018,Idle,0.0,0.0,0
329,8,2016-03-10 16:13:44.041,Idle,0.0,0.0,0
330,8,2016-03-10 16:13:45.043,Idle,0.0,0.0,0
331,8,2016-03-10 16:13:46.035,Idle,0.0,0.0,0
332,8,2016-03-10 16:13:47.089,Idle,0.0,0.0,0
333,8,2016-03-10 16:13:48.035,Idle,0.0,0.0,0
334,8,2016-03-10 16:13:49.068,Idle,0.0,0.0,0
335,8,2016-03-10 16:13:50.082,Idle,0.0,0.0,0
336,8,2016-03-10 16:13:51.083,Idle,0.0,0.0,0
337,8,2016-03-10 16:13:52.084,Idle,0.0,0.0,0
338,8,2016-03-10 16:13:53.090,Idle,0.0,0.0,0
339,8,2016-03-10 16:13:54.119,Idle,0.0,0.0,0
340,8,2016-03-10 16:13:55.112,Idle,0.0,0.0,0
341,8,2016-03-10 16:13:56.116,Idle,0.0,0.0,0
342,8,2016-03-10 16:13:57.113,Idle,0.0,0.0,0
343,8,2016-03-10 16:13:58.116,Idle,0.0,0.0,0
344,8,2016-03-10 16:13:59.139,Idle,0.0,0.0,0
345,8,2016-03-10 16:14:00.160,Idle,0.0,0.0,0
346,8,2016-03-10 16:14:01.166,Idle,0.0,0.0,0
347,8,2016-03-10 16:14:02.162,Idle,0.0,0.0,0
348,8,2016-03-10 16:14:03.159,Idle,0.0,0.0,0
349,8,2016-03-10 16:14:04.184,Idle,0.0,0.0,0
350,8,2016-03-10 16:14:05.184,Idle,0.0,0.0,0
351,8,2016-03-10 16:14:06.187,Idle,0.0,0.0,0
352,8,2016-03-10 16:14:07.209,Idle,0.0,0.0,0
353,8,2016-03-10 16:14:08.241,Idle,0.0,0.0,0
354,8,2016-03-10 16:14:09.225,Idle,0.0,0.0,0
355,8,2016-03-10 16:14:10.218,Idle,0.0,0.0,0
356,8,2016-03-10 16:14:11.236,Idle,0.0,0.0,0
357,8,2016-03-10 16:14:12.260,Idle,0.0,0.0,0
358,8,2016-03-10 16:14:13.259,Idle,0.0,0.0,0
359,8,2016-03-10 16:14:14.259,Idle,0.0,0.0,0
360,8,2016-03-10 16:14:15.260,Idle,0.0,0.0,0
361,8,2016-03-10 16:14:16.275,Idle,0.0,0.0,0
362,8,2016-03-10 16:14:17.284,Idle,0.0,0.0,0
363,8,2016-03-10 16:14:18.285,Idle,0.0,0.0,0
364,8,2016-03-10 16:14:19.310,Idle,0.0,0.0,0
365,8,2016-03-10 16:14:20.310,Idle,0.0,0.0,0
366,8,2016-03-10 16:14:21.310,Idle,0.0,0.0,0
367,8,2016-03-10 16:14:22.336,Idle,0.0,0.0,0
368,8,2016-03-10 16:14:23.346,Idle,0.0,0.0,0
369,8,2016-03-10 16:14:24.342,Idle,0.0,0.0,0
370,8,2016-03-10 16:14:25.361,Idle,0.0,0.0,0
371,8,2016-03-10 16:14:26.367,Idle,0.0,0.0,0
372,8,2016-03-10 16:14:27.367,Idle,0.0,0.0,0
373,8,2016-03-10 16:14:28.360,Idle,0.0,0.0,0
374,8,2016-03-10 16:14:29.391,Idle,0.0,0.0,0
375,8,2016-03-10 16:14:30.386,Idle,0.0,0.0,0
376,8,2016-03-10 16:14:31.390,Idle,0.0,0.0,0
377,8,2016-03-10 16:14:32.416,Idle,0.0,0.0,0
378,8,2016-03-10 16:14:33.414,Idle,0.0,0.0,0
379,8,2016-03-10 16:14:34.418,Idle,0.0,0.0,0
380,8,2016-03-10 16:14:35.440,Idle,0.0,0.0,0
381,8,2016-03-10 16:14:36.434,Idle,0.0,0.0,0
382,8,2016-03-10 16:14:37.460,Idle,0.0,0.0,0
383,8,2016-03-10 16:14:38.468,Idle,0.0,0.0,0
384,8,2016-03-10 16:14:39.473,Idle,0.0,0.0,0
385,8,2016-03-10 16:14:40.468,Idle,0.0,0.0,0
386,8,2016-03-10 16:14:41.461,Idle,0.0,0.0,0
387,8,2016-03-10 16:14:42.487,Idle,0.0,0.0,0
388,8,2016-03-10 16:14:43.492,Idle,0.0,0.0,0
389,8,2016-03-10 16:14:44.493,Idle,0.0,0.0,0
390,8,2016-03-10 16:14:45.511,Idle,0.0,0.0,0
391,8,2016-03-10 16:14:46.516,Idle,0.0,0.0,0
392,8,2016-03-10 16:14:47.542,Idle,0.0,0.0,0
393,8,2016-03-10 16:14:48.537,Idle,0.0,0.0,0
394,8,2016-03-10 16:14:49.557,Idle,0.0,0.0,0
395,8,2016-03-10 16:14:50.564,Idle,0.0,0.0,0
396,8,2016-03-10 16:14:51.542,Idle,0.0,0.0,0
397,8,2016-03-10 16:14:52.567,Idle,0.0,0.0,0
398,8,2016-03-10 16:14:53.569,Idle,0.0,0.0,0
399,8,2016-03-10 16:14:54.585,Idle,0.0,0.0,0
400,8,2016-03-10 16:14:55.592,Idle,0.0,0.0,0
401,8,2016-03-10 16:14:56.595,Idle,0.0,0.0,0
402,8,2016-03-10 16:14:57.616,Idle,0.0,0.0,0
403,8,2016-03-10 16:14:58.619,Idle,0.0,0.0,0
404,8,2016-03-10 16:14:59.614,Idle,0.0,0.0,0
405,8,2016-03-10 16:15:00.638,Idle,0.0,0.0,0
406,8,2016-03-10 16:15:01.639,Idle,0.0,0.0,0
407,8,2016-03-10 16:15:02.646,Idle,0.0,0.0,0
408,8,2016-03-10 16:15:03.667,Idle,0.0,0.0,0
409,8,2016-03-10 16:15:04.657,Idle,0.0,0.0,0
410,8,2016-03-10 16:15:05.684,Idle,0.0,0.0,0
411,8,2016-03-10 16:15:06.685,Idle,0.0,0.0,0
412,8,2016-03-10 16:15:07.673,Idle,0.0,0.0,0
413,8,2016-03-10 16:15:08.686,Idle,0.0,0.0,0
414,8,2016-03-10 16:15:09.685,Idle,0.0,0.0,0
415,8,2016-03-10 16:15:10.709,Idle,0.0,0.0,0
416,8,2016-03-10 16:15:11.712,Idle,0.0,0.0,0
417,8,2016-03-10 16:15:12.735,Idle,0.0,0.0,0
418,8,2016-03-10 16:15:13.754,Idle,0.0,0.0,0
419,8,2016-03-10 16:15:14.740,Idle,0.0,0.0,0
420,8,2016-03-10 16:15:15.762,Idle,0.0,0.0,0
421,8,2016-03-10 16:15:16.764,Idle,0.0,0.0,0
422,8,2016-03-10 16:15:17.759,Idle,0.0,0.0,0
423,8,2016-03-10 16:15:18.764,Idle,0.0,0.0,0
424,8,2016-03-10 16:15:19.792,Idle,0.0,0.0,0
425,8,2016-03-10 16:15:20.785,Idle,0.0,0.0,0
426,8,2016-03-10 16:15:21.789,Idle,0.0,0.0,0
427,8,2016-03-10 16:15:22.815,Idle,0.0,0.0,0
428,8,2016-03-10 16:15:23.817,Idle,0.0,0.0,0
429,8,2016-03-10 16:15:24.840,Idle,0.0,0.0,0
430,8,2016-03-10 16:15:25.842,Idle,0.0,0.0,0
431,8,2016-03-10 16:15:26.837,Idle,0.0,0.0,0
432,8,2016-03-10 16:15:27.843,Idle,0.0,0.0,0
433,8,2016-03-10 16:15:28.864,Idle,0.0,0.0,0
434,8,2016-03-10 16:15:29.867,Idle,0.0,0.0,0
435,8,2016-03-10 16:15:30.891,Idle,0.0,0.0,0
436,8,2016-03-10 16:15:31.892,Idle,0.0,0.0,0
437,8,2016-03-10 16:15:32.888,Idle,0.0,0.0,0
438,8,2016-03-10 16:15:33.892,Idle,0.0,0.0,0
439,8,2016-03-10 16:15:34.914,Idle,0.0,0.0,0
440,8,2016-03-10 16:15:35.915,Idle,0.0,0.0,0
441,8,2016-03-10 16:15:36.922,Idle,0.0,0.0,0
442,8,2016-03-10 16:15:37.941,Idle,0.0,0.0,0
443,8,2016-03-10 16:15:38.942,Idle,0.0,0.0,0
444,8,2016-03-10 16:15:39.941,Idle,0.0,0.0,0
445,8,2016-03-10 16:15:40.967,Idle,0.0,0.0,0
446,8,2016-03-10 16:15:41.962,Idle,0.0,0.0,0
447,8,2016-03-10 16:15:42.973,Idle,0.0,0.0,0
448,8,2016-03-10 16:15:43.987,Idle,0.0,0.0,0
449,8,2016-03-10 16:15:44.993,Idle,0.0,0.0,0
450,8,2016-03-10 16:15:45.993,Idle,0.0,0.0,0
451,8,2016-03-10 16:15:46.986,Idle,0.0,0.0,0
452,8,2016-03-10 16:15:48.011,Idle,0.0,0.0,0
453,8,2016-03-10 16:15:49.023,Idle,0.0,0.0,0
454,8,2016-03-10 16:15:50.036,Idle,0.0,0.0,0
455,8,2016-03-10 16:15:51.043,Idle,0.0,0.0,0
456,8,2016-03-10 16:15:52.037,Idle,0.0,0.0,0
457,8,2016-03-10 16:15:53.062,Idle,0.0,0.0,0
458,8,2016-03-10 16:15:54.067,Idle,0.0,0.0,0
459,8,2016-03-10 16:15:55.067,Idle,0.0,0.0,0
460,8,2016-03-10 16:15:56.088,Idle,0.0,0.0,0
461,8,2016-03-10 16:15:57.068,Idle,0.0,0.0,0
462,8,2016-03-10 16:15:58.092,Idle,0.0,0.0,0
463,8,2016-03-10 16:15:59.092,Idle,0.0,0.0,0
464,8,2016-03-10 16:16:00.117,Idle,0.0,0.0,0
465,8,2016-03-10 16:16:01.123,Idle,0.0,0.0,0
466,8,2016-03-10 16:16:02.117,Idle,0.0,0.0,0
467,8,2016-03-10 16:16:03.143,Idle,0.0,0.0,0
468,8,2016-03-10 16:16:04.141,Idle,0.0,0.0,0
469,8,2016-03-10 16:16:05.142,Idle,0.0,0.0,0
470,8,2016-03-10 16:16:06.167,Idle,0.0,0.0,0
471,8,2016-03-10 16:16:07.187,Idle,0.0,0.0,0
472,8,2016-03-10 16:16:08.194,Idle,0.0,0.0,0
473,8,2016-03-10 16:16:09.168,Idle,0.0,0.0,0
474,8,2016-03-10 16:16:10.196,Idle,0.0,0.0,0
475,8,2016-03-10 16:16:11.210,Idle,0.0,0.0,0
476,8,2016-03-10 16:16:12.187,Idle,0.0,0.0,0
477,8,2016-03-10 16:16:13.209,Idle,0.0,0.0,0
478,8,2016-03-10 16:16:14.217,Idle,0.0,0.0,0
479,8,2016-03-10 16:16:15.217,Idle,0.0,0.0,0
480,8,2016-03-10 16:16:16.225,Idle,0.0,0.0,0
481,8,2016-03-10 16:16:17.244,Idle,0.0,0.0,0
482,8,2016-03-10 16:16:18.260,Idle,0.0,0.0,0
483,8,2016-03-10 16:16:19.261,Idle,0.0,0.0,0
484,8,2016-03-10 16:16:20.259,Idle,0.0,0.0,0
485,8,2016-03-10 16:16:21.283,Idle,0.0,0.0,0
486,8,2016-03-10 16:16:22.284,Idle,0.0,0.0,0
487,8,2016-03-10 16:16:23.284,Idle,0.0,0.0,0
488,8,2016-03-10 16:16:24.309,Idle,0.0,0.0,0
489,8,2016-03-10 16:16:25.309,Idle,0.0,0.0,0
490,8,2016-03-10 16:16:26.339,Idle,0.0,0.0,0
491,8,2016-03-10 16:16:27.311,Idle,0.0,0.0,0
492,8,2016-03-10 16:16:28.336,Idle,0.0,0.0,0
493,8,2016-03-10 16:16:29.341,Idle,0.0,0.0,0
494,8,2016-03-10 16:16:30.342,Idle,0.0,0.0,0
495,8,2016-03-10 16:16:31.365,Idle,0.0,0.0,0
496,8,2016-03-10 16:16:32.366,Idle,0.0,0.0,0
497,8,2016-03-10 16:16:33.359,Idle,0.0,0.0,0
498,8,2016-03-10 16:16:34.396,Idle,0.0,0.0,0
499,8,2016-03-10 16:16:35.388,Idle,0.0,0.0,0
500,8,2016-03-10 16:16:36.414,Idle,0.0,0.0,0
501,8,2016-03-10 16:16:37.409,Idle,0.0,0.0,0
502,8,2016-03-10 16:16:38.413,Idle,0.0,0.0,0
503,8,2016-03-10 16:16:39.410,Idle,0.0,0.0,0
504,8,2016-03-10 16:16:40.414,Idle,0.0,0.0,0
505,8,2016-03-10 16:16:41.438,Idle,0.0,0.0,0
506,8,2016-03-10 16:16:42.435,Idle,0.0,0.0,0
507,8,2016-03-10 16:16:43.479,Idle,0.0,0.0,0
508,8,2016-03-10 16:16:44.459,Idle,0.0,0.0,0
509,8,2016-03-10 16:16:45.460,Idle,0.0,0.0,0
510,8,2016-03-10 16:16:46.491,Idle,0.0,0.0,0
511,8,2016-03-10 16:16:47.486,Idle,0.0,0.0,0
512,8,2016-03-10 16:16:48.498,Idle,0.0,0.0,0
513,8,2016-03-10 16:16:49.515,Idle,0.0,0.0,0
514,8,2016-03-10 16:16:50.491,Idle,0.0,0.0,0
515,8,2016-03-10 16:16:51.515,Idle,0.0,0.0,0
516,8,2016-03-10 16:16:52.517,Idle,0.0,0.0,0
517,8,2016-03-10 16:16:53.541,Idle,0.0,0.0,0
518,8,2016-03-10 16:16:54.542,Idle,0.0,0.0,0
519,8,2016-03-10 16:16:55.564,Idle,0.0,0.0,0
520,8,2016-03-10 16:16:56.560,Idle,0.0,0.0,0
521,8,2016-03-10 16:16:57.562,Idle,0.0,0.0,0
522,8,2016-03-10 16:16:58.567,Idle,0.0,0.0,0
523,8,2016-03-10 16:16:59.592,Idle,0.0,0.0,0
524,8,2016-03-10 16:17:00.593,Idle,0.0,0.0,0
525,8,2016-03-10 16:17:01.615,Idle,0.0,0.0,0
526,8,2016-03-10 16:17:02.610,Idle,0.0,0.0,0
527,8,2016-03-10 16:17:03.613,Idle,0.0,0.0,0
528,8,2016-03-10 16:17:04.643,Idle,0.0,0.0,0
529,8,2016-03-10 16:17:05.637,Idle,0.0,0.0,0
530,8,2016-03-10 16:17:06.642,Idle,0.0,0.0,0
531,8,2016-03-10 16:17:07.644,Idle,0.0,0.0,0
532,8,2016-03-10 16:17:08.640,Idle,0.0,0.0,0
533,8,2016-03-10 16:17:09.665,Idle,0.0,0.0,0
534,8,2016-03-10 16:17:10.683,Idle,0.0,0.0,0
535,8,2016-03-10 16:17:11.687,Idle,0.0,0.0,0
536,8,2016-03-10 16:17:12.687,Idle,0.0,0.0,0
537,8,2016-03-10 16:17:13.711,Idle,0.0,0.0,0
538,8,2016-03-10 16:17:14.711,Idle,0.0,0.0,0
539,8,2016-03-10 16:17:15.712,Idle,0.0,0.0,0
540,8,2016-03-10 16:17:16.710,Idle,0.0,0.0,0
541,8,2016-03-10 16:17:17.708,Idle,0.0,0.0,0
542,8,2016-03-10 16:17:18.735,Idle,0.0,0.0,0
543,8,2016-03-10 16:17:19.734,Idle,0.0,0.0,0
544,8,2016-03-10 16:17:20.745,Idle,0.0,0.0,0
545,8,2016-03-10 16:17:21.758,Idle,0.0,0.0,0
546,8,2016-03-10 16:17:22.762,Idle,0.0,0.0,0
547,8,2016-03-10 16:17:23.785,Idle,0.0,0.0,0
548,8,2016-03-10 16:17:24.794,Idle,0.0,0.0,0
549,8,2016-03-10 16:17:25.789,Idle,0.0,0.0,0
550,8,2016-03-10 16:17:26.791,Idle,0.0,0.0,0
551,8,2016-03-10 16:17:27.818,Idle,0.0,0.0,0
552,8,2016-03-10 16:17:28.817,Idle,0.0,0.0,0
553,8,2016-03-10 16:17:29.836,Idle,0.0,0.0,0
554,8,2016-03-10 16:17:30.840,Idle,0.0,0.0,0
555,8,2016-03-10 16:17:31.866,Idle,0.0,0.0,0
556,8,2016-03-10 16:17:32.846,Idle,0.0,0.0,0
557,8,2016-03-10 16:17:33.862,Idle,0.0,0.0,0
558,8,2016-03-10 16:17:34.867,Idle,0.0,0.0,0
559,8,2016-03-10 16:17:35.867,Idle,0.0,0.0,0
560,8,2016-03-10 16:17:36.892,Idle,0.0,0.0,0
561,8,2016-03-10 16:17:37.890,Idle,0.0,0.0,0
562,8,2016-03-10 16:17:38.894,Idle,0.0,0.0,0
563,8,2016-03-10 16:17:39.917,Idle,0.0,0.0,0
564,8,2016-03-10 16:17:40.918,Idle,0.0,0.0,0
565,8,2016-03-10 16:17:41.942,Idle,0.0,0.0,0
566,8,2016-03-10 16:17:42.935,Idle,0.0,0.0,0
567,8,2016-03-10 16:17:43.942,Idle,0.0,0.0,0
568,8,2016-03-10 16:17:44.936,Idle,0.0,0.0,0
569,8,2016-03-10 16:17:45.939,Idle,0.0,0.0,0
570,8,2016-03-10 16:17:46.962,Idle,0.0,0.0,0
571,8,2016-03-10 16:17:47.965,Idle,0.0,0.0,0
572,8,2016-03-10 16:17:48.987,Idle,0.0,0.0,0
573,8,2016-03-10 16:17:49.991,Idle,0.0,0.0,0
574,8,2016-03-10 16:17:50.992,Idle,0.0,0.0,0
575,8,2016-03-10 16:17:52.015,Idle,0.0,0.0,0
576,8,2016-03-10 16:17:53.014,Idle,0.0,0.0,0
577,8,2016-03-10 16:17:54.017,Idle,0.0,0.0,0
578,8,2016-03-10 16:17:55.043,Idle,0.0,0.0,0
579,8,2016-03-10 16:17:56.042,Idle,0.0,0.0,0
580,8,2016-03-10 16:17:57.039,Idle,0.0,0.0,0
581,8,2016-03-10 16:17:58.044,Idle,0.0,0.0,0
582,8,2016-03-10 16:17:59.073,Idle,0.0,0.0,0
583,8,2016-03-10 16:18:00.064,Idle,0.0,0.0,0
584,8,2016-03-10 16:18:01.066,Idle,0.0,0.0,0
585,8,2016-03-10 16:18:02.088,Idle,0.0,0.0,0
586,8,2016-03-10 16:18:03.084,Idle,0.0,0.0,0
587,8,2016-03-10 16:18:04.085,Idle,0.0,0.0,0
588,8,2016-03-10 16:18:05.108,Idle,0.0,0.0,0
589,8,2016-03-10 16:18:06.112,Idle,0.0,0.0,0
590,8,2016-03-10 16:18:07.139,Idle,0.0,0.0,0
591,8,2016-03-10 16:18:08.139,Idle,0.0,0.0,0
592,8,2016-03-10 16:18:09.139,Idle,0.0,0.0,0
593,8,2016-03-10 16:18:10.158,Idle,0.0,0.0,0
594,8,2016-03-10 16:18:11.166,Idle,0.0,0.0,0
595,8,2016-03-10 16:18:12.166,Idle,0.0,0.0,0
596,8,2016-03-10 16:18:13.180,Idle,0.0,0.0,0
597,8,2016-03-10 16:18:14.190,Idle,0.0,0.0,0
598,8,2016-03-10 16:18:15.184,Idle,0.0,0.0,0
599,8,2016-03-10 16:18:16.188,Idle,0.0,0.0,0
600,8,2016-03-10 16:18:17.210,Idle,0.0,0.0,0
601,8,2016-03-10 16:18:18.221,Idle,0.0,0.0,0
602,8,2016-03-10 16:18:19.235,Idle,0.0,0.0,0
603,8,2016-03-10 16:18:20.216,Idle,0.0,0.0,0
604,8,2016-03-10 16:18:21.235,Idle,0.0,0.0,0
605,8,2016-03-10 16:18:22.236,Idle,0.0,0.0,0
606,8,2016-03-10 16:18:23.260,Idle,0.0,0.0,0
607,8,2016-03-10 16:18:24.258,Idle,0.0,0.0,0
608,8,2016-03-10 16:18:25.284,Idle,0.0,0.0,0
609,8,2016-03-10 16:18:26.284,Idle,0.0,0.0,0
610,8,2016-03-10 16:18:27.284,Idle,0.0,0.0,0
611,8,2016-03-10 16:18:28.284,Idle,0.0,0.0,0
612,8,2016-03-10 16:18:29.314,Idle,0.0,0.0,0
613,8,2016-03-10 16:18:30.312,Idle,0.0,0.0,0
614,8,2016-03-10 16:18:31.309,Idle,0.0,0.0,0
615,8,2016-03-10 16:18:32.340,Idle,0.0,0.0,0
616,8,2016-03-10 16:18:33.337,Idle,0.0,0.0,0
617,8,2016-03-10 16:18:34.336,Idle,0.0,0.0,0
618,8,2016-03-10 16:18:35.361,Idle,0.0,0.0,0
619,8,2016-03-10 16:18:36.363,Idle,0.0,0.0,0
620,8,2016-03-10 16:18:37.396,Idle,0.0,0.0,0
621,8,2016-03-10 16:18:38.357,Idle,0.0,0.0,0
622,8,2016-03-10 16:18:39.382,Idle,0.0,0.0,0
623,8,2016-03-10 16:18:40.382,Idle,0.0,0.0,0
624,8,2016-03-10 16:18:41.381,Idle,0.0,0.0,0
625,8,2016-03-10 16:18:42.405,Idle,0.0,0.0,0
626,8,2016-03-10 16:18:43.415,Idle,0.0,0.0,0
627,8,2016-03-10 16:18:44.415,Idle,0.0,0.0,0
628,8,2016-03-10 16:18:45.441,Idle,0.0,0.0,0
629,8,2016-03-10 16:18:46.445,Idle,0.0,0.0,0
630,8,2016-03-10 16:18:47.467,Idle,0.0,0.0,0
631,8,2016-03-10 16:18:48.462,Idle,0.0,0.0,0
632,8,2016-03-10 16:18:49.466,Idle,0.0,0.0,0
633,8,2016-03-10 16:18:50.492,Idle,0.0,0.0,0
634,8,2016-03-10 16:18:51.476,Idle,0.0,0.0,0
635,8,2016-03-10 16:18:52.491,Idle,0.0,0.0,0
636,8,2016-03-10 16:18:53.486,Idle,0.0,0.0,0
637,8,2016-03-10 16:18:54.519,Idle,0.0,0.0,0
638,8,2016-03-10 16:18:55.512,Idle,0.0,0.0,0
639,8,2016-03-10 16:18:56.517,Idle,0.0,0.0,0
640,8,2016-03-10 16:18:57.542,Idle,0.0,0.0,0
641,8,2016-03-10 16:18:58.537,Idle,0.0,0.0,0
642,8,2016-03-10 16:18:59.539,Idle,0.0,0.0,0
643,8,2016-03-10 16:19:00.566,Idle,0.0,0.0,0
644,8,2016-03-10 16:19:01.567,Idle,0.0,0.0,0
645,8,2016-03-10 16:19:02.566,Idle,0.0,0.0,0
646,8,2016-03-10 16:19:03.588,Idle,0.0,0.0,0
647,8,2016-03-10 16:19:04.588,Idle,0.0,0.0,0
648,8,2016-03-10 16:19:05.612,Idle,0.0,0.0,0
649,8,2016-03-10 16:19:06.592,Idle,0.0,0.0,0
650,8,2016-03-10 16:19:07.610,Idle,0.0,0.0,0
651,8,2016-03-10 16:19:08.617,Idle,0.0,0.0,0
652,8,2016-03-10 16:19:09.610,Idle,0.0,0.0,0
653,8,2016-03-10 16:19:10.636,Idle,0.0,0.0,0
654,8,2016-03-10 16:19:11.642,Idle,0.0,0.0,0
655,8,2016-03-10 16:19:12.646,Idle,0.0,0.0,0
656,8,2016-03-10 16:19:13.667,Idle,0.0,0.0,0
657,8,2016-03-10 16:19:14.667,Idle,0.0,0.0,0
658,8,2016-03-10 16:19:15.678,Idle,0.0,0.0,0
659,8,2016-03-10 16:19:16.688,Idle,0.0,0.0,0
660,8,2016-03-10 16:19:17.689,Idle,0.0,0.0,0
661,8,2016-03-10 16:19:18.689,Idle,0.0,0.0,0
662,8,2016-03-10 16:19:19.691,Idle,0.0,0.0,0
663,8,2016-03-10 16:19:20.710,Idle,0.0,0.0,0
664,8,2016-03-10 16:19:21.710,Idle,0.0,0.0,0
665,8,2016-03-10 16:19:22.736,Idle,0.0,0.0,0
666,8,2016-03-10 16:19:23.742,Idle,0.0,0.0,0
667,8,2016-03-10 16:19:24.760,Idle,0.0,0.0,0
668,8,2016-03-10 16:19:25.758,Idle,0.0,0.0,0
669,8,2016-03-10 16:19:26.760,Idle,0.0,0.0,0
670,8,2016-03-10 16:19:27.759,Idle,0.0,0.0,0
671,8,2016-03-10 16:19:28.784,Idle,0.0,0.0,0
672,8,2016-03-10 16:19:29.759,Idle,0.0,0.0,0
673,8,2016-03-10 16:19:30.784,Idle,0.0,0.0,0
674,8,2016-03-10 16:19:31.784,Idle,0.0,0.0,0
675,8,2016-03-10 16:19:32.818,Idle,0.0,0.0,0
676,8,2016-03-10 16:19:33.817,Idle,0.0,0.0,0
677,8,2016-03-10 16:19:34.812,Idle,0.0,0.0,0
678,8,2016-03-10 16:19:35.844,Idle,0.0,0.0,0
679,8,2016-03-10 16:19:36.841,Idle,0.0,0.0,0
680,8,2016-03-10 16:19:37.840,Idle,0.0,0.0,0
681,8,2016-03-10 16:19:38.861,Idle,0.0,0.0,0
682,8,2016-03-10 16:19:39.865,Idle,0.0,0.0,0
683,8,2016-03-10 16:19:40.868,Idle,0.0,0.0,0
684,8,2016-03-10 16:19:41.893,Idle,0.0,0.0,0
685,8,2016-03-10 16:19:42.892,Idle,0.0,0.0,0
686,8,2016-03-10 16:19:43.914,Idle,0.0,0.0,0
687,8,2016-03-10 16:19:44.917,Idle,0.0,0.0,0
688,8,2016-03-10 16:19:45.909,Idle,0.0,0.0,0
689,8,2016-03-10 16:19:46.915,Idle,0.0,0.0,0
690,8,2016-03-10 16:19:47.940,Idle,0.0,0.0,0
691,8,2016-03-10 16:19:48.942,Idle,0.0,0.0,0
692,8,2016-03-10 16:19:49.934,Idle,0.0,0.0,0
693,8,2016-03-10 16:19:50.973,Idle,0.0,0.0,0
694,8,2016-03-10 16:19:51.967,Idle,0.0,0.0,0
695,8,2016-03-10 16:19:52.965,Idle,0.0,0.0,0
696,8,2016-03-10 16:19:53.992,Idle,0.0,0.0,0
697,8,2016-03-10 16:19:54.991,Idle,0.0,0.0,0
698,8,2016-03-10 16:19:55.990,Idle,0.0,0.0,0
699,8,2016-03-10 16:19:56.998,Idle,0.0,0.0,0
700,8,2016-03-10 16:19:58.018,Idle,0.0,0.0,0
701,8,2016-03-10 16:19:59.019,Idle,0.0,0.0,0
702,8,2016-03-10 16:20:00.017,Idle,0.0,0.0,0
703,8,2016-03-10 16:20:01.036,Idle,0.0,0.0,0
704,8,2016-03-10 16:20:02.034,Idle,0.0,0.0,0
705,8,2016-03-10 16:20:03.066,Idle,0.0,0.0,0
706,8,2016-03-10 16:20:04.065,Idle,0.0,0.0,0
707,8,2016-03-10 16:20:05.065,Idle,0.0,0.0,0
708,8,2016-03-10 16:20:06.092,Idle,0.0,0.0,0
709,8,2016-03-10 16:20:07.088,Idle,0.0,0.0,0
710,8,2016-03-10 16:20:08.090,Idle,0.0,0.0,0
711,8,2016-03-10 16:20:09.116,Idle,0.0,0.0,0
712,8,2016-03-10 16:20:10.115,Idle,0.0,0.0,0
713,8,2016-03-10 16:20:11.115,Idle,0.0,0.0,0
714,8,2016-03-10 16:20:12.116,Idle,0.0,0.0,0
715,8,2016-03-10 16:20:13.139,Idle,0.0,0.0,0
716,8,2016-03-10 16:20:14.136,Idle,0.0,0.0,0
717,8,2016-03-10 16:20:15.144,Idle,0.0,0.0,0
718,8,2016-03-10 16:20:16.168,Idle,0.0,0.0,0
719,8,2016-03-10 16:20:17.167,Idle,0.0,0.0,0
720,8,2016-03-10 16:20:18.159,Idle,0.0,0.0,0
721,8,2016-03-10 16:20:19.204,Idle,0.0,0.0,0
722,8,2016-03-10 16:20:20.216,Idle,0.0,0.0,0
723,8,2016-03-10 16:20:21.215,Idle,0.0,0.0,0
724,8,2016-03-10 16:20:22.214,Idle,0.0,0.0,0
725,8,2016-03-10 16:20:23.210,Idle,0.0,0.0,0
726,8,2016-03-10 16:20:24.224,Idle,0.0,0.0,0
727,8,2016-03-10 16:20:25.210,Idle,0.0,0.0,0
728,8,2016-03-10 16:20:26.235,Idle,0.0,0.0,0
729,8,2016-03-10 16:20:27.233,Idle,0.0,0.0,0
730,8,2016-03-10 16:20:28.258,Idle,0.0,0.0,0
731,8,2016-03-10 16:20:29.258,Idle,0.0,0.0,0
732,8,2016-03-10 16:20:30.258,Idle,0.0,0.0,0
733,8,2016-03-10 16:20:31.284,Idle,0.0,0.0,0
734,8,2016-03-10 16:20:32.283,Idle,0.0,0.0,0
735,8,2016-03-10 16:20:33.283,Idle,0.0,0.0,0
736,8,2016-03-10 16:20:34.310,Idle,0.0,0.0,0
737,8,2016-03-10 16:20:35.295,Idle,0.0,0.0,0
738,8,2016-03-10 16:20:36.309,Idle,0.0,0.0,0
739,8,2016-03-10 16:20:37.311,Idle,0.0,0.0,0
740,8,2016-03-10 16:20:38.336,Idle,0.0,0.0,0
741,8,2016-03-10 16:20:39.348,Idle,0.0,0.0,0
742,8,2016-03-10 16:20:40.333,Idle,0.0,0.0,0
743,8,2016-03-10 16:20:41.364,Idle,0.0,0.0,0
744,8,2016-03-10 16:20:42.368,Idle,0.0,0.0,0
745,8,2016-03-10 16:20:43.364,Idle,0.0,0.0,0
746,8,2016-03-10 16:20:44.392,Idle,0.0,0.0,0
747,8,2016-03-10 16:20:45.395,Idle,0.0,0.0,0
748,8,2016-03-10 16:20:46.385,Idle,0.0,0.0,0
749,8,2016-03-10 16:20:47.415,Idle,0.0,0.0,0
750,8,2016-03-10 16:20:48.416,Idle,0.0,0.0,0
751,8,2016-03-10 16:20:49.435,Idle,0.0,0.0,0
752,8,2016-03-10 16:20:50.435,Idle,0.0,0.0,0
753,8,2016-03-10 16:20:51.438,Idle,0.0,0.0,0
754,8,2016-03-10 16:20:52.436,Idle,0.0,0.0,0
755,8,2016-03-10 16:20:53.434,Idle,0.0,0.0,0
756,8,2016-03-10 16:20:54.463,Idle,0.0,0.0,0
757,8,2016-03-10 16:20:55.460,Idle,0.0,0.0,0
758,8,2016-03-10 16:20:56.483,Idle,0.0,0.0,0
759,8,2016-03-10 16:20:57.489,Idle,0.0,0.0,0
760,8,2016-03-10 16:20:58.484,Idle,0.0,0.0,0
761,8,2016-03-10 16:20:59.517,Idle,0.0,0.0,0
762,8,2016-03-10 16:21:00.515,Idle,0.0,0.0,0
763,8,2016-03-10 16:21:01.519,Idle,0.0,0.0,0
764,8,2016-03-10 16:21:02.542,Idle,0.0,0.0,0
765,8,2016-03-10 16:21:03.534,Idle,0.0,0.0,0
766,8,2016-03-10 16:21:04.542,Idle,0.0,0.0,0
767,8,2016-03-10 16:21:05.542,Idle,0.0,0.0,0
768,8,2016-03-10 16:21:06.567,Idle,0.0,0.0,0
769,8,2016-03-10 16:21:07.568,Idle,0.0,0.0,0
770,8,2016-03-10 16:21:08.562,Idle,0.0,0.0,0
771,8,2016-03-10 16:21:09.592,Idle,0.0,0.0,0
772,8,2016-03-10 16:21:10.594,Idle,0.0,0.0,0
773,8,2016-03-10 16:21:11.591,Idle,0.0,0.0,0
774,8,2016-03-10 16:21:12.616,Idle,0.0,0.0,0
775,8,2016-03-10 16:21:13.615,Idle,0.0,0.0,0
776,8,2016-03-10 16:21:14.640,Idle,0.0,0.0,0
777,8,2016-03-10 16:21:15.634,Idle,0.0,0.0,0
778,8,2016-03-10 16:21:16.640,Idle,0.0,0.0,0
779,8,2016-03-10 16:21:17.640,Idle,0.0,0.0,0
780,8,2016-03-10 16:21:18.636,Idle,0.0,0.0,0
781,8,2016-03-10 16:21:19.661,Idle,0.0,0.0,0
782,8,2016-03-10 16:21:20.667,Idle,0.0,0.0,0
783,8,2016-03-10 16:21:21.712,Idle,0.0,0.0,0
784,8,2016-03-10 16:21:22.690,Idle,0.0,0.0,0
785,8,2016-03-10 16:21:23.704,Idle,0.0,0.0,0
786,8,2016-03-10 16:21:24.699,Idle,0.0,0.0,0
787,8,2016-03-10 16:21:25.714,Idle,0.0,0.0,0
788,8,2016-03-10 16:21:26.712,Idle,0.0,0.0,0
789,8,2016-03-10 16:21:27.735,Idle,0.0,0.0,0
790,8,2016-03-10 16:21:28.740,Idle,0.0,0.0,0
791,8,2016-03-10 16:21:29.734,Idle,0.0,0.0,0
792,8,2016-03-10 16:21:30.733,Idle,0.0,0.0,0
793,8,2016-03-10 16:21:31.760,Idle,0.0,0.0,0
794,8,2016-03-10 16:21:32.759,Idle,0.0,0.0,0
795,8,2016-03-10 16:21:33.783,Idle,0.0,0.0,0
796,8,2016-03-10 16:21:34.788,Idle,0.0,0.0,0
797,8,2016-03-10 16:21:35.786,Idle,0.0,0.0,0
798,8,2016-03-10 16:21:36.809,Idle,0.0,0.0,0
799,8,2016-03-10 16:21:37.815,Idle,0.0,0.0,0
800,8,2016-03-10 16:21:38.810,Idle,0.0,0.0,0
801,8,2016-03-10 16:21:39.833,Idle,0.0,0.0,0
802,8,2016-03-10 16:21:40.836,Idle,0.0,0.0,0
803,8,2016-03-10 16:21:41.835,Idle,0.0,0.0,0
804,8,2016-03-10 16:21:42.863,Idle,0.0,0.0,0
805,8,2016-03-10 16:21:43.864,Idle,0.0,0.0,0
806,8,2016-03-10 16:21:44.889,Idle,0.0,0.0,0
807,8,2016-03-10 16:21:45.865,Idle,0.0,0.0,0
808,8,2016-03-10 16:21:46.888,Idle,0.0,0.0,0
809,8,2016-03-10 16:21:47.884,Idle,0.0,0.0,0
810,8,2016-03-10 16:21:48.892,Idle,0.0,0.0,0
811,8,2016-03-10 16:21:49.920,Idle,0.0,0.0,0
812,8,2016-03-10 16:21:50.914,Idle,0.0,0.0,0
813,8,2016-03-10 16:21:51.958,Idle,0.0,0.0,0
814,8,2016-03-10 16:21:52.937,Idle,0.0,0.0,0
815,8,2016-03-10 16:21:53.942,Idle,0.0,0.0,0
816,8,2016-03-10 16:21:54.967,Idle,0.0,0.0,0
817,8,2016-03-10 16:21:55.942,Idle,0.0,0.0,0
818,8,2016-03-10 16:21:56.968,Idle,0.0,0.0,0
819,8,2016-03-10 16:21:57.963,Idle,0.0,0.0,0
820,8,2016-03-10 16:21:58.961,Idle,0.0,0.0,0
821,8,2016-03-10 16:21:59.991,Idle,0.0,0.0,0
822,8,2016-03-10 16:22:00.991,Idle,0.0,0.0,0
823,8,2016-03-10 16:22:02.016,Idle,0.0,0.0,0
824,8,2016-03-10 16:22:03.012,Idle,0.0,0.0,0
825,8,2016-03-10 16:22:04.011,Idle,0.0,0.0,0
826,8,2016-03-10 16:22:05.040,Idle,0.0,0.0,0
827,8,2016-03-10 16:22:06.042,Idle,0.0,0.0,0
828,8,2016-03-10 16:22:07.034,Idle,0.0,0.0,0
829,8,2016-03-10 16:22:08.065,Idle,0.0,0.0,0
830,8,2016-03-10 16:22:09.060,Idle,0.0,0.0,0
831,8,2016-03-10 16:22:10.069,Idle,0.0,0.0,0
832,8,2016-03-10 16:22:11.061,Idle,0.0,0.0,0
833,8,2016-03-10 16:22:12.102,Idle,0.0,0.0,0
834,8,2016-03-10 16:22:13.109,Idle,0.0,0.0,0
835,8,2016-03-10 16:22:14.105,Idle,0.0,0.0,0
836,8,2016-03-10 16:22:15.109,Idle,0.0,0.0,0
837,8,2016-03-10 16:22:16.111,Idle,0.0,0.0,0
838,8,2016-03-10 16:22:17.111,Idle,0.0,0.0,0
839,8,2016-03-10 16:22:18.135,Idle,0.0,0.0,0
840,8,2016-03-10 16:22:19.141,Idle,0.0,0.0,0
841,8,2016-03-10 16:22:20.158,Idle,0.0,0.0,0
842,8,2016-03-10 16:22:21.164,Idle,0.0,0.0,0
843,8,2016-03-10 16:22:22.161,Idle,0.0,0.0,0
844,8,2016-03-10 16:22:23.191,Idle,0.0,0.0,0
845,8,2016-03-10 16:22:24.164,Idle,0.0,0.0,0
846,8,2016-03-10 16:22:25.190,Idle,0.0,0.0,0
847,8,2016-03-10 16:22:26.199,Idle,0.0,0.0,0
848,8,2016-03-10 16:22:27.212,Idle,0.0,0.0,0
849,8,2016-03-10 16:22:28.211,Idle,0.0,0.0,0
850,8,2016-03-10 16:22:29.210,Idle,0.0,0.0,0
851,8,2016-03-10 16:22:30.242,Idle,0.0,0.0,0
852,8,2016-03-10 16:22:31.253,Idle,0.0,0.0,0
853,8,2016-03-10 16:22:32.241,Idle,0.0,0.0,0
854,8,2016-03-10 16:22:33.244,Idle,0.0,0.0,0
855,8,2016-03-10 16:22:34.258,Idle,0.0,0.0,0
856,8,2016-03-10 16:22:35.250,Idle,0.0,0.0,0
857,8,2016-03-10 16:22:36.262,Idle,0.0,0.0,0
858,8,2016-03-10 16:22:37.283,Idle,0.0,0.0,0
859,8,2016-03-10 16:22:38.283,Idle,0.0,0.0,0
860,8,2016-03-10 16:22:39.314,Idle,0.0,0.0,0
861,8,2016-03-10 16:22:40.310,Idle,0.0,0.0,0
862,8,2016-03-10 16:22:41.311,Idle,0.0,0.0,0
863,8,2016-03-10 16:22:42.308,Idle,0.0,0.0,0
864,8,2016-03-10 16:22:43.336,Idle,0.0,0.0,0
865,8,2016-03-10 16:22:44.347,Idle,0.0,0.0,0
866,8,2016-03-10 16:22:45.360,Idle,0.0,0.0,0
867,8,2016-03-10 16:22:46.384,Idle,0.0,0.0,0
868,8,2016-03-10 16:22:47.371,Idle,0.0,0.0,0
869,8,2016-03-10 16:22:48.390,Idle,0.0,0.0,0
870,8,2016-03-10 16:22:49.387,Idle,0.0,0.0,0
871,8,2016-03-10 16:22:50.385,Idle,0.0,0.0,0
872,8,2016-03-10 16:22:51.391,Idle,0.0,0.0,0
873,8,2016-03-10 16:22:52.410,Idle,0.0,0.0,0
874,8,2016-03-10 16:22:53.394,Idle,0.0,0.0,0
875,8,2016-03-10 16:22:54.417,Idle,0.0,0.0,0
876,8,2016-03-10 16:22:55.438,Idle,0.0,0.0,0
877,8,2016-03-10 16:22:56.436,Idle,0.0,0.0,0
878,8,2016-03-10 16:22:57.434,Idle,0.0,0.0,0
879,8,2016-03-10 16:22:58.466,Idle,0.0,0.0,0
880,8,2016-03-10 16:22:59.467,Idle,0.0,0.0,0
881,8,2016-03-10 16:23:00.466,Idle,0.0,0.0,0
882,8,2016-03-10 16:23:01.488,Idle,0.0,0.0,0
883,8,2016-03-10 16:23:02.491,Idle,0.0,0.0,0
884,8,2016-03-10 16:23:03.491,Idle,0.0,0.0,0
885,8,2016-03-10 16:23:04.490,Idle,0.0,0.0,0
886,8,2016-03-10 16:23:05.513,Idle,0.0,0.0,0
887,8,2016-03-10 16:23:06.516,Idle,0.0,0.0,0
888,8,2016-03-10 16:23:07.541,Idle,0.0,0.0,0
889,8,2016-03-10 16:23:08.542,Idle,0.0,0.0,0
890,8,2016-03-10 16:23:09.540,Idle,0.0,0.0,0
891,8,2016-03-10 16:23:10.562,Idle,0.0,0.0,0
892,8,2016-03-10 16:23:11.568,Idle,0.0,0.0,0
893,8,2016-03-10 16:23:12.563,Idle,0.0,0.0,0
894,8,2016-03-10 16:23:13.590,Idle,0.0,0.0,0
895,8,2016-03-10 16:23:14.566,Idle,0.0,0.0,0
896,8,2016-03-10 16:23:15.586,Idle,0.0,0.0,0
897,8,2016-03-10 16:23:16.600,Idle,0.0,0.0,0
898,8,2016-03-10 16:23:17.617,Idle,0.0,0.0,0
899,8,2016-03-10 16:23:18.618,Idle,0.0,0.0,0
900,8,2016-03-10 16:23:19.615,Idle,0.0,0.0,0
901,8,2016-03-10 16:23:20.635,Idle,0.0,0.0,0
902,8,2016-03-10 16:23:21.634,Idle,0.0,0.0,0
903,8,2016-03-10 16:23:22.642,Idle,0.0,0.0,0
904,8,2016-03-10 16:23:23.669,Idle,0.0,0.0,0
905,8,2016-03-10 16:23:24.659,Idle,0.0,0.0,0
906,8,2016-03-10 16:23:25.672,Idle,0.0,0.0,0
907,8,2016-03-10 16:23:26.680,Idle,0.0,0.0,0
908,8,2016-03-10 16:23:27.684,Idle,0.0,0.0,0
909,8,2016-03-10 16:23:28.701,Idle,0.0,0.0,0
910,8,2016-03-10 16:23:29.707,Idle,0.0,0.0,0
911,8,2016-03-10 16:23:30.713,Idle,0.0,0.0,0
912,8,2016-03-10 16:23:31.714,Idle,0.0,0.0,0
913,8,2016-03-10 16:23:32.709,Idle,0.0,0.0,0
914,8,2016-03-10 16:23:33.733,Idle,0.0,0.0,0
915,8,2016-03-10 16:23:34.734,Idle,0.0,0.0,0
916,8,2016-03-10 16:23:35.764,Idle,0.0,0.0,0
917,8,2016-03-10 16:23:36.777,Idle,0.0,0.0,0
918,8,2016-03-10 16:23:37.774,Idle,0.0,0.0,0
919,8,2016-03-10 16:23:38.784,Idle,0.0,0.0,0
920,8,2016-03-10 16:23:39.783,Idle,0.0,0.0,0
921,8,2016-03-10 16:23:40.788,Idle,0.0,0.0,0
922,8,2016-03-10 16:23:41.809,Idle,0.0,0.0,0
923,8,2016-03-10 16:23:42.782,Idle,0.0,0.0,0
924,8,2016-03-10 16:23:43.809,Idle,0.0,0.0,0
925,8,2016-03-10 16:23:44.808,Idle,0.0,0.0,0
926,8,2016-03-10 16:23:45.840,Idle,0.0,0.0,0
927,8,2016-03-10 16:23:46.833,Idle,0.0,0.0,0
928,8,2016-03-10 16:23:47.860,Idle,0.0,0.0,0
929,8,2016-03-10 16:23:48.864,Idle,0.0,0.0,0
930,8,2016-03-10 16:23:49.864,Idle,0.0,0.0,0
931,8,2016-03-10 16:23:50.858,Idle,0.0,0.0,0
932,8,2016-03-10 16:23:51.887,Idle,0.0,0.0,0
933,8,2016-03-10 16:23:52.891,Idle,0.0,0.0,0
934,8,2016-03-10 16:23:53.914,Idle,0.0,0.0,0
935,8,2016-03-10 16:23:54.891,Idle,0.0,0.0,0
936,8,2016-03-10 16:23:55.910,Idle,0.0,0.0,0
937,8,2016-03-10 16:23:56.922,Idle,0.0,0.0,0
938,8,2016-03-10 16:23:57.941,Idle,0.0,0.0,0
939,8,2016-03-10 16:23:58.942,Idle,0.0,0.0,0
940,8,2016-03-10 16:23:59.955,Idle,0.0,0.0,0
941,8,2016-03-10 16:24:00.966,Idle,0.0,0.0,0
942,8,2016-03-10 16:24:01.965,Idle,0.0,0.0,0
943,8,2016-03-10 16:24:02.973,Idle,0.0,0.0,0
944,8,2016-03-10 16:24:03.985,Idle,0.0,0.0,0
945,8,2016-03-10 16:24:04.992,Idle,0.0,0.0,0
946,8,2016-03-10 16:24:06.015,Idle,0.0,0.0,0
947,8,2016-03-10 16:24:07.015,Idle,0.0,0.0,0
948,8,2016-03-10 16:24:08.011,Idle,0.0,0.0,0
949,8,2016-03-10 16:24:09.039,Idle,0.0,0.0,0
950,8,2016-03-10 16:24:10.017,Idle,0.0,0.0,0
951,8,2016-03-10 16:24:11.041,Idle,0.0,0.0,0
952,8,2016-03-10 16:24:12.037,Idle,0.0,0.0,0
953,8,2016-03-10 16:24:13.039,Idle,0.0,0.0,0
954,8,2016-03-10 16:24:14.060,Idle,0.0,0.0,0
955,8,2016-03-10 16:24:15.067,Idle,0.0,0.0,0
956,8,2016-03-10 16:24:16.086,Idle,0.0,0.0,0
957,8,2016-03-10 16:24:17.091,Idle,0.0,0.0,0
958,8,2016-03-10 16:24:18.090,Idle,0.0,0.0,0
959,8,2016-03-10 16:24:19.112,Idle,0.0,0.0,0
960,8,2016-03-10 16:24:20.122,Idle,0.0,0.0,0
961,8,2016-03-10 16:24:21.114,Idle,0.0,0.0,0
962,8,2016-03-10 16:24:22.140,Idle,0.0,0.0,0
963,8,2016-03-10 16:24:23.135,Idle,0.0,0.0,0
964,8,2016-03-10 16:24:24.165,Idle,0.0,0.0,0
965,8,2016-03-10 16:24:25.141,Idle,0.0,0.0,0
966,8,2016-03-10 16:24:26.165,Idle,0.0,0.0,0
967,8,2016-03-10 16:24:27.161,Idle,0.0,0.0,0
968,8,2016-03-10 16:24:28.164,Idle,0.0,0.0,0
969,8,2016-03-10 16:24:29.190,Idle,0.0,0.0,0
970,8,2016-03-10 16:24:30.207,Idle,0.0,0.0,0
971,8,2016-03-10 16:24:31.188,Idle,0.0,0.0,0
972,8,2016-03-10 16:24:32.204,Idle,0.0,0.0,0
973,8,2016-03-10 16:24:33.216,Idle,0.0,0.0,0
974,8,2016-03-10 16:24:34.235,Idle,0.0,0.0,0
975,8,2016-03-10 16:24:35.257,Idle,0.0,0.0,0
976,8,2016-03-10 16:24:36.244,Idle,0.0,0.0,0
977,8,2016-03-10 16:24:37.243,Idle,0.0,0.0,0
978,8,2016-03-10 16:24:38.247,Idle,0.0,0.0,0
979,8,2016-03-10 16:24:39.250,Idle,0.0,0.0,0
980,8,2016-03-10 16:24:40.260,Idle,0.0,0.0,0
981,8,2016-03-10 16:24:41.283,Idle,0.0,0.0,0
982,8,2016-03-10 16:24:42.282,Idle,0.0,0.0,0
983,8,2016-03-10 16:24:43.283,Idle,0.0,0.0,0
984,8,2016-03-10 16:24:44.307,Idle,0.0,0.0,0
985,8,2016-03-10 16:24:45.307,Idle,0.0,0.0,0
986,8,2016-03-10 16:24:46.332,Idle,0.0,0.0,0
987,8,2016-03-10 16:24:47.313,Idle,0.0,0.0,0
988,8,2016-03-10 16:24:48.332,Idle,0.0,0.0,0
989,8,2016-03-10 16:24:49.332,Idle,0.0,0.0,0
990,8,2016-03-10 16:24:50.334,Idle,0.0,0.0,0
991,8,2016-03-10 16:24:51.358,Idle,0.0,0.0,0
992,8,2016-03-10 16:24:52.365,Idle,0.0,0.0,0
993,8,2016-03-10 16:24:53.385,Idle,0.0,0.0,0
994,8,2016-03-10 16:24:54.389,Idle,0.0,0.0,0
995,8,2016-03-10 16:24:55.390,Idle,0.0,0.0,0
996,8,2016-03-10 16:24:56.408,Idle,0.0,0.0,0
997,8,2016-03-10 16:24:57.417,Idle,0.0,0.0,0
998,8,2016-03-10 16:24:58.415,Idle,0.0,0.0,0
999,8,2016-03-10 16:24:59.417,Idle,0.0,0.0,0
1000,8,2016-03-10 16:25:00.440,Idle,0.0,0.0,0
1001,8,2016-03-10 16:25:01.434,Idle,0.0,0.0,0
1002,8,2016-03-10 16:25:02.459,Idle,0.0,0.0,0
1003,8,2016-03-10 16:25:03.460,Idle,0.0,0.0,0
1004,8,2016-03-10 16:25:04.484,Idle,0.0,0.0,0
1005,8,2016-03-10 16:25:05.464,Idle,0.0,0.0,0
1006,8,2016-03-10 16:25:06.489,Idle,0.0,0.0,0
1007,8,2016-03-10 16:25:07.485,Idle,0.0,0.0,0
1008,8,2016-03-10 16:25:08.488,Idle,0.0,0.0,0
1009,8,2016-03-10 16:25:09.517,Idle,0.0,0.0,0
1010,8,2016-03-10 16:25:10.517,Idle,0.0,0.0,0
1011,8,2016-03-10 16:25:11.514,Idle,0.0,0.0,0
1012,8,2016-03-10 16:25:12.537,Idle,0.0,0.0,0
1013,8,2016-03-10 16:25:13.534,Idle,0.0,0.0,0
1014,8,2016-03-10 16:25:14.561,Idle,0.0,0.0,0
1015,8,2016-03-10 16:25:15.532,Idle,0.0,0.0,0
1016,8,2016-03-10 16:25:16.566,Idle,0.0,0.0,0
1017,8,2016-03-10 16:25:17.566,Idle,0.0,0.0,0
1018,8,2016-03-10 16:25:18.559,Idle,0.0,0.0,0
1019,8,2016-03-10 16:25:19.591,Idle,0.0,0.0,0
1020,8,2016-03-10 16:25:20.601,Idle,0.0,0.0,0
1021,8,2016-03-10 16:25:21.609,Idle,0.0,0.0,0
1022,8,2016-03-10 16:25:22.615,Idle,0.0,0.0,0
1023,8,2016-03-10 16:25:23.615,Idle,0.0,0.0,0
1024,8,2016-03-10 16:25:24.637,Idle,0.0,0.0,0
1025,8,2016-03-10 16:25:25.639,Idle,0.0,0.0,0
1026,8,2016-03-10 16:25:26.641,Idle,0.0,0.0,0
1027,8,2016-03-10 16:25:27.664,Idle,0.0,0.0,0
1028,8,2016-03-10 16:25:28.639,Idle,0.0,0.0,0
1029,8,2016-03-10 16:25:29.660,Idle,0.0,0.0,0
1030,8,2016-03-10 16:25:30.667,Idle,0.0,0.0,0
1031,8,2016-03-10 16:25:31.685,Idle,0.0,0.0,0
1032,8,2016-03-10 16:25:32.691,Idle,0.0,0.0,0
1033,8,2016-03-10 16:25:33.690,Idle,0.0,0.0,0
1034,8,2016-03-10 16:25:34.732,Idle,0.0,0.0,0
1035,8,2016-03-10 16:25:35.722,Idle,0.0,0.0,0
1036,8,2016-03-10 16:25:36.730,Idle,0.0,0.0,0
1037,8,2016-03-10 16:25:37.738,Idle,0.0,0.0,0
1038,8,2016-03-10 16:25:38.737,Idle,0.0,0.0,0
1039,8,2016-03-10 16:25:39.739,Idle,0.0,0.0,0
1040,8,2016-03-10 16:25:40.759,Idle,0.0,0.0,0
1041,8,2016-03-10 16:25:41.762,Idle,0.0,0.0,0
1042,8,2016-03-10 16:25:42.791,Idle,0.0,0.0,0
1043,8,2016-03-10 16:25:43.789,Idle,0.0,0.0,0
1044,8,2016-03-10 16:25:44.788,Idle,0.0,0.0,0
1045,8,2016-03-10 16:25:45.786,Idle,0.0,0.0,0
1046,8,2016-03-10 16:25:46.783,Idle,0.0,0.0,0
1047,8,2016-03-10 16:25:47.815,Idle,0.0,0.0,0
1048,8,2016-03-10 16:25:48.821,Idle,0.0,0.0,0
1049,8,2016-03-10 16:25:49.839,Idle,0.0,0.0,0
1050,8,2016-03-10 16:25:50.832,Idle,0.0,0.0,0
1051,8,2016-03-10 16:25:51.832,Idle,0.0,0.0,0
1052,8,2016-03-10 16:25:52.860,Idle,0.0,0.0,0
1053,8,2016-03-10 16:25:53.881,Idle,0.0,0.0,0
1054,8,2016-03-10 16:25:54.863,Idle,0.0,0.0,0
1055,8,2016-03-10 16:25:55.858,Idle,0.0,0.0,0
1056,8,2016-03-10 16:25:56.862,Idle,0.0,0.0,0
1057,8,2016-03-10 16:25:57.884,Idle,0.0,0.0,0
1058,8,2016-03-10 16:25:58.891,Idle,0.0,0.0,0
1059,8,2016-03-10 16:25:59.914,Idle,0.0,0.0,0
1060,8,2016-03-10 16:26:00.915,Idle,0.0,0.0,0
1061,8,2016-03-10 16:26:01.945,Idle,0.0,0.0,0
1062,8,2016-03-10 16:26:02.940,Idle,0.0,0.0,0
1063,8,2016-03-10 16:26:03.933,Idle,0.0,0.0,0
1064,8,2016-03-10 16:26:04.941,Idle,0.0,0.0,0
1065,8,2016-03-10 16:26:05.960,Idle,0.0,0.0,0
1066,8,2016-03-10 16:26:06.966,Idle,0.0,0.0,0
1067,8,2016-03-10 16:26:07.991,Idle,0.0,0.0,0
1068,8,2016-03-10 16:26:08.965,Idle,0.0,0.0,0
1069,8,2016-03-10 16:26:09.986,Idle,0.0,0.0,0
1070,8,2016-03-10 16:26:10.987,Idle,0.0,0.0,0
1071,8,2016-03-10 16:26:12.014,Idle,0.0,0.0,0
1072,8,2016-03-10 16:26:13.014,Idle,0.0,0.0,0
1073,8,2016-03-10 16:26:14.015,Idle,0.0,0.0,0
1074,8,2016-03-10 16:26:15.037,Idle,0.0,0.0,0
1075,8,2016-03-10 16:26:16.041,Idle,0.0,0.0,0
1076,8,2016-03-10 16:26:17.040,Idle,0.0,0.0,0
1077,8,2016-03-10 16:26:18.066,Idle,0.0,0.0,0
1078,8,2016-03-10 16:26:19.059,Idle,0.0,0.0,0
1079,8,2016-03-10 16:26:20.085,Idle,0.0,0.0,0
1080,8,2016-03-10 16:26:21.091,Idle,0.0,0.0,0
1081,8,2016-03-10 16:26:22.091,Idle,0.0,0.0,0
1082,8,2016-03-10 16:26:23.109,Idle,0.0,0.0,0
1083,8,2016-03-10 16:26:24.091,Idle,0.0,0.0,0
1084,8,2016-03-10 16:26:25.109,Idle,0.0,0.0,0
1085,8,2016-03-10 16:26:26.114,Idle,0.0,0.0,0
1086,8,2016-03-10 16:26:27.108,Idle,0.0,0.0,0
1087,8,2016-03-10 16:26:28.134,Idle,0.0,0.0,0
1088,8,2016-03-10 16:26:29.137,Idle,0.0,0.0,0
1089,8,2016-03-10 16:26:30.160,Idle,0.0,0.0,0
1090,8,2016-03-10 16:26:31.162,Idle,0.0,0.0,0
1091,8,2016-03-10 16:26:32.159,Idle,0.0,0.0,0
1092,8,2016-03-10 16:26:33.187,Idle,0.0,0.0,0
1093,8,2016-03-10 16:26:34.164,Idle,0.0,0.0,0
1094,8,2016-03-10 16:26:35.184,Idle,0.0,0.0,0
1095,8,2016-03-10 16:26:36.182,Idle,0.0,0.0,0
1096,8,2016-03-10 16:26:37.210,Idle,0.0,0.0,0
1097,8,2016-03-10 16:26:38.295,Idle,0.0,0.0,0
1098,8,2016-03-10 16:26:39.208,Idle,0.0,0.0,0
1099,8,2016-03-10 16:26:40.295,Idle,0.0,0.0,0
1100,8,2016-03-10 16:26:41.317,Idle,0.0,0.0,0
1101,8,2016-03-10 16:26:42.301,Idle,0.0,0.0,0
1102,8,2016-03-10 16:26:43.306,Idle,0.0,0.0,0
1103,8,2016-03-10 16:26:44.324,Idle,0.0,0.0,0
1104,8,2016-03-10 16:26:45.315,Idle,0.0,0.0,0
1105,8,2016-03-10 16:26:46.311,Idle,0.0,0.0,0
1106,8,2016-03-10 16:26:47.306,Idle,0.0,0.0,0
1107,8,2016-03-10 16:26:48.316,Idle,0.0,0.0,0
1108,8,2016-03-10 16:26:49.312,Idle,0.0,0.0,0
1109,8,2016-03-10 16:26:50.310,Idle,0.0,0.0,0
1110,8,2016-03-10 16:26:51.396,Idle,0.0,0.0,0
1111,8,2016-03-10 16:26:52.394,Idle,0.0,0.0,0
1112,8,2016-03-10 16:26:53.394,Idle,0.0,0.0,0
1113,8,2016-03-10 16:26:54.395,Idle,0.0,0.0,0
1114,8,2016-03-10 16:26:55.395,Idle,0.0,0.0,0
1115,8,2016-03-10 16:26:56.396,Idle,0.0,0.0,0
1116,8,2016-03-10 16:26:57.395,Idle,0.0,0.0,0
1117,8,2016-03-10 16:26:58.397,Idle,0.0,0.0,0
1118,8,2016-03-10 16:26:59.411,Idle,0.0,0.0,0
1119,8,2016-03-10 16:27:00.405,Idle,0.0,0.0,0
1120,8,2016-03-10 16:27:01.409,Idle,0.0,0.0,0
1121,8,2016-03-10 16:27:02.406,Idle,0.0,0.0,0
1122,8,2016-03-10 16:27:03.395,Idle,0.0,0.0,0
1123,8,2016-03-10 16:27:04.501,Idle,0.0,0.0,0
1124,8,2016-03-10 16:27:05.516,Idle,0.0,0.0,0
1125,8,2016-03-10 16:27:06.501,Idle,0.0,0.0,0
1126,8,2016-03-10 16:27:07.499,Idle,0.0,0.0,0
1127,8,2016-03-10 16:27:08.465,Idle,0.0,0.0,0
1128,8,2016-03-10 16:27:09.461,Idle,0.0,0.0,0
1129,8,2016-03-10 16:27:10.486,Idle,0.0,0.0,0
1130,8,2016-03-10 16:27:11.492,Idle,0.0,0.0,0
1131,8,2016-03-10 16:27:12.492,Idle,0.0,0.0,0
1132,8,2016-03-10 16:27:13.492,Idle,0.0,0.0,0
1133,8,2016-03-10 16:27:14.484,Idle,0.0,0.0,0
1134,8,2016-03-10 16:27:15.513,Idle,0.0,0.0,0
1135,8,2016-03-10 16:27:16.516,Idle,0.0,0.0,0
1136,8,2016-03-10 16:27:17.540,Idle,0.0,0.0,0
1137,8,2016-03-10 16:27:18.536,Idle,0.0,0.0,0
1138,8,2016-03-10 16:27:19.536,Idle,0.0,0.0,0
1139,8,2016-03-10 16:27:20.559,Idle,0.0,0.0,0
1140,8,2016-03-10 16:27:21.567,Idle,0.0,0.0,0
1141,8,2016-03-10 16:27:22.564,Idle,0.0,0.0,0
1142,8,2016-03-10 16:27:23.591,Idle,0.0,0.0,0
1143,8,2016-03-10 16:27:24.591,Idle,0.0,0.0,0
1144,8,2016-03-10 16:27:25.588,Idle,0.0,0.0,0
1145,8,2016-03-10 16:27:26.609,Idle,0.0,0.0,0
1146,8,2016-03-10 16:27:27.614,Idle,0.0,0.0,0
1147,8,2016-03-10 16:27:28.640,Idle,0.0,0.0,0
1148,8,2016-03-10 16:27:29.614,Idle,0.0,0.0,0
1149,8,2016-03-10 16:27:30.633,Idle,0.0,0.0,0
1150,8,2016-03-10 16:27:31.642,Idle,0.0,0.0,0
1151,8,2016-03-10 16:27:32.641,Idle,0.0,0.0,0
1152,8,2016-03-10 16:27:33.666,Idle,0.0,0.0,0
1153,8,2016-03-10 16:27:34.666,Idle,0.0,0.0,0
1154,8,2016-03-10 16:27:35.661,Idle,0.0,0.0,0
1155,8,2016-03-10 16:27:36.689,Idle,0.0,0.0,0
1156,8,2016-03-10 16:27:37.691,Idle,0.0,0.0,0
1157,8,2016-03-10 16:27:38.714,Idle,0.0,0.0,0
1158,8,2016-03-10 16:27:39.731,Idle,0.0,0.0,0
1159,8,2016-03-10 16:27:40.709,Idle,0.0,0.0,0
1160,8,2016-03-10 16:27:41.717,Idle,0.0,0.0,0
1161,8,2016-03-10 16:27:42.731,Idle,0.0,0.0,0
1162,8,2016-03-10 16:27:43.734,Idle,0.0,0.0,0
1163,8,2016-03-10 16:27:44.738,Idle,0.0,0.0,0
1164,8,2016-03-10 16:27:45.758,Idle,0.0,0.0,0
1165,8,2016-03-10 16:27:46.761,Idle,0.0,0.0,0
1166,8,2016-03-10 16:27:47.758,Idle,0.0,0.0,0
1167,8,2016-03-10 16:27:48.778,Idle,0.0,0.0,0
1168,8,2016-03-10 16:27:49.784,Idle,0.0,0.0,0
1169,8,2016-03-10 16:27:50.783,Idle,0.0,0.0,0
1170,8,2016-03-10 16:27:51.814,Idle,0.0,0.0,0
1171,8,2016-03-10 16:27:52.808,Idle,0.0,0.0,0
1172,8,2016-03-10 16:27:53.813,Idle,0.0,0.0,0
1173,8,2016-03-10 16:27:54.814,Idle,0.0,0.0,0
1174,8,2016-03-10 16:27:55.840,Idle,0.0,0.0,0
1175,8,2016-03-10 16:27:56.834,Idle,0.0,0.0,0
1176,8,2016-03-10 16:27:57.837,Idle,0.0,0.0,0
1177,8,2016-03-10 16:27:58.860,Idle,0.0,0.0,0
1178,8,2016-03-10 16:27:59.862,Idle,0.0,0.0,0
1179,8,2016-03-10 16:28:00.885,Idle,0.0,0.0,0
1180,8,2016-03-10 16:28:01.877,Idle,0.0,0.0,0
1181,8,2016-03-10 16:28:02.887,Idle,0.0,0.0,0
1182,8,2016-03-10 16:28:03.884,Idle,0.0,0.0,0
1183,8,2016-03-10 16:28:04.912,Idle,0.0,0.0,0
1184,8,2016-03-10 16:28:05.908,Idle,0.0,0.0,0
1185,8,2016-03-10 16:28:06.930,Idle,0.0,0.0,0
1186,8,2016-03-10 16:28:07.941,Idle,0.0,0.0,0
1187,8,2016-03-10 16:28:08.966,Idle,0.0,0.0,0
1188,8,2016-03-10 16:28:09.940,Idle,0.0,0.0,0
1189,8,2016-03-10 16:28:10.971,Idle,0.0,0.0,0
1190,8,2016-03-10 16:28:11.960,Idle,0.0,0.0,0
1191,8,2016-03-10 16:28:12.965,Idle,0.0,0.0,0
1192,8,2016-03-10 16:28:13.989,Idle,0.0,0.0,0
1193,8,2016-03-10 16:28:14.984,Idle,0.0,0.0,0
1194,8,2016-03-10 16:28:15.984,Idle,0.0,0.0,0
1195,8,2016-03-10 16:28:17.013,Idle,0.0,0.0,0
1196,8,2016-03-10 16:28:18.015,Idle,0.0,0.0,0
1197,8,2016-03-10 16:28:19.041,Idle,0.0,0.0,0
1198,8,2016-03-10 16:28:20.035,Idle,0.0,0.0,0
1199,8,2016-03-10 16:28:21.040,Idle,0.0,0.0,0
1200,8,2016-03-10 16:28:22.064,Idle,0.0,0.0,0
1201,8,2016-03-10 16:28:23.040,Idle,0.0,0.0,0
1202,8,2016-03-10 16:28:24.065,Idle,0.0,0.0,0
1203,8,2016-03-10 16:28:25.059,Idle,0.0,0.0,0
1204,8,2016-03-10 16:28:26.064,Idle,0.0,0.0,0
1205,8,2016-03-10 16:28:27.090,Idle,0.0,0.0,0
1206,8,2016-03-10 16:28:28.092,Idle,0.0,0.0,0
1207,8,2016-03-10 16:28:29.116,Idle,0.0,0.0,0
1208,8,2016-03-10 16:28:30.111,Idle,0.0,0.0,0
1209,8,2016-03-10 16:28:31.115,Idle,0.0,0.0,0
1210,8,2016-03-10 16:28:32.140,Idle,0.0,0.0,0
1211,8,2016-03-10 16:28:33.114,Idle,0.0,0.0,0
1212,8,2016-03-10 16:28:34.141,Idle,0.0,0.0,0
1213,8,2016-03-10 16:28:35.162,Idle,0.0,0.0,0
1214,8,2016-03-10 16:28:36.164,Idle,0.0,0.0,0
1215,8,2016-03-10 16:28:37.166,Idle,0.0,0.0,0
1216,8,2016-03-10 16:28:38.167,Idle,0.0,0.0,0
1217,8,2016-03-10 16:28:39.184,Idle,0.0,0.0,0
1218,8,2016-03-10 16:28:40.191,Idle,0.0,0.0,0
1219,8,2016-03-10 16:28:41.184,Idle,0.0,0.0,0
1220,8,2016-03-10 16:28:42.215,Idle,0.0,0.0,0
1221,8,2016-03-10 16:28:43.209,Idle,0.0,0.0,0
1222,8,2016-03-10 16:28:44.216,Idle,0.0,0.0,0
1223,8,2016-03-10 16:28:45.226,Idle,0.0,0.0,0
1224,8,2016-03-10 16:28:46.243,Idle,0.0,0.0,0
1225,8,2016-03-10 16:28:47.239,Idle,0.0,0.0,0
1226,8,2016-03-10 16:28:48.258,Idle,0.0,0.0,0
1227,8,2016-03-10 16:28:49.257,Idle,0.0,0.0,0
1228,8,2016-03-10 16:28:50.258,Idle,0.0,0.0,0
1229,8,2016-03-10 16:28:51.259,Idle,0.0,0.0,0
1230,8,2016-03-10 16:28:52.282,Idle,0.0,0.0,0
1231,8,2016-03-10 16:28:53.282,Idle,0.0,0.0,0
1232,8,2016-03-10 16:28:54.308,Idle,0.0,0.0,0
1233,8,2016-03-10 16:28:55.308,Idle,0.0,0.0,0
1234,8,2016-03-10 16:28:56.310,Idle,0.0,0.0,0
1235,8,2016-03-10 16:28:57.332,Idle,0.0,0.0,0
1236,8,2016-03-10 16:28:58.332,Idle,0.0,0.0,0
1237,8,2016-03-10 16:28:59.333,Idle,0.0,0.0,0
1238,8,2016-03-10 16:29:00.357,Idle,0.0,0.0,0
1239,8,2016-03-10 16:29:01.332,Idle,0.0,0.0,0
1240,8,2016-03-10 16:29:02.359,Idle,0.0,0.0,0
1241,8,2016-03-10 16:29:03.359,Idle,0.0,0.0,0
1242,8,2016-03-10 16:29:04.383,Idle,0.0,0.0,0
1243,8,2016-03-10 16:29:05.382,Idle,0.0,0.0,0
1244,8,2016-03-10 16:29:06.410,Idle,0.0,0.0,0
1245,8,2016-03-10 16:29:07.411,Idle,0.0,0.0,0
1246,8,2016-03-10 16:29:08.412,Idle,0.0,0.0,0
1247,8,2016-03-10 16:29:09.407,Idle,0.0,0.0,0
1248,8,2016-03-10 16:29:10.433,Idle,0.0,0.0,0
1249,8,2016-03-10 16:29:11.436,Idle,0.0,0.0,0
1250,8,2016-03-10 16:29:12.454,Idle,0.0,0.0,0
1251,8,2016-03-10 16:29:13.447,Idle,0.0,0.0,0
1252,8,2016-03-10 16:29:14.470,Idle,0.0,0.0,0
1253,8,2016-03-10 16:29:15.461,Idle,0.0,0.0,0
1254,8,2016-03-10 16:29:16.490,Idle,0.0,0.0,0
1255,8,2016-03-10 16:29:17.481,Idle,0.0,0.0,0
1256,8,2016-03-10 16:29:18.484,Idle,0.0,0.0,0
1257,8,2016-03-10 16:29:19.514,Idle,0.0,0.0,0
1258,8,2016-03-10 16:29:20.510,Idle,0.0,0.0,0
1259,8,2016-03-10 16:29:21.508,Idle,0.0,0.0,0
1260,8,2016-03-10 16:29:22.514,Idle,0.0,0.0,0
1261,8,2016-03-10 16:29:23.538,Idle,0.0,0.0,0
1262,8,2016-03-10 16:29:24.564,Idle,0.0,0.0,0
1263,8,2016-03-10 16:29:25.562,Idle,0.0,0.0,0
1264,8,2016-03-10 16:29:26.560,Idle,0.0,0.0,0
1265,8,2016-03-10 16:29:27.596,Idle,0.0,0.0,0
1266,8,2016-03-10 16:29:28.564,Idle,0.0,0.0,0
1267,8,2016-03-10 16:29:29.585,Idle,0.0,0.0,0
1268,8,2016-03-10 16:29:30.591,Idle,0.0,0.0,0
1269,8,2016-03-10 16:29:31.590,Idle,0.0,0.0,0
1270,8,2016-03-10 16:29:32.613,Idle,0.0,0.0,0
1271,8,2016-03-10 16:29:33.614,Idle,0.0,0.0,0
1272,8,2016-03-10 16:29:34.638,Idle,0.0,0.0,0
1273,8,2016-03-10 16:29:35.641,Idle,0.0,0.0,0
1274,8,2016-03-10 16:29:36.633,Idle,0.0,0.0,0
1275,8,2016-03-10 16:29:37.664,Idle,0.0,0.0,0
1276,8,2016-03-10 16:29:38.664,Idle,0.0,0.0,0
1277,8,2016-03-10 16:29:39.664,Idle,0.0,0.0,0
1278,8,2016-03-10 16:29:40.690,Idle,0.0,0.0,0
1279,8,2016-03-10 16:29:41.683,Idle,0.0,0.0,0
1280,8,2016-03-10 16:29:42.691,Idle,0.0,0.0,0
1281,8,2016-03-10 16:29:43.689,Idle,0.0,0.0,0
1282,8,2016-03-10 16:29:44.710,Idle,0.0,0.0,0
1283,8,2016-03-10 16:29:45.714,Idle,0.0,0.0,0
1284,8,2016-03-10 16:29:46.715,Idle,0.0,0.0,0
1285,8,2016-03-10 16:29:47.730,Idle,0.0,0.0,0
1286,8,2016-03-10 16:29:48.762,Idle,0.0,0.0,0
1287,8,2016-03-10 16:29:49.755,Idle,0.0,0.0,0
1288,8,2016-03-10 16:29:50.753,Idle,0.0,0.0,0
1289,8,2016-03-10 16:29:51.761,Idle,0.0,0.0,0
1290,8,2016-03-10 16:29:52.782,Idle,0.0,0.0,0
1291,8,2016-03-10 16:29:53.784,Idle,0.0,0.0,0
1292,8,2016-03-10 16:29:54.785,Idle,0.0,0.0,0
1293,8,2016-03-10 16:29:55.792,Idle,0.0,0.0,0
1294,8,2016-03-10 16:29:56.811,Idle,0.0,0.0,0
1295,8,2016-03-10 16:29:57.811,Idle,0.0,0.0,0
1296,8,2016-03-10 16:29:58.809,Idle,0.0,0.0,0
1297,8,2016-03-10 16:29:59.808,Idle,0.0,0.0,0
1298,8,2016-03-10 16:30:00.833,Idle,0.0,0.0,0
1299,8,2016-03-10 16:30:01.847,Idle,0.0,0.0,0
1300,8,2016-03-10 16:30:02.864,Idle,0.0,0.0,0
1301,8,2016-03-10 16:30:03.858,Idle,0.0,0.0,0
1302,8,2016-03-10 16:30:04.889,Idle,0.0,0.0,0
1303,8,2016-03-10 16:30:05.891,Idle,0.0,0.0,0
1304,8,2016-03-10 16:30:06.890,Idle,0.0,0.0,0
1305,8,2016-03-10 16:30:07.887,Idle,0.0,0.0,0
1306,8,2016-03-10 16:30:08.882,Idle,0.0,0.0,0
1307,8,2016-03-10 16:30:09.908,Idle,0.0,0.0,0
1308,8,2016-03-10 16:30:10.909,Idle,0.0,0.0,0
1309,8,2016-03-10 16:30:11.910,Idle,0.0,0.0,0
1310,8,2016-03-10 16:30:12.934,Idle,0.0,0.0,0
1311,8,2016-03-10 16:30:13.933,Idle,0.0,0.0,0
1312,8,2016-03-10 16:30:14.956,Idle,0.0,0.0,0
1313,8,2016-03-10 16:30:15.944,Idle,0.0,0.0,0
1314,8,2016-03-10 16:30:16.965,Idle,0.0,0.0,0
1315,8,2016-03-10 16:30:17.965,Idle,0.0,0.0,0
1316,8,2016-03-10 16:30:18.988,Idle,0.0,0.0,0
1317,8,2016-03-10 16:30:19.983,Idle,0.0,0.0,0
1318,8,2016-03-10 16:30:21.008,Idle,0.0,0.0,0
1319,8,2016-03-10 16:30:22.014,Idle,0.0,0.0,0
1320,8,2016-03-10 16:30:23.012,Idle,0.0,0.0,0
1321,8,2016-03-10 16:30:24.014,Idle,0.0,0.0,0
1322,8,2016-03-10 16:30:25.046,Idle,0.0,0.0,0
1323,8,2016-03-10 16:30:26.034,Idle,0.0,0.0,0
1324,8,2016-03-10 16:30:27.041,Idle,0.0,0.0,0
1325,8,2016-03-10 16:30:28.065,Idle,0.0,0.0,0
1326,8,2016-03-10 16:30:29.083,Idle,0.0,0.0,0
1327,8,2016-03-10 16:30:30.061,Idle,0.0,0.0,0
1328,8,2016-03-10 16:30:31.090,Idle,0.0,0.0,0
1329,8,2016-03-10 16:30:32.086,Idle,0.0,0.0,0
1330,8,2016-03-10 16:30:33.114,Idle,0.0,0.0,0
1331,8,2016-03-10 16:30:34.085,Idle,0.0,0.0,0
1332,8,2016-03-10 16:30:35.115,Idle,0.0,0.0,0
1333,8,2016-03-10 16:30:36.132,Idle,0.0,0.0,0
1334,8,2016-03-10 16:30:37.123,Idle,0.0,0.0,0
1335,8,2016-03-10 16:30:38.121,Idle,0.0,0.0,0
1336,8,2016-03-10 16:30:39.133,Idle,0.0,0.0,0
1337,8,2016-03-10 16:30:40.134,Idle,0.0,0.0,0
1338,8,2016-03-10 16:30:41.158,Idle,0.0,0.0,0
1339,8,2016-03-10 16:30:42.158,Idle,0.0,0.0,0
1340,8,2016-03-10 16:30:43.182,Idle,0.0,0.0,0
1341,8,2016-03-10 16:30:44.185,Idle,0.0,0.0,0
1342,8,2016-03-10 16:30:45.184,Idle,0.0,0.0,0
1343,8,2016-03-10 16:30:46.221,Idle,0.0,0.0,0
1344,8,2016-03-10 16:30:47.186,Idle,0.0,0.0,0
1345,8,2016-03-10 16:30:48.214,Idle,0.0,0.0,0
1346,8,2016-03-10 16:30:49.209,Idle,0.0,0.0,0
1347,8,2016-03-10 16:30:50.270,Idle,0.0,0.0,0
1348,8,2016-03-10 16:30:51.253,Idle,0.0,0.0,0
1349,8,2016-03-10 16:30:52.247,Idle,0.0,0.0,0
1350,8,2016-03-10 16:30:53.264,Idle,0.0,0.0,0
1351,8,2016-03-10 16:30:54.260,Idle,0.0,0.0,0
1352,8,2016-03-10 16:30:55.269,Idle,0.0,0.0,0
1353,8,2016-03-10 16:30:56.265,Idle,0.0,0.0,0
1354,8,2016-03-10 16:30:57.282,Idle,0.0,0.0,0
1355,8,2016-03-10 16:30:58.285,Idle,0.0,0.0,0
1356,8,2016-03-10 16:30:59.307,Idle,0.0,0.0,0
1357,8,2016-03-10 16:31:00.307,Idle,0.0,0.0,0
1358,8,2016-03-10 16:31:01.332,Idle,0.0,0.0,0
1359,8,2016-03-10 16:31:02.309,Idle,0.0,0.0,0
1360,8,2016-03-10 16:31:03.332,Idle,0.0,0.0,0
1361,8,2016-03-10 16:31:04.333,Idle,0.0,0.0,0
1362,8,2016-03-10 16:31:05.357,Idle,0.0,0.0,0
1363,8,2016-03-10 16:31:06.362,Idle,0.0,0.0,0
1364,8,2016-03-10 16:31:07.360,Idle,0.0,0.0,0
1365,8,2016-03-10 16:31:08.358,Idle,0.0,0.0,0
1366,8,2016-03-10 16:31:09.381,Idle,0.0,0.0,0
1367,8,2016-03-10 16:31:10.382,Idle,0.0,0.0,0
1368,8,2016-03-10 16:31:11.406,Idle,0.0,0.0,0
1369,8,2016-03-10 16:31:12.412,Idle,0.0,0.0,0
1370,8,2016-03-10 16:31:13.409,Idle,0.0,0.0,0
1371,8,2016-03-10 16:31:14.409,Idle,0.0,0.0,0
1372,8,2016-03-10 16:31:15.433,Idle,0.0,0.0,0
1373,8,2016-03-10 16:31:16.432,Idle,0.0,0.0,0
1374,8,2016-03-10 16:31:17.432,Idle,0.0,0.0,0
1375,8,2016-03-10 16:31:18.458,Idle,0.0,0.0,0
1376,8,2016-03-10 16:31:19.459,Idle,0.0,0.0,0
1377,8,2016-03-10 16:31:20.477,Idle,0.0,0.0,0
1378,8,2016-03-10 16:31:21.486,Idle,0.0,0.0,0
1379,8,2016-03-10 16:31:22.483,Idle,0.0,0.0,0
1380,8,2016-03-10 16:31:23.515,Idle,0.0,0.0,0
1381,8,2016-03-10 16:31:24.514,Idle,0.0,0.0,0
1382,8,2016-03-10 16:31:25.513,Idle,0.0,0.0,0
1383,8,2016-03-10 16:31:26.514,Idle,0.0,0.0,0
1384,8,2016-03-10 16:31:27.510,Idle,0.0,0.0,0
1385,8,2016-03-10 16:31:28.538,Idle,0.0,0.0,0
1386,8,2016-03-10 16:31:29.539,Idle,0.0,0.0,0
1387,8,2016-03-10 16:31:30.534,Idle,0.0,0.0,0
1388,8,2016-03-10 16:31:31.563,Idle,0.0,0.0,0
1389,8,2016-03-10 16:31:32.564,Idle,0.0,0.0,0
1390,8,2016-03-10 16:31:33.594,Idle,0.0,0.0,0
1391,8,2016-03-10 16:31:34.585,Idle,0.0,0.0,0
1392,8,2016-03-10 16:31:35.589,Idle,0.0,0.0,0
1393,8,2016-03-10 16:31:36.614,Idle,0.0,0.0,0
1394,8,2016-03-10 16:31:37.613,Idle,0.0,0.0,0
1395,8,2016-03-10 16:31:38.608,Idle,0.0,0.0,0
1396,8,2016-03-10 16:31:39.624,Idle,0.0,0.0,0
1397,8,2016-03-10 16:31:40.639,Idle,0.0,0.0,0
1398,8,2016-03-10 16:31:41.640,Idle,0.0,0.0,0
1399,8,2016-03-10 16:31:42.632,Idle,0.0,0.0,0
1400,8,2016-03-10 16:31:43.672,Idle,0.0,0.0,0
1401,8,2016-03-10 16:31:44.658,Idle,0.0,0.0,0
1402,8,2016-03-10 16:31:45.687,Idle,0.0,0.0,0
1403,8,2016-03-10 16:31:46.689,Idle,0.0,0.0,0
1404,8,2016-03-10 16:31:47.689,Idle,0.0,0.0,0
1405,8,2016-03-10 16:31:48.689,Idle,0.0,0.0,0
1406,8,2016-03-10 16:31:49.716,Idle,0.0,0.0,0
1407,8,2016-03-10 16:31:50.709,Idle,0.0,0.0,0
1408,8,2016-03-10 16:31:51.739,Idle,0.0,0.0,0
1409,8,2016-03-10 16:31:52.709,Idle,0.0,0.0,0
1410,8,2016-03-10 16:31:53.737,Idle,0.0,0.0,0
1411,8,2016-03-10 16:31:54.754,Idle,0.0,0.0,0
1412,8,2016-03-10 16:31:55.759,Idle,0.0,0.0,0
1413,8,2016-03-10 16:31:56.760,Idle,0.0,0.0,0
1414,8,2016-03-10 16:31:57.757,Idle,0.0,0.0,0
1415,8,2016-03-10 16:31:58.789,Idle,0.0,0.0,0
1416,8,2016-03-10 16:31:59.784,Idle,0.0,0.0,0
1417,8,2016-03-10 16:32:00.792,Idle,0.0,0.0,0
1418,8,2016-03-10 16:32:01.806,Idle,0.0,0.0,0
1419,8,2016-03-10 16:32:02.809,Idle,0.0,0.0,0
1420,8,2016-03-10 16:32:03.837,Idle,0.0,0.0,0
1421,8,2016-03-10 16:32:04.834,Idle,0.0,0.0,0
1422,8,2016-03-10 16:32:05.834,Idle,0.0,0.0,0
1423,8,2016-03-10 16:32:06.865,Idle,0.0,0.0,0
1424,8,2016-03-10 16:32:07.834,Idle,0.0,0.0,0
1425,8,2016-03-10 16:32:08.858,Idle,0.0,0.0,0
1426,8,2016-03-10 16:32:09.863,Idle,0.0,0.0,0
1427,8,2016-03-10 16:32:10.858,Idle,0.0,0.0,0
1428,8,2016-03-10 16:32:11.888,Idle,0.0,0.0,0
1429,8,2016-03-10 16:32:12.882,Idle,0.0,0.0,0
1430,8,2016-03-10 16:32:13.907,Idle,0.0,0.0,0
1431,8,2016-03-10 16:32:14.919,Idle,0.0,0.0,0
1432,8,2016-03-10 16:32:15.912,Idle,0.0,0.0,0
1433,8,2016-03-10 16:32:16.939,Idle,0.0,0.0,0
1434,8,2016-03-10 16:32:17.940,Idle,0.0,0.0,0
1435,8,2016-03-10 16:32:18.932,Idle,0.0,0.0,0
1436,8,2016-03-10 16:32:19.961,Idle,0.0,0.0,0
1437,8,2016-03-10 16:32:20.960,Idle,0.0,0.0,0
1438,8,2016-03-10 16:32:21.962,Idle,0.0,0.0,0
1439,8,2016-03-10 16:32:22.962,Idle,0.0,0.0,0
1440,8,2016-03-10 16:32:23.986,Idle,0.0,0.0,0
1441,8,2016-03-10 16:32:24.996,Idle,0.0,0.0,0
1442,8,2016-03-10 16:32:26.013,Idle,0.0,0.0,0
1443,8,2016-03-10 16:32:27.013,Idle,0.0,0.0,0
1444,8,2016-03-10 16:32:28.013,Idle,0.0,0.0,0
1445,8,2016-03-10 16:32:29.034,Idle,0.0,0.0,0
1446,8,2016-03-10 16:32:30.037,Idle,0.0,0.0,0
1447,8,2016-03-10 16:32:31.037,Idle,0.0,0.0,0
1448,8,2016-03-10 16:32:32.063,Idle,0.0,0.0,0
1449,8,2016-03-10 16:32:33.039,Idle,0.0,0.0,0
1450,8,2016-03-10 16:32:34.066,Idle,0.0,0.0,0
1451,8,2016-03-10 16:32:35.064,Idle,0.0,0.0,0
1452,8,2016-03-10 16:32:36.084,Idle,0.0,0.0,0
1453,8,2016-03-10 16:32:37.087,Idle,0.0,0.0,0
1454,8,2016-03-10 16:32:38.087,Idle,0.0,0.0,0
1455,8,2016-03-10 16:32:39.113,Idle,0.0,0.0,0
1456,8,2016-03-10 16:32:40.113,Idle,0.0,0.0,0
1457,8,2016-03-10 16:32:41.113,Idle,0.0,0.0,0
1458,8,2016-03-10 16:32:42.142,Idle,0.0,0.0,0
1459,8,2016-03-10 16:32:43.138,Idle,0.0,0.0,0
1460,8,2016-03-10 16:32:44.138,Idle,0.0,0.0,0
1461,8,2016-03-10 16:32:45.163,Idle,0.0,0.0,0
1462,8,2016-03-10 16:32:46.162,Idle,0.0,0.0,0
1463,8,2016-03-10 16:32:47.186,Idle,0.0,0.0,0
1464,8,2016-03-10 16:32:48.189,Idle,0.0,0.0,0
1465,8,2016-03-10 16:32:49.188,Idle,0.0,0.0,0
1466,8,2016-03-10 16:32:50.188,Idle,0.0,0.0,0
1467,8,2016-03-10 16:32:51.213,Idle,0.0,0.0,0
1468,8,2016-03-10 16:32:52.207,Idle,0.0,0.0,0
1469,8,2016-03-10 16:32:53.213,Idle,0.0,0.0,0
1470,8,2016-03-10 16:32:54.239,Idle,0.0,0.0,0
1471,8,2016-03-10 16:32:55.241,Idle,0.0,0.0,0
1472,8,2016-03-10 16:32:56.237,Idle,0.0,0.0,0
1473,8,2016-03-10 16:32:57.259,Idle,0.0,0.0,0
1474,8,2016-03-10 16:32:58.262,Idle,0.0,0.0,0
1475,8,2016-03-10 16:32:59.269,Idle,0.0,0.0,0
1476,8,2016-03-10 16:33:00.283,Idle,0.0,0.0,0
1477,8,2016-03-10 16:33:01.284,Idle,0.0,0.0,0
1478,8,2016-03-10 16:33:02.282,Idle,0.0,0.0,0
1479,8,2016-03-10 16:33:03.281,Idle,0.0,0.0,0
1480,8,2016-03-10 16:33:04.306,Idle,0.0,0.0,0
1481,8,2016-03-10 16:33:05.306,Idle,0.0,0.0,0
1482,8,2016-03-10 16:33:06.306,Idle,0.0,0.0,0
1483,8,2016-03-10 16:33:07.331,Idle,0.0,0.0,0
1484,8,2016-03-10 16:33:08.331,Idle,0.0,0.0,0
1485,8,2016-03-10 16:33:09.356,Idle,0.0,0.0,0
1486,8,2016-03-10 16:33:10.351,Idle,0.0,0.0,0
1487,8,2016-03-10 16:33:11.357,Idle,0.0,0.0,0
1488,8,2016-03-10 16:33:12.383,Idle,0.0,0.0,0
1489,8,2016-03-10 16:33:13.361,Idle,0.0,0.0,0
1490,8,2016-03-10 16:33:14.382,Idle,0.0,0.0,0
1491,8,2016-03-10 16:33:15.384,Idle,0.0,0.0,0
1492,8,2016-03-10 16:33:16.413,Idle,0.0,0.0,0
1493,8,2016-03-10 16:33:17.414,Idle,0.0,0.0,0
1494,8,2016-03-10 16:33:18.412,Idle,0.0,0.0,0
1495,8,2016-03-10 16:33:19.436,Idle,0.0,0.0,0
1496,8,2016-03-10 16:33:20.439,Idle,0.0,0.0,0
1497,8,2016-03-10 16:33:21.438,Idle,0.0,0.0,0
1498,8,2016-03-10 16:33:22.463,Idle,0.0,0.0,0
1499,8,2016-03-10 16:33:23.464,Idle,0.0,0.0,0
1500,8,2016-03-10 16:33:24.460,Idle,0.0,0.0,0
1501,8,2016-03-10 16:33:25.483,Idle,0.0,0.0,0
1502,8,2016-03-10 16:33:26.482,Idle,0.0,0.0,0
1503,8,2016-03-10 16:33:27.506,Idle,0.0,0.0,0
1504,8,2016-03-10 16:33:28.485,Idle,0.0,0.0,0
1505,8,2016-03-10 16:33:29.509,Idle,0.0,0.0,0
1506,8,2016-03-10 16:33:30.507,Idle,0.0,0.0,0
1507,8,2016-03-10 16:33:31.508,Idle,0.0,0.0,0
1508,8,2016-03-10 16:33:32.539,Idle,0.0,0.0,0
1509,8,2016-03-10 16:33:33.541,Idle,0.0,0.0,0
1510,8,2016-03-10 16:33:34.538,Idle,0.0,0.0,0
1511,8,2016-03-10 16:33:35.561,Idle,0.0,0.0,0
1512,8,2016-03-10 16:33:36.558,Idle,0.0,0.0,0
1513,8,2016-03-10 16:33:37.584,Idle,0.0,0.0,0
1514,8,2016-03-10 16:33:38.579,Idle,0.0,0.0,0
1515,8,2016-03-10 16:33:39.578,Idle,0.0,0.0,0
1516,8,2016-03-10 16:33:40.604,Idle,0.0,0.0,0
1517,8,2016-03-10 16:33:41.580,Idle,0.0,0.0,0
1518,8,2016-03-10 16:33:42.603,Idle,0.0,0.0,0
1519,8,2016-03-10 16:33:43.608,Idle,0.0,0.0,0
1520,8,2016-03-10 16:33:44.636,Idle,0.0,0.0,0
1521,8,2016-03-10 16:33:45.637,Idle,0.0,0.0,0
1522,8,2016-03-10 16:33:46.639,Idle,0.0,0.0,0
1523,8,2016-03-10 16:33:47.658,Idle,0.0,0.0,0
1524,8,2016-03-10 16:33:48.658,Idle,0.0,0.0,0
1525,8,2016-03-10 16:33:49.663,Idle,0.0,0.0,0
1526,8,2016-03-10 16:33:50.689,Idle,0.0,0.0,0
1527,8,2016-03-10 16:33:51.687,Idle,0.0,0.0,0
1528,8,2016-03-10 16:33:52.694,Idle,0.0,0.0,0
1529,8,2016-03-10 16:33:53.686,Idle,0.0,0.0,0
1530,8,2016-03-10 16:33:54.707,Idle,0.0,0.0,0
1531,8,2016-03-10 16:33:55.712,Idle,0.0,0.0,0
1532,8,2016-03-10 16:33:56.712,Idle,0.0,0.0,0
1533,8,2016-03-10 16:33:57.739,Idle,0.0,0.0,0
1534,8,2016-03-10 16:33:58.738,Idle,0.0,0.0,0
1535,8,2016-03-10 16:33:59.767,Idle,0.0,0.0,0
1536,8,2016-03-10 16:34:00.778,Idle,0.0,0.0,0
1537,8,2016-03-10 16:34:01.780,Idle,0.0,0.0,0
1538,8,2016-03-10 16:34:02.776,Idle,0.0,0.0,0
1539,8,2016-03-10 16:34:03.774,Idle,0.0,0.0,0
1540,8,2016-03-10 16:34:04.785,Idle,0.0,0.0,0
1541,8,2016-03-10 16:34:05.807,Idle,0.0,0.0,0
1542,8,2016-03-10 16:34:06.807,Idle,0.0,0.0,0
1543,8,2016-03-10 16:34:07.833,Idle,0.0,0.0,0
1544,8,2016-03-10 16:34:08.809,Idle,0.0,0.0,0
1545,8,2016-03-10 16:34:09.842,Idle,0.0,0.0,0
1546,8,2016-03-10 16:34:10.840,Idle,0.0,0.0,0
1547,8,2016-03-10 16:34:11.831,Idle,0.0,0.0,0
1548,8,2016-03-10 16:34:12.859,Idle,0.0,0.0,0
1549,8,2016-03-10 16:34:13.861,Idle,0.0,0.0,0
1550,8,2016-03-10 16:34:14.863,Idle,0.0,0.0,0
1551,8,2016-03-10 16:34:15.893,Idle,0.0,0.0,0
1552,8,2016-03-10 16:34:16.885,Idle,0.0,0.0,0
1553,8,2016-03-10 16:34:17.907,Idle,0.0,0.0,0
1554,8,2016-03-10 16:34:18.912,Idle,0.0,0.0,0
1555,8,2016-03-10 16:34:19.911,Idle,0.0,0.0,0
1556,8,2016-03-10 16:34:20.937,Idle,0.0,0.0,0
1557,8,2016-03-10 16:34:21.913,Idle,0.0,0.0,0
1558,8,2016-03-10 16:34:22.931,Idle,0.0,0.0,0
1559,8,2016-03-10 16:34:23.935,Idle,0.0,0.0,0
1560,8,2016-03-10 16:34:24.938,Idle,0.0,0.0,0
1561,8,2016-03-10 16:34:25.962,Idle,0.0,0.0,0
1562,8,2016-03-10 16:34:26.961,Idle,0.0,0.0,0
1563,8,2016-03-10 16:34:27.988,Idle,0.0,0.0,0
1564,8,2016-03-10 16:34:28.982,Idle,0.0,0.0,0
1565,8,2016-03-10 16:34:29.986,Idle,0.0,0.0,0
1566,8,2016-03-10 16:34:30.991,Idle,0.0,0.0,0
1567,8,2016-03-10 16:34:31.982,Idle,0.0,0.0,0
1568,8,2016-03-10 16:34:33.008,Idle,0.0,0.0,0
1569,8,2016-03-10 16:34:34.015,Idle,0.0,0.0,0
1570,8,2016-03-10 16:34:35.034,Idle,0.0,0.0,0
1571,8,2016-03-10 16:34:36.064,Idle,0.0,0.0,0
1572,8,2016-03-10 16:34:37.043,Idle,0.0,0.0,0
1573,8,2016-03-10 16:34:38.063,Idle,0.0,0.0,0
1574,8,2016-03-10 16:34:39.065,Idle,0.0,0.0,0
1575,8,2016-03-10 16:34:40.059,Idle,0.0,0.0,0
1576,8,2016-03-10 16:34:41.093,Idle,0.0,0.0,0
1577,8,2016-03-10 16:34:42.088,Idle,0.0,0.0,0
1578,8,2016-03-10 16:34:43.082,Idle,0.0,0.0,0
1579,8,2016-03-10 16:34:44.110,Idle,0.0,0.0,0
1580,8,2016-03-10 16:34:45.112,Idle,0.0,0.0,0
1581,8,2016-03-10 16:34:46.138,Idle,0.0,0.0,0
1582,8,2016-03-10 16:34:47.115,Idle,0.0,0.0,0
1583,8,2016-03-10 16:34:48.129,Idle,0.0,0.0,0
1584,8,2016-03-10 16:34:49.134,Idle,0.0,0.0,0
1585,8,2016-03-10 16:34:50.133,Idle,0.0,0.0,0
1586,8,2016-03-10 16:34:51.156,Idle,0.0,0.0,0
1587,8,2016-03-10 16:34:52.157,Idle,0.0,0.0,0
1588,8,2016-03-10 16:34:53.159,Idle,0.0,0.0,0
1589,8,2016-03-10 16:34:54.185,Idle,0.0,0.0,0
1590,8,2016-03-10 16:34:55.189,Idle,0.0,0.0,0
1591,8,2016-03-10 16:34:56.211,Idle,0.0,0.0,0
1592,8,2016-03-10 16:34:57.212,Idle,0.0,0.0,0
1593,8,2016-03-10 16:34:58.208,Idle,0.0,0.0,0
1594,8,2016-03-10 16:34:59.243,Idle,0.0,0.0,0
1595,8,2016-03-10 16:35:00.213,Idle,0.0,0.0,0
1596,8,2016-03-10 16:35:01.238,Idle,0.0,0.0,0
1597,8,2016-03-10 16:35:02.237,Idle,0.0,0.0,0
1598,8,2016-03-10 16:35:03.269,Idle,0.0,0.0,0
1599,8,2016-03-10 16:35:04.294,Idle,0.0,0.0,0
1600,8,2016-03-10 16:35:05.277,Idle,0.0,0.0,0
1601,8,2016-03-10 16:35:06.291,Idle,0.0,0.0,0
1602,8,2016-03-10 16:35:07.283,Idle,0.0,0.0,0
1603,8,2016-03-10 16:35:08.280,Idle,0.0,0.0,0
1604,8,2016-03-10 16:35:09.307,Idle,0.0,0.0,0
1605,8,2016-03-10 16:35:10.307,Idle,0.0,0.0,0
1606,8,2016-03-10 16:35:11.306,Idle,0.0,0.0,0
1607,8,2016-03-10 16:35:12.306,Idle,0.0,0.0,0
1608,8,2016-03-10 16:35:13.331,Idle,0.0,0.0,0
1609,8,2016-03-10 16:35:14.331,Idle,0.0,0.0,0
1610,8,2016-03-10 16:35:15.334,Idle,0.0,0.0,0
1611,8,2016-03-10 16:35:16.356,Idle,0.0,0.0,0
1612,8,2016-03-10 16:35:17.358,Idle,0.0,0.0,0
1613,8,2016-03-10 16:35:18.351,Idle,0.0,0.0,0
1614,8,2016-03-10 16:35:19.381,Idle,0.0,0.0,0
1615,8,2016-03-10 16:35:20.382,Idle,0.0,0.0,0
1616,8,2016-03-10 16:35:21.408,Idle,0.0,0.0,0
1617,8,2016-03-10 16:35:22.413,Idle,0.0,0.0,0
1618,8,2016-03-10 16:35:23.412,Idle,0.0,0.0,0
1619,8,2016-03-10 16:35:24.437,Idle,0.0,0.0,0
1620,8,2016-03-10 16:35:25.407,Idle,0.0,0.0,0
1621,8,2016-03-10 16:35:26.435,Idle,0.0,0.0,0
1622,8,2016-03-10 16:35:27.432,Idle,0.0,0.0,0
1623,8,2016-03-10 16:35:28.458,Idle,0.0,0.0,0
1624,8,2016-03-10 16:35:29.464,Idle,0.0,0.0,0
1625,8,2016-03-10 16:35:30.461,Idle,0.0,0.0,0
1626,8,2016-03-10 16:35:31.482,Idle,0.0,0.0,0
1627,8,2016-03-10 16:35:32.483,Idle,0.0,0.0,0
1628,8,2016-03-10 16:35:33.487,Idle,0.0,0.0,0
1629,8,2016-03-10 16:35:34.512,Idle,0.0,0.0,0
1630,8,2016-03-10 16:35:35.512,Idle,0.0,0.0,0
1631,8,2016-03-10 16:35:36.507,Idle,0.0,0.0,0
1632,8,2016-03-10 16:35:37.552,Idle,0.0,0.0,0
1633,8,2016-03-10 16:35:38.533,Idle,0.0,0.0,0
1634,8,2016-03-10 16:35:39.564,Idle,0.0,0.0,0
1635,8,2016-03-10 16:35:40.559,Idle,0.0,0.0,0
1636,8,2016-03-10 16:35:41.562,Idle,0.0,0.0,0
1637,8,2016-03-10 16:35:42.557,Idle,0.0,0.0,0
1638,8,2016-03-10 16:35:43.563,Idle,0.0,0.0,0
1639,8,2016-03-10 16:35:44.584,Idle,0.0,0.0,0
1640,8,2016-03-10 16:35:45.593,Idle,0.0,0.0,0
1641,8,2016-03-10 16:35:46.614,Idle,0.0,0.0,0
1642,8,2016-03-10 16:35:47.611,Idle,0.0,0.0,0
1643,8,2016-03-10 16:35:48.610,Idle,0.0,0.0,0
1644,8,2016-03-10 16:35:49.635,Idle,0.0,0.0,0
1645,8,2016-03-10 16:35:50.638,Idle,0.0,0.0,0
1646,8,2016-03-10 16:35:51.638,Idle,0.0,0.0,0
1647,8,2016-03-10 16:35:52.636,Idle,0.0,0.0,0
1648,8,2016-03-10 16:35:53.638,Idle,0.0,0.0,0
1649,8,2016-03-10 16:35:54.658,Idle,0.0,0.0,0
1650,8,2016-03-10 16:35:55.667,Idle,0.0,0.0,0
1651,8,2016-03-10 16:35:56.688,Idle,0.0,0.0,0
1652,8,2016-03-10 16:35:57.688,Idle,0.0,0.0,0
1653,8,2016-03-10 16:35:58.712,Idle,0.0,0.0,0
1654,8,2016-03-10 16:35:59.709,Idle,0.0,0.0,0
1655,8,2016-03-10 16:36:00.709,Idle,0.0,0.0,0
1656,8,2016-03-10 16:36:01.713,Idle,0.0,0.0,0
1657,8,2016-03-10 16:36:02.738,Idle,0.0,0.0,0
1658,8,2016-03-10 16:36:03.735,Idle,0.0,0.0,0
1659,8,2016-03-10 16:36:04.759,Idle,0.0,0.0,0
1660,8,2016-03-10 16:36:05.734,Idle,0.0,0.0,0
1661,8,2016-03-10 16:36:06.762,Idle,0.0,0.0,0
1662,8,2016-03-10 16:36:07.781,Idle,0.0,0.0,0
1663,8,2016-03-10 16:36:08.783,Idle,0.0,0.0,0
1664,8,2016-03-10 16:36:09.781,Idle,0.0,0.0,0
1665,8,2016-03-10 16:36:10.781,Idle,0.0,0.0,0
1666,8,2016-03-10 16:36:11.784,Idle,0.0,0.0,0
1667,8,2016-03-10 16:36:12.791,Idle,0.0,0.0,0
1668,8,2016-03-10 16:36:13.800,Idle,0.0,0.0,0
1669,8,2016-03-10 16:36:14.830,Idle,0.0,0.0,0
1670,8,2016-03-10 16:36:15.830,Idle,0.0,0.0,0
1671,8,2016-03-10 16:36:16.832,Idle,0.0,0.0,0
1672,8,2016-03-10 16:36:17.858,Idle,0.0,0.0,0
1673,8,2016-03-10 16:36:18.864,Idle,0.0,0.0,0
1674,8,2016-03-10 16:36:19.857,Idle,0.0,0.0,0
1675,8,2016-03-10 16:36:20.857,Idle,0.0,0.0,0
1676,8,2016-03-10 16:36:21.880,Idle,0.0,0.0,0
1677,8,2016-03-10 16:36:22.883,Idle,0.0,0.0,0
1678,8,2016-03-10 16:36:23.884,Idle,0.0,0.0,0
1679,8,2016-03-10 16:36:24.923,Idle,0.0,0.0,0
1680,8,2016-03-10 16:36:25.911,Idle,0.0,0.0,0
1681,8,2016-03-10 16:36:26.911,Idle,0.0,0.0,0
1682,8,2016-03-10 16:36:27.934,Idle,0.0,0.0,0
1683,8,2016-03-10 16:36:28.940,Idle,0.0,0.0,0
1684,8,2016-03-10 16:36:29.938,Idle,0.0,0.0,0
1685,8,2016-03-10 16:36:30.939,Idle,0.0,0.0,0
1686,8,2016-03-10 16:36:31.960,Idle,0.0,0.0,0
1687,8,2016-03-10 16:36:32.959,Idle,0.0,0.0,0
1688,8,2016-03-10 16:36:33.988,Idle,0.0,0.0,0
1689,8,2016-03-10 16:36:34.984,Idle,0.0,0.0,0
1690,8,2016-03-10 16:36:35.987,Idle,0.0,0.0,0
1691,8,2016-03-10 16:36:36.984,Idle,0.0,0.0,0
1692,8,2016-03-10 16:36:38.012,Idle,0.0,0.0,0
1693,8,2016-03-10 16:36:39.008,Idle,0.0,0.0,0
1694,8,2016-03-10 16:36:40.034,Idle,0.0,0.0,0
1695,8,2016-03-10 16:36:41.031,Idle,0.0,0.0,0
1696,8,2016-03-10 16:36:42.031,Idle,0.0,0.0,0
1697,8,2016-03-10 16:36:43.053,Idle,0.0,0.0,0
1698,8,2016-03-10 16:36:44.062,Idle,0.0,0.0,0
1699,8,2016-03-10 16:36:45.062,Idle,0.0,0.0,0
1700,8,2016-03-10 16:36:46.062,Idle,0.0,0.0,0
1701,8,2016-03-10 16:36:47.063,Idle,0.0,0.0,0
1702,8,2016-03-10 16:36:48.087,Idle,0.0,0.0,0
1703,8,2016-03-10 16:36:49.087,Idle,0.0,0.0,0
1704,8,2016-03-10 16:36:50.112,Idle,0.0,0.0,0
1705,8,2016-03-10 16:36:51.108,Idle,0.0,0.0,0
1706,8,2016-03-10 16:36:52.137,Idle,0.0,0.0,0
1707,8,2016-03-10 16:36:53.138,Idle,0.0,0.0,0
1708,8,2016-03-10 16:36:54.136,Idle,0.0,0.0,0
1709,8,2016-03-10 16:36:55.133,Idle,0.0,0.0,0
1710,8,2016-03-10 16:36:56.163,Idle,0.0,0.0,0
1711,8,2016-03-10 16:36:57.160,Idle,0.0,0.0,0
1712,8,2016-03-10 16:36:58.198,Idle,0.0,0.0,0
1713,8,2016-03-10 16:36:59.163,Idle,0.0,0.0,0
1714,8,2016-03-10 16:37:00.188,Idle,0.0,0.0,0
1715,8,2016-03-10 16:37:01.184,Idle,0.0,0.0,0
1716,8,2016-03-10 16:37:02.212,Idle,0.0,0.0,0
1717,8,2016-03-10 16:37:03.209,Idle,0.0,0.0,0
1718,8,2016-03-10 16:37:04.212,Idle,0.0,0.0,0
1719,8,2016-03-10 16:37:05.214,Idle,0.0,0.0,0
1720,8,2016-03-10 16:37:06.238,Idle,0.0,0.0,0
1721,8,2016-03-10 16:37:07.238,Idle,0.0,0.0,0
1722,8,2016-03-10 16:37:08.261,Idle,0.0,0.0,0
1723,8,2016-03-10 16:37:09.263,Idle,0.0,0.0,0
1724,8,2016-03-10 16:37:10.261,Idle,0.0,0.0,0
1725,8,2016-03-10 16:37:11.274,Idle,0.0,0.0,0
1726,8,2016-03-10 16:37:12.309,Idle,0.0,0.0,0
1727,8,2016-03-10 16:37:13.291,Idle,0.0,0.0,0
1728,8,2016-03-10 16:37:14.290,Idle,0.0,0.0,0
1729,8,2016-03-10 16:37:15.309,Idle,0.0,0.0,0
1730,8,2016-03-10 16:37:16.308,Idle,0.0,0.0,0
1731,8,2016-03-10 16:37:17.306,Idle,0.0,0.0,0
1732,8,2016-03-10 16:37:18.330,Idle,0.0,0.0,0
1733,8,2016-03-10 16:37:19.330,Idle,0.0,0.0,0
1734,8,2016-03-10 16:37:20.330,Idle,0.0,0.0,0
1735,8,2016-03-10 16:37:21.358,Idle,0.0,0.0,0
1736,8,2016-03-10 16:37:22.358,Idle,0.0,0.0,0
1737,8,2016-03-10 16:37:23.355,Idle,0.0,0.0,0
1738,8,2016-03-10 16:37:24.355,Idle,0.0,0.0,0
1739,8,2016-03-10 16:37:25.380,Idle,0.0,0.0,0
1740,8,2016-03-10 16:37:26.381,Idle,0.0,0.0,0
1741,8,2016-03-10 16:37:27.411,Idle,0.0,0.0,0
1742,8,2016-03-10 16:37:28.417,Idle,0.0,0.0,0
1743,8,2016-03-10 16:37:29.406,Idle,0.0,0.0,0
1744,8,2016-03-10 16:37:30.500,Idle,0.0,0.0,0
1745,8,2016-03-10 16:37:31.499,Idle,0.0,0.0,0
1746,8,2016-03-10 16:37:32.500,Idle,0.0,0.0,0
1747,8,2016-03-10 16:37:33.502,Idle,0.0,0.0,0
1748,8,2016-03-10 16:37:34.499,Idle,0.0,0.0,0
1749,8,2016-03-10 16:37:35.499,Idle,0.0,0.0,0
1750,8,2016-03-10 16:37:36.503,Idle,0.0,0.0,0
1751,8,2016-03-10 16:37:37.503,Idle,0.0,0.0,0
1752,8,2016-03-10 16:37:38.513,Idle,0.0,0.0,0
1753,8,2016-03-10 16:37:39.513,Idle,0.0,0.0,0
1754,8,2016-03-10 16:37:40.502,Idle,0.0,0.0,0
1755,8,2016-03-10 16:37:41.504,Idle,0.0,0.0,0
1756,8,2016-03-10 16:37:42.594,Idle,0.0,0.0,0
1757,8,2016-03-10 16:37:43.592,Idle,0.0,0.0,0
1758,8,2016-03-10 16:37:44.599,Idle,0.0,0.0,0
1759,8,2016-03-10 16:37:45.592,Idle,0.0,0.0,0
1760,8,2016-03-10 16:37:46.602,Idle,0.0,0.0,0
1761,8,2016-03-10 16:37:47.614,Idle,0.0,0.0,0
1762,8,2016-03-10 16:37:48.597,Idle,0.0,0.0,0
1763,8,2016-03-10 16:37:49.596,Idle,0.0,0.0,0
1764,8,2016-03-10 16:37:50.604,Idle,0.0,0.0,0
1765,8,2016-03-10 16:37:51.605,Idle,0.0,0.0,0
1766,8,2016-03-10 16:37:52.600,Idle,0.0,0.0,0
1767,8,2016-03-10 16:37:53.594,Idle,0.0,0.0,0
1768,8,2016-03-10 16:37:54.696,Idle,0.0,0.0,0
1769,8,2016-03-10 16:37:55.699,Idle,0.0,0.0,0
1770,8,2016-03-10 16:37:56.700,Idle,0.0,0.0,0
1771,8,2016-03-10 16:37:57.695,Idle,0.0,0.0,0
1772,8,2016-03-10 16:37:58.700,Idle,0.0,0.0,0
1773,8,2016-03-10 16:37:59.697,Idle,0.0,0.0,0
1774,8,2016-03-10 16:38:00.661,Idle,0.0,0.0,0
1775,8,2016-03-10 16:38:01.684,Idle,0.0,0.0,0
1776,8,2016-03-10 16:38:02.687,Idle,0.0,0.0,0
1777,8,2016-03-10 16:38:03.688,Idle,0.0,0.0,0
1778,8,2016-03-10 16:38:04.684,Idle,0.0,0.0,0
1779,8,2016-03-10 16:38:05.686,Idle,0.0,0.0,0
1780,8,2016-03-10 16:38:06.713,Idle,0.0,0.0,0
1781,8,2016-03-10 16:38:07.713,Idle,0.0,0.0,0
1782,8,2016-03-10 16:38:08.736,Idle,0.0,0.0,0
1783,8,2016-03-10 16:38:09.732,Idle,0.0,0.0,0
1784,8,2016-03-10 16:38:10.761,Idle,0.0,0.0,0
1785,8,2016-03-10 16:38:11.762,Idle,0.0,0.0,0
1786,8,2016-03-10 16:38:12.764,Idle,0.0,0.0,0
1787,8,2016-03-10 16:38:13.758,Idle,0.0,0.0,0
1788,8,2016-03-10 16:38:14.783,Idle,0.0,0.0,0
1789,8,2016-03-10 16:38:15.785,Idle,0.0,0.0,0
1790,8,2016-03-10 16:38:16.805,Idle,0.0,0.0,0
1791,8,2016-03-10 16:38:17.781,Idle,0.0,0.0,0
1792,8,2016-03-10 16:38:18.811,Idle,0.0,0.0,0
1793,8,2016-03-10 16:38:19.807,Idle,0.0,0.0,0
1794,8,2016-03-10 16:38:20.807,Idle,0.0,0.0,0
1795,8,2016-03-10 16:38:21.834,Idle,0.0,0.0,0
1796,8,2016-03-10 16:38:22.836,Idle,0.0,0.0,0
1797,8,2016-03-10 16:38:23.831,Idle,0.0,0.0,0
1798,8,2016-03-10 16:38:24.857,Idle,0.0,0.0,0
1799,8,2016-03-10 16:38:25.864,Idle,0.0,0.0,0
1800,8,2016-03-10 16:38:26.887,Idle,0.0,0.0,0
1801,8,2016-03-10 16:38:27.884,Idle,0.0,0.0,0
1802,8,2016-03-10 16:38:28.881,Idle,0.0,0.0,0
1803,8,2016-03-10 16:38:29.885,Idle,0.0,0.0,0
1804,8,2016-03-10 16:38:30.888,Idle,0.0,0.0,0
1805,8,2016-03-10 16:38:31.906,Idle,0.0,0.0,0
1806,8,2016-03-10 16:38:32.911,Idle,0.0,0.0,0
1807,8,2016-03-10 16:38:33.935,Idle,0.0,0.0,0
1808,8,2016-03-10 16:38:34.943,Idle,0.0,0.0,0
1809,8,2016-03-10 16:38:35.940,Idle,0.0,0.0,0
1810,8,2016-03-10 16:38:36.962,Idle,0.0,0.0,0
1811,8,2016-03-10 16:38:37.958,Idle,0.0,0.0,0
1812,8,2016-03-10 16:38:38.962,Idle,0.0,0.0,0
1813,8,2016-03-10 16:38:39.986,Idle,0.0,0.0,0
1814,8,2016-03-10 16:38:40.960,Idle,0.0,0.0,0
1815,8,2016-03-10 16:38:41.986,Idle,0.0,0.0,0
1816,8,2016-03-10 16:38:42.983,Idle,0.0,0.0,0
1817,8,2016-03-10 16:38:44.020,Idle,0.0,0.0,0
1818,8,2016-03-10 16:38:45.008,Idle,0.0,0.0,0
1819,8,2016-03-10 16:38:46.013,Idle,0.0,0.0,0
1820,8,2016-03-10 16:38:47.041,Idle,0.0,0.0,0
1821,8,2016-03-10 16:38:48.007,Idle,0.0,0.0,0
1822,8,2016-03-10 16:38:49.031,Idle,0.0,0.0,0
1823,8,2016-03-10 16:38:50.040,Idle,0.0,0.0,0
1824,8,2016-03-10 16:38:51.056,Idle,0.0,0.0,0
1825,8,2016-03-10 16:38:52.085,Idle,0.0,0.0,0
1826,8,2016-03-10 16:38:53.059,Idle,0.0,0.0,0
